PatientID,Age,agecatak,AgeCategory,Gender_of_Child,Religion,Childs_Education_Level,BMI_category,childtrib1,orphanhood,Socio_Economic_Status,Support_Program,Child_Takes_ART,Worst_HIV_Stage,Premature_Birth,Born_with_HIV,Stress,GroupCategory,cd4takeoff1,CD4_category,Viralload,Viralload_Category,Baseline_telomere_length,Telomere_length_12Months,tldiff,telomere_length_change,stin2vntr_,httlpr1_polymorphism,HTTLPRrs35531,rs35531_polymorphism,Rs10482605_polymorphism,Rs1360780_polymorphism,rs1386494_polymorphism,rs1843809_polymorphism,rs34517220_polymorphism,rs4570625_polymorphism,gadall,mddall,ptsdall,IMDs
CHAKA/01/01/0003,6.020534,09-Dec,Adolescent,Female,Muslim,Pre-primary,Underweight,Muganda,Both parents alive,high socioecnomic status,Yes,Yes,Stage 3,Was not a premature at birth,Yes,moderate stress,controls,230,Normal CD4 range,126898,Unsuppressed,1.251030955,,,,10-Oct,LL,LA/LG,A:G,G:A,C:T,G:A,T:G,A:A,G:G,0,0,0,0
CHAKA/01/02/0152,5.2429843,05-Aug,Children,Female,Catholic,Pre-primary,Underweight,Non-Munganda but Ugandan,,high socioecnomic status,No,Yes,Stage 2,Was not a premature at birth,Yes,severe stress,controls,1683,Advanced immune compromised,104,Suppressed,1.682923021,0.914862867,0.76806015,Decreased,12-Dec,LS,SA/LG,A:G,A:A,C:C,G:A,T:G,A:A,G:G,0,0,0,0
CHAKA/01/02/0155,8.4298429,05-Aug,Children,Male,Muslim,Pre-primary,Underweight,Muganda,Both parents alive,high socioecnomic status,No,Yes,Stage 3,Was not a premature at birth,Yes,severe stress,controls,635,Advanced immune compromised,73,Suppressed,0.019943151,,,,10-Dec,LS,LA/SA,A:A,A:A,C:C,G:G,T:G,G:G,G:G,0,1,0,1
CHAKA/01/02/0156,7.0362763,05-Aug,Children,Male,Catholic,Pre-primary,Underweight,Muganda,Both parents alive,high socioecnomic status,No,Yes,Stage 3,Was not a premature at birth,Yes,moderate stress,controls,1164,Advanced immune compromised,10,Suppressed,0.98579052,0.854122936,0.13166758,Decreased,12-Dec,LL,LA/LA,A:A,A:A,C:C,G:G,T:T,A:A,G:G,0,0,0,0
CHAKA/01/02/0157,7.7481179,05-Aug,Children,Female,Catholic,Pre-primary,Underweight,Muganda,Both parents alive,high socioecnomic status,No,Yes,Stage 3,Was not a premature at birth,Yes,moderate stress,controls,1472,Advanced immune compromised,0,Undetectable,1.227321023,1.376915173,-0.14959414,Increased,12-Dec,LS,LA/SA,A:A,A:A,C:T,G:G,T:G,G:A,T:T,0,1,0,1
CHAKA/01/02/0162,6.7542777,05-Aug,Children,Female,Catholic,Pre-primary,Underweight,Non-Munganda but Ugandan,,low socio-economic status,No,Yes,Stage 3,Was not a premature at birth,Yes,severe stress,controls,941,Advanced immune compromised,15605,Unsuppressed,1.388831245,0.630227271,0.75860399,Decreased,10-Dec,LL,LA/LA,A:A,A:A,C:T,G:A,T:G,A:A,G:G,0,0,1,1
CHAKA/01/02/0165,8.5037642,05-Aug,Children,Male,Catholic,Pre-primary,Underweight,Muganda,Single parent alive,high socioecnomic status,No,Yes,Stage 2,Was not a premature at birth,Yes,mild stress,controls,745,Advanced immune compromised,10,Suppressed,1.329941222,1.33274843,-0.002807208,Increased,10-Dec,LS,SA/LG,A:G,A:A,C:T,G:A,G:G,G:A,T:G,0,0,0,0
CHAKA/01/02/0171,7.1321015,13-17,Adolescent,Female,Catholic,Pre-primary,Underweight,Muganda,Both parents alive,high socioecnomic status,No,Yes,Stage 4,Was not a premature at birth,Yes,moderate stress,controls,1874,Advanced immune compromised,,,1.741269602,0.480822351,1.2604473,Decreased,,,,,,,,,,,0,0,0,0
CHAKA/01/02/0172,7.6687202,09-Dec,Adolescent,Female,Catholic,Pre-primary,Underweight,Muganda,Both parents alive,high socioecnomic status,No,Yes,Stage 2,Was not a premature at birth,Yes,severe stress,controls,3924,Advanced immune compromised,10,Suppressed,,1.741269602,,,,,,,,,,,,,0,0,0,0
CHAKA/01/02/0174,7.323751,05-Aug,Children,Male,Protestant,Pre-primary,Underweight,Non-Munganda but Ugandan,Both parents alive,high socioecnomic status,No,Yes,Stage 3,Was not a premature at birth,Yes,mild stress,controls,193,Normal CD4 range,44216,Unsuppressed,1.441053906,0.837295361,0.60375857,Decreased,12-Dec,LL,LA/LA,A:A,A:A,C:C,G:G,T:T,A:A,T:G,0,0,0,0
CHAKA/01/02/0176,10.302532,09-Dec,Adolescent,Male,Catholic,Pre-primary,Underweight,Muganda,Both parents alive,high socioecnomic status,No,Yes,Stage 2,Was not a premature at birth,Yes,moderate stress,controls,1495,Advanced immune compromised,10,Suppressed,1.420095484,0.731012263,0.68908322,Decreased,10-Dec,LL,LA/LA,A:A,A:A,C:C,G:G,G:G,G:G,T:G,0,0,0,0
CHAKA/01/02/0178,16,13-17,Adolescent,Female,Born Again,Secondary level,Normal weight,Non-Munganda but Ugandan,Both parents alive,low socio-economic status,No,Yes,Stage 3,Was not a premature at birth,Yes,severe stress,controls,1022,Advanced immune compromised,,,,0.999253848,,,,,,,,,,,,,0,0,1,1
CHAKA/01/02/0179,11.093771,09-Dec,Adolescent,Female,Muslim,Pre-primary,Underweight,Muganda,Single parent alive,high socioecnomic status,No,Yes,Stage 2,Was not a premature at birth,Yes,moderate stress,controls,855,Advanced immune compromised,0,Undetectable,1.719963668,0.808661255,0.91130239,Decreased,10-Oct,LL,LA/LA,A:A,A:A,C:C,G:G,T:G,G:A,G:G,0,0,0,0
CHAKA/01/02/0183,14,13-17,Adolescent,Female,Catholic,Secondary level,Normal weight,Muganda,Both parents dead,high socioecnomic status,No,Yes,Stage 3,Was not a premature at birth,Yes,moderate stress,controls,789,Advanced immune compromised,2827,Unsuppressed,1.459316395,0.883222684,0.57609373,Decreased,10-Oct,SS,SA/SA,A:A,A:A,T:T,G:G,T:G,G:G,T:G,0,0,0,0
CHAKA/01/02/0186,13,13-17,Adolescent,Female,Protestant,Pre-primary,Normal weight,Muganda,Single parent alive,high socioecnomic status,No,Yes,Stage 3,Was not a premature at birth,Yes,severe stress,controls,601,Advanced immune compromised,,,1.200902877,,,,10-Dec,LL,LA/LG,A:G,?,C:T,G:A,T:G,G:A,T:T,0,0,1,1
CHAKA/01/02/0196,7.4086242,05-Aug,Children,Female,Catholic,Pre-primary,Underweight,Muganda,Both parents alive,high socioecnomic status,No,Yes,Stage 3,Was not a premature at birth,Yes,mild stress,controls,593,Advanced immune compromised,336981,Unsuppressed,,0.882291039,,,12-Dec,SS,SA/SA,A:A,A:A,C:C,G:G,T:G,G:A,G:G,0,0,0,0
CHAKA/01/02/0197,9.1115675,13-17,Adolescent,Female,Catholic,Pre-primary,Underweight,Muganda,Both parents alive,high socioecnomic status,No,Yes,Stage 3,Was not a premature at birth,Yes,mild stress,controls,848,Advanced immune compromised,0,Undetectable,0.980561675,0.845569161,0.13499251,Decreased,12-Dec,LS,LA/SA,A:A,A:A,C:T,G:A,T:G,A:A,T:T,0,0,0,0
CHAKA/01/02/0198,14,13-17,Adolescent,Female,Protestant,Pre-primary,Normal weight,Muganda,Both parents alive,high socioecnomic status,No,Yes,Stage 4,Was not a premature at birth,Yes,severe stress,controls,335,Normal CD4 range,,,,1.115218253,,,10-Dec,LL,LA/LA,A:A,A:A,T:T,G:G,T:G,G:A,T:G,0,0,1,1
CHAKA/01/02/0211,10.47228,09-Dec,Adolescent,Female,Protestant,Pre-primary,Underweight,Non-Munganda but Ugandan,Single parent alive,high socioecnomic status,No,Yes,Stage 4,Was a premature at birth,Yes,moderate stress,controls,2856,Advanced immune compromised,20,Suppressed,1.268638318,,,,12-Dec,LL,LA/LA,A:A,A:A,T:T,G:A,T:G,A:A,G:G,0,0,0,0
CHAKA/01/02/0212,11.559206,09-Dec,Adolescent,Male,Born Again,Pre-primary,Underweight,Muganda,Both parents alive,low socio-economic status,No,Yes,Stage 2,Was not a premature at birth,Yes,mild stress,controls,908,Advanced immune compromised,0,Undetectable,1.321700357,,,,12-Dec,LS,LA/SA,A:A,A:A,C:T,G:G,T:G,G:A,T:G,0,1,0,1
CHAKA/01/02/0213,12,05-Aug,Children,Female,Catholic,Pre-primary,Underweight,Muganda,Single parent alive,high socioecnomic status,No,Yes,Stage 3,Was not a premature at birth,Yes,mild stress,controls,1046,Advanced immune compromised,,,1.081925726,,,,10-Dec,LS,LA/SA,A:A,A:A,T:T,G:G,T:T,A:A,G:G,0,0,1,1
CHAKA/01/02/0214,10.735113,13-17,Adolescent,Female,Catholic,Pre-primary,Underweight,Non-Munganda but Ugandan,Both parents alive,high socioecnomic status,No,Yes,Stage 3,Was not a premature at birth,Yes,mild stress,controls,836,Advanced immune compromised,10,Suppressed,1.254457595,,,,12-Dec,LL,LA/LA,A:A,A:A,C:C,G:G,T:T,G:A,T:G,0,0,0,0
CHAKA/01/02/0219,10.494182,09-Dec,Adolescent,Female,Protestant,Pre-primary,Underweight,Muganda,Single parent alive,high socioecnomic status,No,Yes,Stage 3,Was not a premature at birth,Yes,moderate stress,controls,150,Normal CD4 range,779675,Unsuppressed,,,,,,,,,,,,,,,0,0,0,0
CHAKA/01/02/0223,10.896646,09-Dec,Adolescent,Male,Catholic,Pre-primary,Underweight,Non-Munganda but Ugandan,Single parent alive,high socioecnomic status,No,Yes,Stage 3,Was not a premature at birth,Yes,moderate stress,controls,702,Advanced immune compromised,0,Undetectable,1.303673058,0.998377445,0.30529562,Decreased,12-Dec,LS,LA/SA,A:A,G:A,C:T,G:A,T:G,G:A,T:G,0,0,0,0
CHAKA/01/02/0224,9.5030804,09-Dec,Adolescent,Male,Protestant,Pre-primary,Underweight,Non-Munganda but Ugandan,Single parent alive,high socioecnomic status,No,Yes,Stage 3,Was not a premature at birth,Yes,mild stress,controls,476,Possibly immune compromised,10268,Unsuppressed,,,,,10-Dec,LL,LA/LG,A:G,A:A,C:T,G:G,T:G,G:A,T:G,0,0,0,0
CHAKA/01/02/0270,10.253251,05-Aug,Children,Female,Catholic,Pre-primary,Underweight,Muganda,Both parents alive,low socio-economic status,No,Yes,Stage 2,Was not a premature at birth,Yes,moderate stress,controls,563,Advanced immune compromised,31,Suppressed,,,,,,,,,,,,,,,0,0,0,0
CHAKA/01/02/0338,14,05-Aug,Children,Female,Muslim,Pre-primary,Underweight,Muganda,Both parents alive,high socioecnomic status,No,Yes,Stage 3,Was not a premature at birth,Yes,severe stress,controls,608,Advanced immune compromised,,,0.771251821,,,,12-Dec,LL,LA/LG,A:G,A:A,C:C,G:A,T:G,A:A,T:G,0,0,0,0
CHAKA/01/02/0350,14,09-Dec,Adolescent,Female,Muslim,Pre-primary,Normal weight,Non-Munganda but Ugandan,Single parent alive,low socio-economic status,No,Yes,Stage 3,Was not a premature at birth,Yes,moderate stress,controls,358,Possibly immune compromised,,,,,,,,,,,,,,,,,0,0,1,1
CHAKA/01/02/0352,15,09-Dec,Adolescent,Female,Muslim,Secondary level,Underweight,Muganda,Both parents alive,high socioecnomic status,No,Yes,Stage 2,Was not a premature at birth,Yes,severe stress,controls,392,Possibly immune compromised,1033,Unsuppressed,,,,,,LL,LA/LG,A:G,?,C:C,G:G,T:G,G:A,T:G,0,1,1,1
CHAKA/01/02/0353,10.015059,05-Aug,Children,Male,Catholic,Pre-primary,Underweight,Muganda,Single parent alive,high socioecnomic status,No,Yes,Stage 3,Was not a premature at birth,Yes,mild stress,controls,1033,Advanced immune compromised,0,Undetectable,0.91418161,1.832415906,-0.91823429,Increased,,LL,LA/LG,A:G,?,?,G:G,T:G,G:G,T:G,0,0,0,0
CHAKA/01/02/0354,7.0225873,05-Aug,Children,Male,Protestant,Pre-primary,Underweight,Non-Munganda but Ugandan,Both parents alive,high socioecnomic status,No,Yes,Stage 3,Was not a premature at birth,Yes,moderate stress,controls,1609,Advanced immune compromised,0,Undetectable,,,,,,,,,,,,,,,0,0,0,0
CHAKA/01/03/0303,13,05-Aug,Children,Male,Muslim,Pre-primary,Underweight,Muganda,Both parents dead,low socio-economic status,No,Yes,Stage 2,I don’t know,Yes,moderate stress,controls,244,Normal CD4 range,516,Suppressed,1.039247022,0.983685279,0.055561744,Decreased,10-Dec,LL,LA/LG,A:G,G:A,C:C,G:A,T:G,G:A,T:T,0,0,0,0
CHAKA/01/03/0306,5.3442845,05-Aug,Children,Male,Catholic,Pre-primary,Underweight,Non-Munganda but Ugandan,Both parents alive,high socioecnomic status,No,Yes,Stage 2,Was not a premature at birth,Yes,mild stress,controls,753,Advanced immune compromised,10,Suppressed,1.18431249,0.727389474,0.45692301,Decreased,12-Dec,LL,LA/LG,A:G,A:A,C:C,G:G,T:T,A:A,G:G,0,0,0,0
CHAKA/01/03/0310,11.342916,09-Dec,Adolescent,Female,Protestant,Pre-primary,Underweight,Non-Munganda but Ugandan,Both parents alive,high socioecnomic status,No,Yes,Stage 2,Was not a premature at birth,Yes,severe stress,controls,432,Possibly immune compromised,0,Undetectable,1.349022151,1.025237044,0.3237851,Decreased,10-Dec,LS,LA/SA,A:A,A:A,C:C,G:G,T:T,G:A,T:G,0,0,0,0
CHAKA/01/03/0317,14,05-Aug,Children,Male,Born Again,Secondary level,Underweight,Non-Munganda but Ugandan,Single parent alive,high socioecnomic status,No,Yes,Stage 2,Was not a premature at birth,Yes,moderate stress,controls,84,Normal CD4 range,62272,Unsuppressed,0.91332543,0.554227276,0.35909817,Decreased,12-Dec,LL,LA/LA,A:A,A:A,C:T,G:G,T:T,G:A,T:T,0,0,1,1
CHAKA/01/03/0318,8.6351814,09-Dec,Adolescent,Male,Born Again,Pre-primary,Underweight,Muganda,Single parent alive,low socio-economic status,No,Yes,Stage 3,Was not a premature at birth,No,moderate stress,controls,408,Possibly immune compromised,161446,Unsuppressed,1.325764372,0.903892202,0.42187217,Decreased,12-Dec,LL,LA/LA,A:A,A:A,T:T,G:G,G:G,G:G,,0,0,1,1
CHAKA/01/03/0320,7.6495552,05-Aug,Children,Male,Catholic,No formal education,Underweight,Non-Munganda but Ugandan,Both parents alive,low socio-economic status,No,Yes,Stage 3,Was not a premature at birth,Yes,mild stress,controls,1205,Advanced immune compromised,20,Suppressed,0.999459566,,,,12-Dec,LL,LA/LA,A:A,A:A,T:T,G:G,T:T,A:A,T:T,0,0,0,0
CHAKA/01/03/0325,9.3524981,13-17,Adolescent,Male,Protestant,Pre-primary,Underweight,Non-Munganda but Ugandan,Both parents alive,low socio-economic status,No,Yes,Stage 2,Was not a premature at birth,Yes,moderate stress,controls,1121,Advanced immune compromised,10,Suppressed,,0.707265276,,,12-Dec,LS,LA/SA,A:A,A:A,C:T,G:G,T:G,G:G,G:G,0,0,0,0
CHAKA/01/04/0531,8.1889114,09-Dec,Adolescent,Female,Catholic,Pre-primary,Underweight,Muganda,Both parents alive,high socioecnomic status,No,Yes,Stage 1,Was not a premature at birth,Yes,moderate stress,controls,,,,,,,,,,,,,,,,,,,0,0,0,0
CHAKA/01/04/0532,9.0294323,09-Dec,Adolescent,Female,Born Again,Pre-primary,Underweight,Non-Munganda but Ugandan,Single parent alive,low socio-economic status,No,Yes,Stage 1,Was not a premature at birth,Yes,severe stress,controls,1500,Advanced immune compromised,31,Suppressed,0.906184916,1.765027384,-0.85884249,Increased,12-Dec,LS,LA/SA,A:A,A:A,C:C,G:G,T:T,G:A,T:T,0,0,0,0
CHAKA/01/04/0542,14,09-Dec,Adolescent,Female,Protestant,Secondary level,Overweight,Muganda,Single parent alive,low socio-economic status,No,Yes,Stage 1,Was not a premature at birth,Yes,mild stress,controls,437,Possibly immune compromised,1708,Unsuppressed,,,,,,,,,,,,,,,0,1,0,1
CHAKA/01/04/0547,12,09-Dec,Adolescent,Female,Catholic,Pre-primary,Normal weight,Muganda,Both parents alive,high socioecnomic status,No,Yes,Stage 1,Was not a premature at birth,Yes,severe stress,controls,794,Advanced immune compromised,248,Suppressed,,0.836194958,,,12-Dec,LL,LA/LA,A:A,G:A,C:T,G:A,T:G,A:A,G:G,0,0,0,0
CHAKA/01/04/0552,7.3264885,05-Aug,Children,Male,Catholic,Pre-primary,Underweight,Muganda,Both parents alive,low socio-economic status,No,Yes,Stage 1,Was not a premature at birth,Yes,severe stress,controls,1365,Advanced immune compromised,10,Suppressed,,,,,10-Dec,SS,SA/SA,A:A,?,C:C,G:G,T:T,A:A,T:G,0,0,0,0
CHAKA/01/04/0560,13,13-17,Adolescent,Female,Catholic,Pre-primary,Underweight,Muganda,Both parents alive,low socio-economic status,No,Yes,Stage 1,Was not a premature at birth,Yes,moderate stress,controls,976,Advanced immune compromised,6281,Unsuppressed,1.393004222,,,,12-Dec,LL,LA/LA,A:A,A:A,T:T,G:A,T:G,G:A,G:G,0,0,1,1
CHAKA/01/04/0568,15,13-17,Adolescent,Female,Born Again,Secondary level,Normal weight,Non-Munganda but Ugandan,Both parents dead,low socio-economic status,No,Yes,Stage 1,Was not a premature at birth,Yes,severe stress,controls,623,Advanced immune compromised,,,,0.866178148,,,10-Oct,LS,SA/LG,A:G,G:G,T:T,G:G,T:G,G:G,G:G,1,0,1,1
CHAKA/01/04/0571,12,09-Dec,Adolescent,Female,Protestant,Pre-primary,Underweight,Muganda,Single parent alive,high socioecnomic status,No,No,Stage 1,Was not a premature at birth,Yes,moderate stress,controls,1042,Advanced immune compromised,0,Undetectable,0.702600787,,,,10-Dec,LS,LA/SA,A:A,A:A,C:T,G:A,T:G,A:A,,0,0,1,1
CHAKA/01/04/0572,10.368241,09-Dec,Adolescent,Male,Protestant,Pre-primary,Underweight,Non-Munganda but Ugandan,Single parent alive,high socioecnomic status,No,Yes,Stage 1,Was not a premature at birth,Yes,mild stress,controls,1023,Advanced immune compromised,31,Suppressed,1.442817018,0.777507899,0.66530913,Decreased,10-Dec,LS,SA/LG,A:G,A:A,C:C,G:A,T:G,G:G,,0,0,0,0
CHAKA/01/04/0576,11.189596,05-Aug,Children,Male,Catholic,Pre-primary,Underweight,Muganda,Both parents alive,high socioecnomic status,No,Yes,Stage 1,Was not a premature at birth,Yes,severe stress,controls,953,Advanced immune compromised,0,Undetectable,0.966233938,,,,10-Dec,LL,LA/LG,A:G,A:A,C:T,G:G,T:T,A:A,G:G,0,0,1,1
CHAKA/01/04/0582,12,13-17,Adolescent,Male,Protestant,Pre-primary,Underweight,Muganda,Both parents alive,high socioecnomic status,No,Yes,Stage 2,Was not a premature at birth,Yes,severe stress,controls,792,Advanced immune compromised,0,Undetectable,1.334058348,0.997698867,0.33635947,Decreased,10-Dec,LL,LA/LA,A:A,G:A,?,G:G,T:G,G:A,T:T,0,0,1,1
CHAKA/01/04/0583,17,13-17,Adolescent,Male,Born Again,Secondary level,Normal weight,Non-Munganda but Ugandan,Single parent alive,high socioecnomic status,No,Yes,Stage 1,Was not a premature at birth,Yes,mild stress,controls,436,Possibly immune compromised,0,Undetectable,1.346765576,0.651729236,0.69503635,Decreased,10-Oct,LS,LA/SA,A:A,A:A,C:C,G:G,T:T,A:A,T:G,0,0,1,1
CHAKA/01/04/0584,11,05-Aug,Children,Male,Muslim,Pre-primary,Underweight,Muganda,Both parents alive,low socio-economic status,No,Yes,Stage 2,Was not a premature at birth,Yes,severe stress,controls,460,Possibly immune compromised,239544,Unsuppressed,1.278803842,,,,10-Oct,LS,LA/SA,A:A,G:A,C:T,G:A,T:G,G:A,T:T,1,0,0,1
CHAKA/01/04/0589,6.6091719,13-17,Adolescent,Female,Protestant,Pre-primary,Underweight,Non-Munganda but Ugandan,Both parents alive,high socioecnomic status,No,Yes,Stage 1,Was not a premature at birth,Yes,mild stress,controls,1181,Advanced immune compromised,0,Undetectable,1.092628558,0.611249666,0.48137888,Decreased,12-Dec,LL,LA/LA,A:A,A:A,C:C,G:G,T:G,G:G,T:G,0,0,0,0
CHAKA/01/04/0595,,05-Aug,Children,Male,Muslim,Pre-primary,Underweight,Muganda,Single parent alive,high socioecnomic status,No,Yes,Stage 2,Was not a premature at birth,Yes,mild stress,controls,532,Advanced immune compromised,0,Undetectable,0.564220014,,,,12-Dec,LS,LA/SA,A:A,A:A,C:T,G:G,T:T,G:A,T:T,0,0,0,0
CHAKA/01/04/0597,7.7453799,05-Aug,Children,Male,Catholic,Pre-primary,Underweight,Non-Munganda but Ugandan,Both parents alive,high socioecnomic status,No,Yes,Stage 2,Was not a premature at birth,Yes,severe stress,controls,1061,Advanced immune compromised,290217,Unsuppressed,,,,,,,,,,,,,,,1,0,1,1
CHAKA/01/04/0599,12,09-Dec,Adolescent,Female,Born Again,Pre-primary,Normal weight,Non-Munganda but Ugandan,Both parents alive,high socioecnomic status,No,Yes,Stage 1,Was not a premature at birth,Yes,moderate stress,controls,583,Advanced immune compromised,,,0.982473745,1.18225002,-0.19977628,Increased,10-Dec,LL,LA/LG,A:G,G:A,C:C,G:A,T:G,G:A,T:G,0,0,1,1
CHAKA/01/04/0600,7.4551678,05-Aug,Children,Male,Catholic,Pre-primary,Underweight,Muganda,Both parents alive,high socioecnomic status,No,Yes,Stage 2,Was not a premature at birth,Yes,mild stress,controls,256,Normal CD4 range,847993,Unsuppressed,1.095531495,,,,12-Dec,LS,LA/SA,A:A,A:A,C:T,G:G,T:T,A:A,T:G,0,0,0,0
CHAKA/01/09/0357,10.546202,09-Dec,Adolescent,Male,Muslim,Pre-primary,Underweight,Non-Munganda but Ugandan,Single parent alive,high socioecnomic status,No,Yes,Stage 1,Was not a premature at birth,Yes,moderate stress,controls,1371,Advanced immune compromised,0,Undetectable,0.978723035,,,,10-Dec,LL,LA/LA,A:A,A:A,T:T,G:A,T:G,A:A,G:G,0,0,0,0
CHAKA/01/09/0605,7.1321015,05-Aug,Children,Male,Protestant,Pre-primary,Normal weight,Non-Munganda but Ugandan,Both parents alive,low socio-economic status,No,Yes,Stage 2,Was not a premature at birth,Yes,severe stress,controls,780,Advanced immune compromised,10,Suppressed,,,,,12-Dec,LL,LA/LG,A:G,A:A,C:T,G:G,T:T,G:G,T:T,0,0,0,0
CHAKA/01/09/0608,11.520876,09-Dec,Adolescent,Male,Protestant,Secondary level,Normal weight,Non-Munganda but Ugandan,Single parent alive,high socioecnomic status,No,Yes,Stage 2,Was not a premature at birth,Yes,mild stress,controls,926,Advanced immune compromised,10,Suppressed,,0.556075803,,,10-Dec,LL,LA/LA,A:A,A:A,C:T,G:A,T:G,A:A,T:G,0,0,0,0
CHAKA/01/09/0622,11.616701,13-17,Adolescent,Female,Catholic,Pre-primary,Underweight,Muganda,Both parents dead,low socio-economic status,No,Yes,Stage 1,Was not a premature at birth,Yes,moderate stress,controls,984,Advanced immune compromised,25,Suppressed,1.29488955,0.642545913,0.65234363,Decreased,12-Dec,LL,LA/LA,A:A,A:A,C:T,G:G,T:G,G:A,T:T,0,0,0,0
CHAKA/01/09/0626,5.0047913,09-Dec,Adolescent,Female,Catholic,Pre-primary,Underweight,Muganda,Both parents alive,low socio-economic status,No,Yes,Stage 1,Was not a premature at birth,Yes,moderate stress,controls,1445,Advanced immune compromised,10,Suppressed,0.715079317,0.886372045,-0.17129272,Increased,12-Dec,LS,LA/SA,A:A,A:A,C:T,G:A,G:G,G:A,G:G,0,0,0,0
CHAKA/01/09/0634,9.6536617,13-17,Adolescent,Female,Catholic,Pre-primary,Underweight,Muganda,Both parents alive,low socio-economic status,No,Yes,Stage 1,Was not a premature at birth,Yes,severe stress,controls,811,Advanced immune compromised,24513,Unsuppressed,0.953019827,0.6661417,0.28687814,Decreased,12-Dec,LL,LA/LA,A:A,A:A,C:T,G:A,G:G,G:G,G:G,0,0,0,0
CHAKA/01/09/0641,14,13-17,Adolescent,Male,Protestant,Secondary level,Normal weight,Muganda,Both parents alive,high socioecnomic status,No,Yes,Stage 2,Was not a premature at birth,Yes,mild stress,controls,449,Possibly immune compromised,,,1.360843491,0.96607564,0.39476785,Decreased,10-Oct,LL,LA/LG,A:G,A:A,C:C,A:A,G:G,A:A,G:G,0,0,0,0
CHAKA/01/09/0642,15,13-17,Adolescent,Female,Protestant,Secondary level,Normal weight,Non-Munganda but Ugandan,Both parents dead,high socioecnomic status,No,Yes,Stage 3,Was not a premature at birth,Yes,mild stress,controls,600,Advanced immune compromised,,,0.811149413,0.968124571,-0.15697517,Increased,12-Dec,LS,LA/SA,A:A,A:A,C:T,G:G,T:T,G:G,T:G,0,0,0,0
CHAKA/01/09/0643,15,09-Dec,Adolescent,Male,SDA,Pre-primary,Underweight,Non-Munganda but Ugandan,Single parent alive,low socio-economic status,Yes,Yes,Stage 2,Was not a premature at birth,Yes,moderate stress,controls,454,Possibly immune compromised,,,,1.069920837,,,,,,,,,,,,,0,0,0,0
CHAKA/01/09/0646,14,13-17,Adolescent,Male,Protestant,Pre-primary,Underweight,Muganda,Both parents alive,high socioecnomic status,No,Yes,Stage 2,I don’t know,Yes,mild stress,controls,418,Possibly immune compromised,,,0.109420734,,,,12-Dec,LL,LA/LA,A:A,A:A,C:C,G:A,G:G,G:A,T:G,0,0,0,0
CHAKA/01/09/0650,8.873374,13-17,Adolescent,Male,Muslim,Pre-primary,Normal weight,Muganda,Both parents alive,low socio-economic status,No,No,Stage 2,Was not a premature at birth,Yes,severe stress,controls,1112,Advanced immune compromised,0,Undetectable,0.678796639,0.57928137,0.099515267,Decreased,12-Dec,LL,LA/LG,A:G,A:A,C:T,G:G,T:G,G:A,T:G,0,0,0,0
CHAKA/01/09/0652,12,09-Dec,Adolescent,Male,Born Again,Secondary level,Underweight,Non-Munganda but Ugandan,Single parent alive,high socioecnomic status,No,Yes,Stage 2,Was not a premature at birth,No,moderate stress,controls,669,Advanced immune compromised,,,0.786637228,0.860412099,-0.073774874,Increased,10-Dec,LL,LA/LG,A:G,G:A,C:C,G:G,T:T,G:A,T:G,0,0,0,0
CHAKA/01/09/0655,14,05-Aug,Children,Female,Muslim,Pre-primary,Normal weight,Non-Munganda but Ugandan,Single parent alive,low socio-economic status,Yes,Yes,Stage 2,Was not a premature at birth,Yes,severe stress,controls,919,Advanced immune compromised,,,0.636911279,0.507826196,0.12908508,Decreased,10-Dec,LL,LA/LA,A:A,A:A,C:T,G:G,T:T,G:A,T:G,0,0,1,1
CHAKA/01/09/0665,10.083505,13-17,Adolescent,Female,Catholic,Pre-primary,Underweight,Muganda,Both parents alive,low socio-economic status,No,Yes,Stage 1,Was not a premature at birth,Yes,moderate stress,controls,1507,Advanced immune compromised,298,Suppressed,,,,,,,,,,,,,,,0,0,0,0
CHAKA/01/09/0666,7.8767967,05-Aug,Children,Male,SDA,Pre-primary,Underweight,Muganda,Single parent alive,high socioecnomic status,No,Yes,Stage 2,Was not a premature at birth,Yes,mild stress,controls,1498,Advanced immune compromised,10,Suppressed,,,,,,,,,,,,,,,0,0,0,0
CHAKA/01/09/0667,10,09-Dec,Adolescent,Female,Protestant,Pre-primary,Underweight,Muganda,Both parents alive,high socioecnomic status,No,Yes,Stage 1,Was not a premature at birth,Yes,moderate stress,controls,847,Advanced immune compromised,10,Suppressed,,,,,,,,,,,,,,,0,0,0,0
CHAKA/02/01/0014,15.449692,13-17,Adolescent,Male,Muslim,Secondary level,Underweight,Muganda,Both parents alive,high socioecnomic status,No,Yes,Stage 3,Was not a premature at birth,Yes,severe stress,controls,447,Possibly immune compromised,,,0.910315693,0.937346587,-0.027030895,Increased,10-Dec,LL,LA/LA,A:A,A:A,T:T,G:G,T:T,G:A,G:G,0,0,0,0
CHAKA/02/01/0016,8.9993153,05-Aug,Children,Male,Born Again,Pre-primary,Underweight,Non-Munganda but Ugandan,Both parents alive,high socioecnomic status,Yes,Yes,Stage 1,Was not a premature at birth,Yes,moderate stress,controls,872,Advanced immune compromised,0,Undetectable,1.859982021,0.864697027,0.99528497,Decreased,12-Dec,LL,LA/LA,A:A,A:A,C:T,G:A,T:G,A:A,T:T,0,0,0,0
CHAKA/02/01/0017,9.6125937,09-Dec,Adolescent,Male,Catholic,Pre-primary,Normal weight,Non-Munganda but Ugandan,Both parents alive,low socio-economic status,No,Yes,Stage 3,Was not a premature at birth,Yes,mild stress,controls,1103,Advanced immune compromised,0,Undetectable,1.1462229,2.189876735,-1.0436538,Increased,12-Dec,LL,LA/LA,A:A,?,C:C,G:G,T:G,G:G,T:T,0,0,0,0
CHAKA/02/01/0023,5.0075293,09-Dec,Adolescent,Female,Catholic,Pre-primary,Underweight,Muganda,Single parent alive,low socio-economic status,No,Yes,Stage 2,Was not a premature at birth,Yes,mild stress,controls,2267,Advanced immune compromised,0,Undetectable,1.009672306,0.950565655,0.059106652,Decreased,12-Dec,LL,LA/LG,A:G,A:A,T:T,A:A,G:G,A:A,T:T,0,0,0,0
CHAKA/02/01/0028,12.539356,13-17,Adolescent,Female,Protestant,Pre-primary,Underweight,Muganda,Single parent alive,high socioecnomic status,No,Yes,Stage 3,Was not a premature at birth,Yes,moderate stress,controls,891,Advanced immune compromised,,,0.941208959,0.769147522,0.17206144,Decreased,10-Dec,LS,LA/SA,A:A,A:A,C:C,G:G,T:G,G:G,T:T,0,1,0,1
CHAKA/02/01/0029,16.780287,13-17,Adolescent,Female,Catholic,Pre-primary,Normal weight,Non-Munganda but Ugandan,Single parent alive,high socioecnomic status,No,Yes,Stage 3,Was not a premature at birth,Yes,severe stress,controls,358,Possibly immune compromised,,,1.017269846,0.823324128,0.19394572,Decreased,12-Dec,LL,LA/LA,A:A,A:A,C:T,G:A,G:G,G:G,T:G,1,0,0,1
CHAKA/02/01/0030,13.716633,13-17,Adolescent,Female,Muslim,Pre-primary,Underweight,Muganda,Single parent alive,low socio-economic status,No,Yes,Stage 3,Was not a premature at birth,Yes,mild stress,controls,483,Possibly immune compromised,,,1.449561918,1.486756749,-0.037194829,Increased,12-Dec,LL,LA/LA,A:A,A:A,C:T,G:A,G:G,G:A,T:T,0,0,1,1
CHAKA/02/01/0034,14,13-17,Adolescent,Male,Catholic,Pre-primary,Underweight,Non-Munganda but Ugandan,Single parent alive,high socioecnomic status,No,Yes,Stage 4,Was not a premature at birth,Yes,moderate stress,controls,364,Possibly immune compromised,,,1.345652578,,,,10-Oct,LL,LA/LA,A:A,A:A,C:C,G:G,T:T,G:A,G:G,0,1,1,1
CHAKA/02/01/0037,13.188228,13-17,Adolescent,Female,Catholic,Pre-primary,Underweight,Muganda,Both parents dead,low socio-economic status,No,Yes,Stage 2,I don’t know,Yes,mild stress,controls,939,Advanced immune compromised,,,1.236600835,,,,12-Dec,SS,SA/SA,A:A,G:A,T:T,G:G,T:G,G:A,T:G,0,0,0,0
CHAKA/02/01/0040,6.0944557,13-17,Adolescent,Female,Catholic,Pre-primary,Underweight,Muganda,Both parents alive,high socioecnomic status,Yes,Yes,Stage 2,Was a premature at birth,Yes,severe stress,controls,1987,Advanced immune compromised,103,Suppressed,1.043362444,0.957298844,0.086063601,Decreased,12-Dec,LL,LA/LG,A:G,A:A,C:C,G:G,T:T,G:A,T:G,0,0,0,0
CHAKA/02/01/0041,7.5154004,09-Dec,Adolescent,Female,Born Again,Pre-primary,Underweight,Non-Munganda but Ugandan,Single parent alive,low socio-economic status,No,Yes,Stage 2,Was not a premature at birth,Yes,moderate stress,controls,2697,Advanced immune compromised,2697,Unsuppressed,0.991363217,,,,12-Dec,LL,LA/LA,A:A,A:A,C:C,G:G,T:T,A:A,G:G,0,0,0,0
CHAKA/02/01/0044,11.920603,09-Dec,Adolescent,Female,Muslim,Pre-primary,Underweight,Muganda,Both parents alive,low socio-economic status,No,Yes,Stage 2,Was not a premature at birth,Yes,mild stress,controls,492,Possibly immune compromised,0,Undetectable,0.781496126,0.751887619,0.029608507,Decreased,10-Dec,LS,SA/LG,A:G,G:A,C:T,G:G,T:T,A:A,T:T,0,0,0,0
CHAKA/02/01/0047,14,13-17,Adolescent,Female,Protestant,Pre-primary,Normal weight,Non-Munganda but Ugandan,Single parent alive,high socioecnomic status,No,Yes,Stage 3,Was not a premature at birth,Yes,mild stress,controls,551,Advanced immune compromised,,,0.463924639,0.75373406,-0.28980944,Increased,12-Dec,LS,LA/SA,A:A,A:A,C:C,G:A,T:G,A:A,G:G,0,0,1,1
CHAKA/02/01/0052,5.8562627,05-Aug,Children,Female,Muslim,Pre-primary,Underweight,Non-Munganda but Ugandan,Both parents alive,low socio-economic status,No,Yes,Stage 2,Was a premature at birth,Yes,moderate stress,controls,2556,Advanced immune compromised,0,Undetectable,0.720710584,0.816059826,-0.095349245,Increased,10-Oct,LL,LA/LG,A:G,G:A,C:T,G:G,T:G,G:G,T:T,0,0,0,0
CHAKA/02/01/0054,11.195072,09-Dec,Adolescent,Male,Born Again,Pre-primary,Underweight,Non-Munganda but Ugandan,Single parent alive,high socioecnomic status,No,Yes,Stage 1,Was not a premature at birth,Yes,severe stress,controls,1328,Advanced immune compromised,10,Suppressed,0.617718807,0.711683386,-0.093964577,Increased,12-Dec,LL,LA/LA,A:A,A:A,C:T,G:A,G:G,G:A,T:G,0,0,0,0
CHAKA/02/01/0056,7.2032852,05-Aug,Children,Female,Protestant,Pre-primary,Underweight,Non-Munganda but Ugandan,Both parents alive,low socio-economic status,No,Yes,Stage 2,Was not a premature at birth,Yes,moderate stress,controls,691,Advanced immune compromised,10,Suppressed,0.142510589,0.739879863,-0.59736925,Increased,10-Dec,LL,LA/LA,A:A,A:A,C:C,G:A,T:G,G:A,T:G,0,0,0,0
CHAKA/02/01/0059,11.575633,09-Dec,Adolescent,Female,Protestant,Pre-primary,Underweight,Muganda,Both parents alive,high socioecnomic status,No,Yes,Stage 2,Was not a premature at birth,Yes,severe stress,controls,1038,Advanced immune compromised,10,Suppressed,1.003651125,,,,10-Dec,LS,LA/SA,A:A,G:A,C:T,G:G,T:G,G:A,T:G,0,0,0,0
CHAKA/02/01/0068,7.2963724,05-Aug,Children,Male,Protestant,Pre-primary,Underweight,Non-Munganda but Ugandan,Both parents alive,low socio-economic status,No,Yes,Stage 3,Was not a premature at birth,Yes,mild stress,controls,1834,Advanced immune compromised,0,Undetectable,0.577137464,,,,,LL,LA/LG,A:G,A:A,C:T,G:G,T:T,G:G,T:T,0,0,0,0
CHAKA/02/01/0069,12.364134,13-17,Adolescent,Male,Protestant,Pre-primary,Underweight,Muganda,Both parents alive,high socioecnomic status,No,Yes,Stage 2,Was not a premature at birth,Yes,severe stress,controls,1039,Advanced immune compromised,10,Suppressed,1.211333519,0.776286377,0.43504715,Decreased,,LS,LA/SA,A:A,A:A,C:C,G:A,T:G,A:A,T:G,0,0,0,0
CHAKA/02/01/0070,6.5434632,05-Aug,Children,Male,Catholic,Pre-primary,Underweight,Muganda,Both parents alive,high socioecnomic status,No,Yes,Stage 4,Was not a premature at birth,Yes,moderate stress,controls,726,Advanced immune compromised,30,Suppressed,1.095144163,0.737866073,0.35727808,Decreased,12-Dec,LL,LA/LA,A:A,G:A,C:T,G:G,T:T,G:A,T:T,0,0,0,0
CHAKA/02/01/0072,9.0568104,13-17,Adolescent,Male,Protestant,Pre-primary,Underweight,Muganda,Both parents alive,high socioecnomic status,Yes,Yes,Stage 2,Was not a premature at birth,Yes,moderate stress,controls,1113,Advanced immune compromised,0,Undetectable,,,,,,,,,,,,,,,0,0,1,1
CHAKA/02/01/0077,12.123203,13-17,Adolescent,Female,Muslim,Pre-primary,Obesity,Muganda,Both parents alive,high socioecnomic status,No,No,Stage 2,Was not a premature at birth,I don’t know,severe stress,controls,1057,Advanced immune compromised,2639,Unsuppressed,0.915805978,0.77347694,0.14232904,Decreased,10-Dec,LS,LA/SA,A:A,A:A,C:C,G:A,T:G,A:A,T:T,0,0,1,1
CHAKA/02/01/0080,6.7734427,13-17,Adolescent,Male,Muslim,Pre-primary,Underweight,Muganda,Single parent alive,low socio-economic status,No,Yes,Stage 3,Was not a premature at birth,Yes,severe stress,controls,766,Advanced immune compromised,51,Suppressed,,,,,,,,,,,,,,,0,0,0,0
CHAKA/02/01/0081,11.674195,09-Dec,Adolescent,Female,Muslim,Pre-primary,Underweight,Muganda,Both parents alive,high socioecnomic status,No,Yes,Stage 3,Was a premature at birth,No,moderate stress,controls,824,Advanced immune compromised,10,Suppressed,,,,,,,,,,,,,,,0,0,0,0
CHAKA/02/01/0082,8.443532,09-Dec,Adolescent,Male,Protestant,Pre-primary,,Non-Ugandan,Both parents alive,high socioecnomic status,No,Yes,Stage 3,I don’t know,Yes,moderate stress,controls,863,Advanced immune compromised,0,Undetectable,,1.022674113,,,,,,,,,,,,,0,0,0,0
CHAKA/02/01/0086,14.655715,09-Dec,Adolescent,Male,Catholic,Pre-primary,Underweight,Non-Munganda but Ugandan,Both parents dead,high socioecnomic status,No,Yes,Stage 2,Was not a premature at birth,Yes,moderate stress,controls,510,Advanced immune compromised,1893,Unsuppressed,1.380544248,1.378091384,0.002452864,Decreased,12-Dec,LL,LA/LA,A:A,G:A,C:T,G:G,T:T,A:A,T:G,0,0,0,0
CHAKA/02/01/0089,9.319644,09-Dec,Adolescent,Female,Catholic,Pre-primary,Underweight,Muganda,Both parents alive,low socio-economic status,No,No,Stage 2,Was not a premature at birth,Yes,moderate stress,controls,1231,Advanced immune compromised,9593,Unsuppressed,1.426889709,0.800829778,0.62605995,Decreased,10-Oct,LL,LA/LG,A:G,?,T:T,G:G,T:T,G:A,G:G,0,0,0,0
CHAKA/02/01/0090,8.3066397,05-Aug,Children,Male,Catholic,Pre-primary,Underweight,Muganda,Both parents alive,low socio-economic status,No,No,Stage 3,Was not a premature at birth,Yes,mild stress,controls,1162,Advanced immune compromised,2792,Unsuppressed,1.277604155,,,,10-Dec,LS,SA/LG,A:G,A:A,T:T,G:G,T:T,G:A,T:G,0,0,0,0
CHAKA/02/01/0091,13.295004,13-17,Adolescent,Male,Catholic,No formal education,Underweight,Muganda,Both parents alive,low socio-economic status,No,Yes,Stage 2,Was not a premature at birth,Yes,mild stress,controls,464,Possibly immune compromised,8594,Unsuppressed,1.266168102,0.370883328,0.89528477,Decreased,12-Dec,LS,LA/SA,A:A,A:A,C:T,G:G,T:T,G:A,T:T,0,0,0,0
CHAKA/02/01/0093,10.444901,13-17,Adolescent,Female,Catholic,Pre-primary,Underweight,Non-Munganda but Ugandan,Single parent alive,high socioecnomic status,No,No,Stage 2,Was a premature at birth,Yes,severe stress,controls,445,Possibly immune compromised,23503,Unsuppressed,1.149190566,0.873062453,0.27612811,Decreased,10-Dec,LL,LG/LG,G:G,A:A,T:T,G:G,T:G,G:A,T:G,0,0,0,0
CHAKA/02/01/0096,8.9199181,13-17,Adolescent,Female,Protestant,Pre-primary,Underweight,Non-Munganda but Ugandan,,low socio-economic status,No,No,Stage 1,I don’t know,I don’t know,mild stress,controls,670,Advanced immune compromised,23941,Unsuppressed,0.757040642,0.44382459,0.31321606,Decreased,10-Oct,SS,SA/SA,A:A,A:A,C:T,G:A,G:G,G:A,T:G,0,0,0,0
CHAKA/02/01/0097,12.793977,09-Dec,Adolescent,Female,Catholic,Pre-primary,Underweight,Muganda,Both parents alive,high socioecnomic status,No,No,Stage 2,Was not a premature at birth,No,severe stress,controls,569,Advanced immune compromised,6025,Unsuppressed,,,,,10-Dec,LL,LA/LA,A:A,?,C:T,G:G,T:T,G:G,T:G,0,0,0,0
CHAKA/02/01/0101,8.9336071,05-Aug,Children,Male,Muslim,Pre-primary,Underweight,Muganda,Both parents alive,high socioecnomic status,No,Yes,Stage 3,Was not a premature at birth,Yes,mild stress,controls,599,Advanced immune compromised,26,Suppressed,1.530304299,0.334023228,1.1962811,Decreased,10-Dec,LL,LA/LG,A:G,G:A,T:T,G:A,T:G,G:A,G:G,0,0,0,0
CHAKA/02/01/0106,15.920603,05-Aug,Children,Female,Muslim,Pre-primary,Normal weight,Non-Munganda but Ugandan,Single parent alive,low socio-economic status,Yes,Yes,Stage 2,Was not a premature at birth,Yes,mild stress,controls,415,Possibly immune compromised,10,Suppressed,0.988043118,0.842974705,0.14506841,Decreased,10-Dec,LS,LA/SA,A:A,A:A,C:T,G:A,T:G,A:A,T:T,0,0,0,0
CHAKA/02/01/0107,9.774127,09-Dec,Adolescent,Female,Catholic,Pre-primary,Underweight,Muganda,Both parents alive,low socio-economic status,No,Yes,Stage 3,Was not a premature at birth,Yes,mild stress,controls,1209,Advanced immune compromised,0,Undetectable,1.411551387,0.975856043,0.43569535,Decreased,12-Dec,LL,LA/LA,A:A,A:A,C:T,G:A,G:G,G:A,T:G,0,0,0,0
CHAKA/02/01/0109,7.5017114,05-Aug,Children,Female,Born Again,Pre-primary,Underweight,Non-Munganda but Ugandan,Single parent alive,low socio-economic status,No,Yes,Stage 2,Was not a premature at birth,Yes,mild stress,controls,1728,Advanced immune compromised,602,Suppressed,1.755904669,0.909651464,0.84625322,Decreased,10-Dec,LS,SA/LG,A:G,A:A,C:C,G:G,T:T,G:A,G:G,0,0,0,0
CHAKA/02/01/0114,6.5544147,05-Aug,Children,Female,SDA,Pre-primary,Underweight,Non-Munganda but Ugandan,Single parent alive,high socioecnomic status,No,No,Stage 2,Was not a premature at birth,Yes,mild stress,controls,893,Advanced immune compromised,30758,Unsuppressed,0.719107919,0.751898212,-0.032790292,Increased,12-Dec,LL,LA/LA,A:A,A:A,C:C,G:G,G:G,G:G,T:G,0,0,0,0
CHAKA/02/01/0122,9.5797396,13-17,Adolescent,Male,Protestant,Pre-primary,Underweight,Muganda,Both parents alive,low socio-economic status,No,Yes,Stage 2,Was not a premature at birth,Yes,moderate stress,controls,1547,Advanced immune compromised,0,Undetectable,0.618790665,,,,12-Dec,LL,LA/LG,A:G,A:A,C:C,G:G,G:G,G:G,T:T,0,0,0,0
CHAKA/02/01/0124,7.4360027,09-Dec,Adolescent,Female,Muslim,Pre-primary,Underweight,Muganda,Single parent alive,low socio-economic status,No,Yes,Stage 1,Was not a premature at birth,Yes,mild stress,controls,922,Advanced immune compromised,0,Undetectable,0.791777587,1.136228484,-0.34445089,Increased,10-Dec,LS,SA/LG,A:G,A:A,C:C,G:A,G:G,G:A,T:G,0,0,0,0
CHAKA/02/01/0125,9.4346342,09-Dec,Adolescent,Female,Muslim,Pre-primary,Underweight,Muganda,Single parent alive,low socio-economic status,No,Yes,Stage 2,Was not a premature at birth,Yes,moderate stress,controls,427,Possibly immune compromised,0,Undetectable,1.607387747,0.858416463,0.74897128,Decreased,12-Dec,LS,LA/SA,A:A,A:A,C:C,G:A,G:G,G:A,T:G,0,0,0,0
CHAKA/02/01/0128,5.9438739,13-17,Adolescent,Female,Catholic,Pre-primary,Underweight,Non-Munganda but Ugandan,Single parent alive,low socio-economic status,No,Yes,Stage 2,Was not a premature at birth,Yes,mild stress,controls,1524,Advanced immune compromised,240,Suppressed,0.902739166,0.715433971,0.1873052,Decreased,10-Dec,LL,LA/LA,A:A,A:A,T:T,G:G,T:T,G:A,T:G,0,0,0,0
CHAKA/02/01/0130,14.81451,05-Aug,Children,Female,Muslim,Pre-primary,Underweight,Muganda,Both parents alive,low socio-economic status,No,Yes,Stage 1,Was not a premature at birth,Yes,mild stress,controls,689,Advanced immune compromised,10,Suppressed,0.731310691,,,,12-Dec,LL,LA/LG,A:G,A:A,C:C,G:A,T:G,G:G,T:G,0,0,0,0
CHAKA/02/01/0131,14.373716,13-17,Adolescent,Male,Catholic,Secondary level,Underweight,Non-Munganda but Ugandan,Both parents alive,high socioecnomic status,Yes,No,Stage 2,Was not a premature at birth,Yes,mild stress,controls,925,Advanced immune compromised,57636,Unsuppressed,1.323683328,0.949539802,0.37414354,Decreased,10-Dec,LL,LA/LA,A:A,A:A,C:C,G:A,T:G,G:A,G:G,0,0,0,0
CHAKA/02/01/0132,6.0561261,09-Dec,Adolescent,Female,Protestant,Pre-primary,Underweight,Muganda,Single parent alive,high socioecnomic status,No,Yes,Stage 2,Was not a premature at birth,Yes,mild stress,controls,1232,Advanced immune compromised,0,Undetectable,0.627998946,,,,10-Dec,LL,LA/LG,A:G,A:A,C:C,G:A,T:G,A:A,T:G,0,0,0,0
CHAKA/02/01/0133,14.639288,13-17,Adolescent,Female,Born Again,Pre-primary,Underweight,Muganda,Both parents alive,high socioecnomic status,No,Yes,Stage 2,Was not a premature at birth,Yes,severe stress,controls,521,Advanced immune compromised,0,Undetectable,1.424825098,1.768921015,-0.34409592,Increased,12-Dec,LL,LA/LG,A:G,?,T:T,G:G,T:G,G:G,T:G,0,0,0,0
CHAKA/02/01/0138,10.179329,05-Aug,Children,Male,Muslim,Pre-primary,Underweight,Muganda,,high socioecnomic status,No,Yes,Stage 3,Was not a premature at birth,Yes,moderate stress,controls,1280,Advanced immune compromised,1450,Unsuppressed,0.909703788,,,,12-Dec,LL,LA/LA,A:A,A:A,C:T,G:A,T:G,A:A,G:G,0,0,0,0
CHAKA/02/01/0145,14.036961,13-17,Adolescent,Female,Protestant,Pre-primary,Underweight,Muganda,Both parents alive,low socio-economic status,Yes,Yes,Stage 3,Was not a premature at birth,Yes,severe stress,controls,926,Advanced immune compromised,0,Undetectable,1.875066883,1.032423805,0.84264308,Decreased,10-Dec,LL,LA/LG,A:G,A:A,C:C,G:G,T:T,G:A,G:G,0,0,0,0
CHAKA/02/01/0148,11.655031,09-Dec,Adolescent,Male,Catholic,Pre-primary,Underweight,Muganda,Single parent alive,low socio-economic status,No,Yes,Stage 2,Was not a premature at birth,Yes,severe stress,controls,56,Normal CD4 range,523935,Unsuppressed,1.132337931,0.96591053,0.1664274,Decreased,10-Dec,LL,LA/LG,A:G,A:A,C:C,G:G,T:T,A:A,T:G,0,0,0,0
CHAKA/02/01/0150,6.0670772,05-Aug,Children,Female,Catholic,Pre-primary,Underweight,Muganda,,low socio-economic status,No,Yes,Stage 2,Was not a premature at birth,Yes,mild stress,controls,2093,Advanced immune compromised,53,Suppressed,1.601106881,0.74761797,0.85348892,Decreased,12-Dec,LL,LA/LA,A:A,A:A,C:C,G:G,T:G,G:A,G:G,0,0,0,0
CHAKA/02/02/0161,9.6071186,05-Aug,Children,Male,Muslim,Pre-primary,Underweight,Non-Ugandan,Both parents alive,low socio-economic status,No,Yes,Stage 2,Was not a premature at birth,Yes,severe stress,controls,767,Advanced immune compromised,0,Undetectable,,,,,10-Dec,LS,SA/LG,A:G,A:A,C:T,G:G,T:T,G:G,G:G,0,0,0,0
CHAKA/02/02/0217,14,13-17,Adolescent,Male,Catholic,Secondary level,Normal weight,Muganda,Single parent alive,high socioecnomic status,No,Yes,Stage 3,Was not a premature at birth,Yes,moderate stress,controls,200,Normal CD4 range,,,0.992295762,0.959696109,0.032599654,Decreased,10-Oct,LL,LG/LG,G:G,A:A,T:T,G:G,T:T,G:A,T:G,0,0,1,1
CHAKA/02/02/0220,6.3518138,09-Dec,Adolescent,Male,Born Again,Pre-primary,Underweight,Muganda,Both parents alive,high socioecnomic status,No,Yes,Stage 2,Was not a premature at birth,Yes,moderate stress,controls,959,Advanced immune compromised,0,Undetectable,1.471872436,,,,10-Dec,LL,LA/LG,A:G,G:A,T:T,G:A,T:G,G:A,T:T,0,0,0,0
CHAKA/02/02/0232,11.181382,05-Aug,Children,Female,Catholic,Pre-primary,Underweight,Muganda,Both parents alive,high socioecnomic status,No,Yes,Stage 2,Was not a premature at birth,Yes,mild stress,controls,1022,Advanced immune compromised,10,Suppressed,1.003698237,0.725181448,0.2785168,Decreased,12-Dec,LS,LA/SA,A:A,A:A,C:C,G:G,T:G,G:A,T:G,0,0,0,0
CHAKA/02/02/0233,7.7043123,05-Aug,Children,Female,Catholic,Pre-primary,Underweight,Non-Munganda but Ugandan,Single parent alive,high socioecnomic status,No,Yes,Stage 2,Was not a premature at birth,Yes,mild stress,controls,853,Advanced immune compromised,10,Suppressed,1.068188014,0.926553924,0.14163409,Decreased,12-Dec,LL,LA/LG,A:G,G:A,C:T,G:A,T:G,G:A,G:G,0,0,0,0
CHAKA/02/02/0240,7.5920601,05-Aug,Children,Female,Catholic,Pre-primary,Underweight,Muganda,,high socioecnomic status,No,Yes,Stage 2,Was not a premature at birth,Yes,mild stress,controls,791,Advanced immune compromised,0,Undetectable,1.501219806,,,,10-Dec,SS,SA/SA,A:A,A:A,C:T,G:G,T:T,G:A,T:G,0,0,0,0
CHAKA/02/02/0244,9.8973303,09-Dec,Adolescent,Male,Muslim,Pre-primary,Underweight,Muganda,Both parents alive,high socioecnomic status,No,Yes,Stage 2,Was not a premature at birth,Yes,mild stress,controls,1664,Advanced immune compromised,24,Suppressed,,,,,12-Dec,LL,LA/LA,A:A,?,C:T,G:G,T:T,G:A,T:G,0,0,0,0
CHAKA/02/02/0245,7.3702941,05-Aug,Children,Male,Catholic,Pre-primary,Underweight,Non-Munganda but Ugandan,Both parents alive,low socio-economic status,No,Yes,Stage 3,Was not a premature at birth,Yes,moderate stress,controls,1006,Advanced immune compromised,35481,Unsuppressed,,0.615599857,,,12-Dec,LL,LA/LA,A:A,A:A,C:T,G:A,T:G,A:A,G:G,0,0,0,0
CHAKA/02/02/0248,14,13-17,Adolescent,Male,Catholic,Secondary level,Normal weight,Non-Munganda but Ugandan,Single parent alive,high socioecnomic status,No,Yes,Stage 2,Was not a premature at birth,Yes,moderate stress,controls,393,Possibly immune compromised,1352,Unsuppressed,1.222008024,,,,12-Dec,LL,LA/LA,A:A,A:A,C:C,G:A,T:G,G:A,G:G,0,0,1,1
CHAKA/02/02/0254,8.5804243,13-17,Adolescent,Female,Catholic,Pre-primary,Underweight,Muganda,Both parents alive,low socio-economic status,No,Yes,Stage 2,Was not a premature at birth,Yes,severe stress,controls,1221,Advanced immune compromised,30,Suppressed,1.163535659,,,,12-Dec,LL,LA/LA,A:A,A:A,C:T,G:A,T:G,A:A,T:G,0,0,0,0
CHAKA/02/02/0258,6.0068445,05-Aug,Children,Male,Catholic,Pre-primary,Underweight,Muganda,Both parents alive,high socioecnomic status,No,Yes,Stage 2,I don’t know,Yes,mild stress,controls,3066,Advanced immune compromised,10,Suppressed,1.739928503,,,,12-Dec,SS,SA/SA,A:A,A:A,T:T,G:G,T:G,G:G,T:T,0,0,0,0
CHAKA/02/02/0260,6.2559891,05-Aug,Children,Female,Catholic,Pre-primary,Underweight,Muganda,Both parents alive,high socioecnomic status,No,Yes,Stage 3,Was not a premature at birth,Yes,mild stress,controls,1152,Advanced immune compromised,61255,Unsuppressed,0.898326922,0.823912361,0.074414559,Decreased,12-Dec,LL,LA/LA,A:A,A:A,C:T,G:A,G:G,G:A,T:G,0,0,0,0
CHAKA/02/02/0262,7.6194386,05-Aug,Children,Male,Protestant,Pre-primary,Underweight,Non-Munganda but Ugandan,Both parents alive,low socio-economic status,No,Yes,Stage 2,Was not a premature at birth,Yes,mild stress,controls,1233,Advanced immune compromised,10,Suppressed,1.259210388,,,,12-Dec,LL,LA/LA,A:A,A:A,C:T,G:G,T:T,G:A,T:T,0,0,0,0
CHAKA/02/02/0264,11.600274,09-Dec,Adolescent,Male,Catholic,Pre-primary,Underweight,Muganda,Both parents alive,low socio-economic status,No,Yes,Stage 2,Was not a premature at birth,Yes,mild stress,controls,852,Advanced immune compromised,88,Suppressed,1.361359911,0.818789704,0.54257023,Decreased,12-Dec,LL,LA/LA,A:A,G:A,C:T,G:G,T:G,G:G,T:G,0,0,0,0
CHAKA/02/02/0265,7.5208759,09-Dec,Adolescent,Female,Catholic,Pre-primary,Underweight,Muganda,Both parents alive,high socioecnomic status,No,Yes,Stage 2,Was not a premature at birth,Yes,mild stress,controls,1079,Advanced immune compromised,54,Suppressed,0.92863567,0.504268984,0.42436668,Decreased,10-Dec,LL,LA/LA,A:A,G:A,C:T,G:G,T:G,G:A,G:G,0,0,0,0
CHAKA/02/02/0268,6.4093089,05-Aug,Children,Male,Protestant,Pre-primary,Underweight,Non-Munganda but Ugandan,Single parent alive,high socioecnomic status,No,Yes,Stage 3,Was not a premature at birth,Yes,mild stress,controls,1098,Advanced immune compromised,10,Suppressed,1.147269639,0.722971923,0.42429772,Decreased,12-Dec,SS,SA/SA,A:A,A:A,C:C,G:G,T:T,A:A,T:G,0,0,0,0
CHAKA/02/02/0269,13,13-17,Adolescent,Male,Catholic,Secondary level,Underweight,Non-Munganda but Ugandan,Both parents alive,high socioecnomic status,No,Yes,Stage 3,Was not a premature at birth,I don’t know,severe stress,controls,789,Advanced immune compromised,,,1.469801685,0.847692238,0.62210947,Decreased,12-Dec,LS,LA/SA,A:A,A:A,C:T,G:G,T:T,G:A,T:G,0,0,1,1
CHAKA/02/02/0270,10.642026,09-Dec,Adolescent,Male,Muslim,Pre-primary,Underweight,Non-Munganda but Ugandan,Both parents alive,high socioecnomic status,No,Yes,Stage 2,Was not a premature at birth,Yes,mild stress,controls,563,Advanced immune compromised,31,Suppressed,1.294725428,0.660470035,0.63425541,Decreased,12-Dec,LS,LA/SA,A:A,A:A,C:C,G:A,T:G,A:A,T:T,0,0,0,0
CHAKA/02/02/0276,9.1307325,09-Dec,Adolescent,Male,Protestant,Pre-primary,Underweight,Muganda,Both parents alive,high socioecnomic status,No,Yes,Stage 1,Was not a premature at birth,Yes,moderate stress,controls,1393,Advanced immune compromised,33,Suppressed,,0.788125342,,,12-Dec,LL,LA/LA,A:A,A:A,C:C,G:A,T:G,G:A,T:G,0,0,0,0
CHAKA/02/02/0277,16,13-17,Adolescent,Female,Protestant,Pre-primary,Overweight,Muganda,Both parents alive,high socioecnomic status,No,Yes,Stage 3,Was not a premature at birth,Yes,severe stress,controls,481,Possibly immune compromised,,,0.86457471,0.817341081,0.04723363,Decreased,12-Dec,LS,LA/SA,A:A,A:A,C:T,G:G,T:G,G:A,T:G,0,0,1,1
CHAKA/02/02/0287,8.7775497,13-17,Adolescent,Female,Catholic,Pre-primary,Underweight,Non-Munganda but Ugandan,Both parents alive,low socio-economic status,No,Yes,Stage 4,Was not a premature at birth,Yes,severe stress,controls,1448,Advanced immune compromised,0,Undetectable,1.18595691,1.163687069,0.022269841,Decreased,10-Dec,LS,SA/LG,A:G,,,,,,,0,0,0,0
CHAKA/02/02/0293,7.6030116,05-Aug,Children,Female,Catholic,Pre-primary,Underweight,Muganda,Single parent alive,low socio-economic status,No,Yes,Stage 3,Was not a premature at birth,Yes,moderate stress,controls,1429,Advanced immune compromised,0,Undetectable,,0.741906252,,,10-Dec,LL,LA/LG,A:G,A:A,C:C,G:A,T:G,G:A,T:T,0,0,0,0
CHAKA/02/02/0294,13,13-17,Adolescent,Female,Born Again,Pre-primary,Normal weight,Non-Munganda but Ugandan,Both parents alive,high socioecnomic status,No,Yes,Stage 2,Was not a premature at birth,Yes,severe stress,controls,539,Advanced immune compromised,,,1.241336995,0.840368517,0.40096849,Decreased,12-Dec,LL,LA/LA,A:A,A:A,C:C,G:A,T:G,A:A,T:G,1,0,1,1
CHAKA/02/02/0299,14,05-Aug,Children,Male,Protestant,Secondary level,Underweight,Non-Munganda but Ugandan,Single parent alive,high socioecnomic status,No,Yes,Stage 2,Was not a premature at birth,I don’t know,severe stress,controls,260,Normal CD4 range,,,0.575870186,,,,10-Dec,LS,LA/SA,A:A,A:A,C:T,G:A,T:G,G:G,T:T,0,0,0,0
CHAKA/02/03/0376,11.493498,09-Dec,Adolescent,Male,Protestant,Pre-primary,Normal weight,Muganda,Both parents alive,low socio-economic status,No,No,Stage 2,Was not a premature at birth,Yes,moderate stress,controls,910,Advanced immune compromised,0,Undetectable,0.986742864,,,,12-Dec,LL,LA/LA,A:A,A:A,C:C,0,T:G,G:G,T:T,0,0,0,0
CHAKA/02/03/0378,14,09-Dec,Adolescent,,,,Normal weight,,,high socioecnomic status,,Yes,Stage 2,,,severe stress,controls,661,Advanced immune compromised,0,Undetectable,1.548868034,,,,12-Dec,LL,LA/LA,A:A,?,C:C,G:A,T:G,A:A,G:G,0,0,0,0
CHAKA/02/03/0379,12.77755,09-Dec,Adolescent,Female,Catholic,Pre-primary,Underweight,Muganda,Single parent alive,high socioecnomic status,No,No,Stage 2,Was not a premature at birth,No,mild stress,controls,502,Advanced immune compromised,159411,Unsuppressed,1.422728189,0.714864336,0.70786387,Decreased,12-Dec,LL,LA/LG,A:G,A:A,C:T,G:A,T:G,A:A,G:G,0,0,0,0
CHAKA/02/03/0382,14,05-Aug,Children,Male,Catholic,Pre-primary,Obesity,Non-Munganda but Ugandan,Both parents dead,high socioecnomic status,No,Yes,Stage 3,I don’t know,Yes,mild stress,controls,447,Possibly immune compromised,95,Suppressed,1.194162763,0.63403038,0.56013238,Decreased,10-Dec,LL,LA/LA,A:A,A:A,C:T,G:A,T:G,A:A,T:T,0,0,1,1
CHAKA/02/03/0385,7.6358657,05-Aug,Children,Male,Muslim,Pre-primary,Underweight,Muganda,Both parents alive,low socio-economic status,No,Yes,Stage 4,Was not a premature at birth,Yes,moderate stress,controls,1568,Advanced immune compromised,0,Undetectable,0.772483953,1.051060792,-0.27857685,Increased,12-Dec,LL,LA/LG,A:G,A:A,T:T,G:A,T:G,G:A,T:G,0,0,0,0
CHAKA/02/03/0388,16,13-17,Adolescent,Male,Catholic,Secondary level,Normal weight,Non-Munganda but Ugandan,Both parents alive,high socioecnomic status,No,Yes,Stage 3,Was not a premature at birth,Yes,moderate stress,controls,781,Advanced immune compromised,0,Undetectable,,,,,10-Dec,LL,LA/LA,A:A,?,T:T,G:G,0,0,T:G,0,0,0,0
CHAKA/02/03/0395,7.8302531,05-Aug,Children,Female,Catholic,Pre-primary,Underweight,Muganda,Single parent alive,low socio-economic status,No,No,Stage 2,Was not a premature at birth,Yes,mild stress,controls,1269,Advanced immune compromised,0,Undetectable,0.907165667,0.685884923,0.22128074,Decreased,10-Dec,LL,LA/LG,A:G,A:A,C:C,G:A,T:G,A:A,T:G,0,0,0,0
CHAKA/02/03/0397,5.2156057,05-Aug,Children,Female,Muslim,Pre-primary,Underweight,Muganda,Both parents alive,high socioecnomic status,No,Yes,Stage 3,Was not a premature at birth,Yes,severe stress,controls,1772,Advanced immune compromised,0,Undetectable,1.446316388,1.086366058,0.35995033,Decreased,12-Dec,LS,LA/SA,A:A,A:A,C:T,G:A,T:G,G:A,T:T,0,0,0,0
CHAKA/02/03/0399,9.2046547,09-Dec,Adolescent,Female,Catholic,Pre-primary,Underweight,Muganda,Both parents alive,low socio-economic status,No,Yes,Stage 2,Was not a premature at birth,Yes,mild stress,controls,905,Advanced immune compromised,10,Suppressed,,1.189883556,,,12-Dec,LL,LA/LG,A:G,A:A,C:T,G:G,T:T,G:A,T:G,0,0,0,0
CHAKA/02/03/0408,9.338809,09-Dec,Adolescent,Male,Muslim,Pre-primary,Underweight,Muganda,Both parents alive,low socio-economic status,No,Yes,Stage 3,Was not a premature at birth,Yes,mild stress,controls,1057,Advanced immune compromised,35,Suppressed,2.063065738,0.848448355,1.2146174,Decreased,12-Dec,LL,LA/LA,A:A,A:A,C:T,G:G,T:T,G:A,T:G,0,0,0,0
CHAKA/02/03/0410,9.6344967,09-Dec,Adolescent,Female,Catholic,Pre-primary,Underweight,Muganda,Both parents alive,low socio-economic status,No,No,Stage 2,I don’t know,Yes,moderate stress,controls,1758,Advanced immune compromised,2360,Unsuppressed,1.379360332,0.898098593,0.48126173,Decreased,12-Dec,LL,LA/LG,A:G,A:A,C:C,G:G,T:G,G:A,T:G,0,0,0,0
CHAKA/02/03/0411,7.6386037,05-Aug,Children,Female,Catholic,Pre-primary,,Non-Munganda but Ugandan,Single parent alive,low socio-economic status,No,Yes,Stage 3,I don’t know,Yes,moderate stress,controls,1052,Advanced immune compromised,0,Undetectable,1.694047328,0.93309522,0.76095212,Decreased,12-Dec,LS,LA/SA,A:A,G:A,C:C,G:G,T:G,G:G,T:G,0,0,0,0
CHAKA/02/03/0413,13.462012,13-17,Adolescent,Male,Protestant,Pre-primary,Normal weight,Non-Munganda but Ugandan,Single parent alive,high socioecnomic status,No,Yes,Stage 2,Was not a premature at birth,Yes,severe stress,controls,872,Advanced immune compromised,,,1.592156077,1.63558532,-0.043429244,Increased,10-Dec,LL,LA/LA,A:A,A:A,C:C,G:G,T:T,A:A,T:G,0,0,1,1
CHAKA/02/03/0414,13.067761,09-Dec,Adolescent,Male,Catholic,Pre-primary,Normal weight,Muganda,Single parent alive,high socioecnomic status,No,Yes,Stage 2,I don’t know,Yes,moderate stress,controls,1197,Advanced immune compromised,,,1.264270229,0.819567632,0.4447026,Decreased,12-Dec,LL,LA/LA,A:A,A:A,C:T,G:A,G:G,G:G,T:G,0,0,0,0
CHAKA/02/03/0415,6.6557155,09-Dec,Adolescent,Male,Catholic,Pre-primary,Underweight,Muganda,Single parent alive,high socioecnomic status,No,Yes,Stage 2,I don’t know,Yes,severe stress,controls,1722,Advanced immune compromised,0,Undetectable,0.446883141,0.81738512,-0.37050197,Increased,10-Oct,LS,SA/LG,A:G,A:A,T:T,G:G,G:G,G:G,T:G,0,0,0,0
CHAKA/02/03/0416,8.5886383,09-Dec,Adolescent,Male,Catholic,Pre-primary,Underweight,Muganda,Single parent alive,low socio-economic status,No,Yes,Stage 2,Was not a premature at birth,Yes,mild stress,controls,1349,Advanced immune compromised,0,Undetectable,0.929742632,0.715835569,0.21390706,Decreased,12-Dec,LL,LA/LG,A:G,A:A,C:C,G:A,T:G,G:A,T:T,0,0,0,0
CHAKA/02/04/0453,7.8412046,13-17,Adolescent,Female,Muslim,Pre-primary,Underweight,Muganda,Single parent alive,high socioecnomic status,No,Yes,Stage 1,Was not a premature at birth,No,moderate stress,controls,1219,Advanced immune compromised,0,Undetectable,0.92724128,,,,12-Dec,LL,LA/LA,A:A,A:A,C:C,G:A,G:G,G:A,G:G,0,0,0,0
CHAKA/02/04/0454,13,13-17,Adolescent,Male,Born Again,Pre-primary,Underweight,Non-Munganda but Ugandan,Single parent alive,high socioecnomic status,Yes,Yes,Stage 1,Was not a premature at birth,Yes,severe stress,controls,895,Advanced immune compromised,0,Undetectable,0.772896862,,,,10-Oct,LL,LG/LG,G:G,?,C:T,G:G,T:G,G:G,T:T,1,1,1,1
CHAKA/02/04/0465,12,09-Dec,Adolescent,Female,Muslim,Pre-primary,Normal weight,Non-Munganda but Ugandan,Single parent alive,high socioecnomic status,No,Yes,Stage 2,Was not a premature at birth,Yes,severe stress,controls,492,Possibly immune compromised,10,Suppressed,1.356157875,,,,12-Dec,LL,LA/LA,A:A,A:A,C:T,G:A,T:G,G:A,T:T,0,0,1,1
CHAKA/02/04/0475,8.3093767,05-Aug,Children,Female,Others,Pre-primary,Underweight,Muganda,Single parent alive,high socioecnomic status,No,Yes,Stage 2,Was not a premature at birth,Yes,mild stress,controls,1315,Advanced immune compromised,0,Undetectable,1.324531568,,,,10-Dec,LL,LA/LG,A:G,A:A,C:T,G:G,T:T,G:A,T:T,0,0,0,0
CHAKA/02/04/0476,7.0088978,09-Dec,Adolescent,Male,Catholic,Pre-primary,Underweight,Muganda,Both parents alive,low socio-economic status,No,Yes,Stage 2,Was not a premature at birth,Yes,moderate stress,controls,827,Advanced immune compromised,10,Suppressed,0.849656978,,,,12-Dec,LL,LA/LA,A:A,G:A,C:T,G:G,T:G,G:G,G:G,0,0,0,0
CHAKA/02/04/0485,15,09-Dec,Adolescent,Female,Protestant,Secondary level,Normal weight,Non-Munganda but Ugandan,Both parents alive,low socio-economic status,No,Yes,Stage 1,Was not a premature at birth,Yes,severe stress,controls,452,Possibly immune compromised,,,1.031193157,0.990617642,0.040575515,Decreased,10-Dec,LL,LA/LG,A:G,A:A,C:C,G:G,T:T,A:A,T:G,0,0,1,1
CHAKA/02/04/0489,7.8631077,09-Dec,Adolescent,Male,Protestant,Pre-primary,Underweight,Non-Munganda but Ugandan,Both parents alive,low socio-economic status,No,Yes,Stage 4,Was not a premature at birth,Yes,mild stress,controls,928,Advanced immune compromised,0,Undetectable,1.089158345,,,,10-Dec,LL,LA/LA,A:A,A:A,C:T,G:A,G:G,G:A,G:G,0,0,0,0
CHAKA/02/04/0490,9.6016426,13-17,Adolescent,Female,Catholic,Pre-primary,Normal weight,Muganda,Both parents alive,high socioecnomic status,No,Yes,Stage 1,Was not a premature at birth,Yes,moderate stress,controls,1309,Advanced immune compromised,0,Undetectable,1.092549361,,,,12-Dec,LL,LA/LA,A:A,A:A,C:T,G:G,T:G,G:A,T:T,0,0,0,0
CHAKA/02/04/0498,14,13-17,Adolescent,Male,Born Again,Pre-primary,Normal weight,Muganda,Both parents dead,high socioecnomic status,No,Yes,Stage 2,Was not a premature at birth,Yes,severe stress,controls,623,Advanced immune compromised,30,Suppressed,0.956258082,0.888230643,0.068027437,Decreased,12-Dec,LS,LA/SA,A:A,G:A,T:T,G:G,T:G,G:G,G:G,0,0,0,0
CHAKA/02/04/0511,5.6454482,05-Aug,Children,Female,Catholic,Pre-primary,Underweight,Muganda,Both parents alive,high socioecnomic status,No,Yes,Stage 1,Was not a premature at birth,Yes,severe stress,controls,146,Normal CD4 range,530,Suppressed,0.933471914,,,,12-Dec,LL,LA/LA,A:A,G:A,C:T,G:A,T:G,G:A,T:T,0,0,1,1
CHAKA/02/04/0512,10.050651,05-Aug,Children,Female,Catholic,Pre-primary,Underweight,Muganda,Both parents alive,high socioecnomic status,No,Yes,Stage 1,Was not a premature at birth,Yes,moderate stress,controls,861,Advanced immune compromised,290,Suppressed,0.804574372,,,,12-Dec,LL,LA/LA,A:A,A:A,C:C,G:G,T:G,G:A,T:G,0,0,0,0
CHAKA/02/04/1366,10.554415,09-Dec,Adolescent,Female,Born Again,Pre-primary,Underweight,Muganda,Both parents dead,high socioecnomic status,No,Yes,Stage 2,I don’t know,Yes,moderate stress,controls,1105,Advanced immune compromised,,,1.068023698,0.629046694,0.438977,Decreased,,LS,LA/SA,A:A,?,C:C,0,0,0,G:G,0,0,0,0
CHAKA/02/09/0659,6.2450376,13-17,Adolescent,Male,Catholic,Pre-primary,Underweight,Muganda,Both parents alive,low socio-economic status,No,Yes,Stage 2,Was not a premature at birth,Yes,mild stress,controls,2734,Advanced immune compromised,0,Undetectable,0.831399291,0.683986862,0.14741243,Decreased,12-Dec,SS,SA/SA,A:A,A:A,T:T,G:G,T:G,G:G,T:T,0,0,0,0
CHAKA/02/09/0660,13,09-Dec,Adolescent,Female,Born Again,Pre-primary,Underweight,Non-Munganda but Ugandan,Single parent alive,high socioecnomic status,No,Yes,Stage 2,Was not a premature at birth,Yes,moderate stress,controls,503,Advanced immune compromised,10,Suppressed,,0.809906759,,,,LL,LA/LG,A:G,A:A,T:T,G:A,T:G,A:A,T:G,0,1,1,1
CHAKA/02/09/0661,9.9301844,09-Dec,Adolescent,Male,Protestant,Pre-primary,Normal weight,Muganda,Both parents dead,low socio-economic status,No,Yes,Stage 2,Was not a premature at birth,Yes,moderate stress,controls,774,Advanced immune compromised,0,Undetectable,,0.628929353,,,,LL,LA/LG,A:G,?,C:C,G:G,T:T,G:A,T:G,0,0,0,0
CHAKA/02/09/0675,8.884326,05-Aug,Children,Female,Catholic,Pre-primary,Underweight,Non-Munganda but Ugandan,Single parent alive,high socioecnomic status,No,No,Stage 3,Was not a premature at birth,Yes,moderate stress,controls,767,Advanced immune compromised,2539,Unsuppressed,0.91352168,0.719587908,0.19393377,Decreased,,,,,A:A,C:C,G:G,T:T,G:A,G:G,0,0,0,0
CHAKA/02/09/0676,8.5092402,09-Dec,Adolescent,Male,Protestant,Pre-primary,Normal weight,Non-Munganda but Ugandan,Both parents alive,high socioecnomic status,No,Yes,Stage 1,Was a premature at birth,Yes,moderate stress,controls,1222,Advanced immune compromised,0,Undetectable,1.40131611,,,,10-Dec,LS,LA/SA,A:A,G:A,T:T,G:G,T:G,G:A,T:T,0,0,0,0
CHAKA/02/09/0681,9.8809032,09-Dec,Adolescent,Female,Born Again,Pre-primary,Underweight,Non-Munganda but Ugandan,Both parents alive,high socioecnomic status,No,Yes,Stage 1,Was not a premature at birth,Yes,severe stress,controls,2159,Advanced immune compromised,10,Suppressed,1.012082449,0.850255866,0.16182658,Decreased,12-Dec,LL,LA/LA,A:A,A:A,C:T,G:A,T:G,A:A,G:G,0,0,0,0
CHAKA/02/09/0685,6.6913075,13-17,Adolescent,Male,Catholic,Pre-primary,Underweight,Muganda,Both parents alive,high socioecnomic status,No,Yes,Stage 4,Was not a premature at birth,Yes,moderate stress,controls,1491,Advanced immune compromised,19892,Unsuppressed,,0.428436653,,,,,,,,,,,,,0,0,0,0
CHAKA/02/09/0687,13,05-Aug,Children,Male,Catholic,Pre-primary,Normal weight,Muganda,Single parent alive,high socioecnomic status,No,Yes,Stage 2,Was not a premature at birth,Yes,severe stress,controls,646,Advanced immune compromised,52,Suppressed,0.912909332,0.872361163,0.040548168,Decreased,12-Dec,LS,LA/SA,A:A,G:G,C:T,A:A,G:G,A:A,G:G,0,0,0,0
CHAKA/02/09/0688,9.3716631,09-Dec,Adolescent,Female,Catholic,Pre-primary,Underweight,Non-Munganda but Ugandan,Both parents alive,low socio-economic status,,Yes,Stage 1,Was not a premature at birth,Yes,moderate stress,controls,1439,Advanced immune compromised,0,Undetectable,1.050337298,0.717121409,0.33321589,Decreased,12-Dec,LL,LA/LA,A:A,A:A,C:C,G:G,T:T,G:G,G:G,0,0,0,0
CHAKA/02/09/0689,9.3716631,05-Aug,Children,Female,Muslim,Pre-primary,Underweight,Muganda,Both parents alive,high socioecnomic status,No,Yes,Stage 3,Was not a premature at birth,Yes,moderate stress,controls,925,Advanced immune compromised,78,Suppressed,,1.051662417,,,,,,,,,,,,,0,0,0,0
CHAKA/02/09/0690,9.6591377,13-17,Adolescent,Female,Born Again,Pre-primary,Underweight,Non-Munganda but Ugandan,Single parent alive,high socioecnomic status,No,Yes,Stage 1,Was not a premature at birth,Yes,severe stress,controls,1188,Advanced immune compromised,459,Suppressed,0.57416803,0.705027943,-0.13085991,Increased,12-Dec,LL,LA/LA,A:A,A:A,C:T,G:G,T:T,G:A,T:G,0,0,1,1
CHAKA/02/09/0694,9.9110203,09-Dec,Adolescent,Female,Catholic,Pre-primary,Underweight,Muganda,Both parents alive,low socio-economic status,No,Yes,Stage 3,Was not a premature at birth,Yes,moderate stress,controls,601,Advanced immune compromised,0,Undetectable,,0.728504977,,,12-Dec,LL,LA/LA,A:A,A:A,C:T,G:G,T:T,A:A,T:G,0,0,0,0
CHAKA/02/09/0698,9.0650244,09-Dec,Adolescent,Male,Catholic,Pre-primary,Underweight,Non-Munganda but Ugandan,Both parents alive,low socio-economic status,No,Yes,Stage 2,Was not a premature at birth,Yes,severe stress,controls,199,Normal CD4 range,16183,Unsuppressed,,1.174441531,,,10-Dec,LL,LA/LG,A:G,?,?,G:G,T:G,G:G,T:G,0,0,0,0
CHAKA/02/09/0709,9.9466124,09-Dec,Adolescent,Male,Muslim,Pre-primary,Underweight,Muganda,Both parents alive,high socioecnomic status,No,Yes,Stage 2,Was not a premature at birth,Yes,moderate stress,controls,940,Advanced immune compromised,0,Undetectable,1.240361857,0.635949443,0.60441244,Decreased,10-Dec,LL,LA/LG,A:G,A:A,C:C,G:A,G:G,G:A,G:G,0,0,0,0
CHAKA/02/09/0710,10.365503,09-Dec,Adolescent,Male,Born Again,Pre-primary,Underweight,Muganda,Single parent alive,low socio-economic status,No,Yes,Stage 3,Was a premature at birth,Yes,moderate stress,controls,2272,Advanced immune compromised,0,Undetectable,1.009602097,,,,10-Dec,LL,LA/LG,A:G,A:A,C:T,G:A,G:G,G:A,T:G,0,0,0,0
CHAKA/02/09/0711,11.578371,05-Aug,Children,Female,Protestant,Pre-primary,Normal weight,Muganda,Both parents alive,low socio-economic status,No,Yes,Stage 2,Was not a premature at birth,Yes,moderate stress,controls,1153,Advanced immune compromised,0,Undetectable,1.377347429,,,,12-Dec,LL,LA/LA,A:A,A:A,T:T,G:G,T:T,G:A,T:G,0,0,0,0
CHAKA/02/09/0713,15,13-17,Adolescent,Male,Protestant,Pre-primary,Normal weight,Non-Munganda but Ugandan,Both parents alive,low socio-economic status,No,Yes,Stage 2,Was not a premature at birth,Yes,mild stress,controls,1021,Advanced immune compromised,0,Undetectable,1.271702113,,,,10-Dec,LL,LA/LG,A:G,A:A,C:T,G:A,T:G,G:A,T:T,1,0,1,1
CHAKA/02/09/0716,10.368241,09-Dec,Adolescent,Female,Muslim,Pre-primary,Underweight,Muganda,Both parents alive,high socioecnomic status,No,Yes,Stage 2,Was not a premature at birth,Yes,moderate stress,controls,1086,Advanced immune compromised,0,Undetectable,1.391651107,1.182258437,0.20939267,Decreased,12-Dec,LL,LA/LA,A:A,A:A,C:T,G:A,T:G,G:A,T:G,0,0,0,0
CHAKA/02/09/0720,13,13-17,Adolescent,Female,Protestant,Pre-primary,Underweight,Muganda,Single parent alive,high socioecnomic status,No,Yes,Stage 1,Was not a premature at birth,Yes,mild stress,controls,710,Advanced immune compromised,10,Suppressed,1.129356718,0.812972381,0.31638435,Decreased,12-Dec,LS,LA/SA,A:A,G:A,T:T,G:G,T:T,G:A,T:G,0,0,0,0
CHAKA/02/09/0724,7.5947981,05-Aug,Children,Male,Catholic,Pre-primary,Underweight,Non-Munganda but Ugandan,Single parent alive,low socio-economic status,No,Yes,Stage 2,Was not a premature at birth,Yes,mild stress,controls,1317,Advanced immune compromised,10,Suppressed,1.602920682,,,,12-Dec,LL,LA/LA,A:A,A:A,C:T,G:G,T:T,G:A,T:G,0,0,0,0
CHAKA/02/09/0725,12,09-Dec,Adolescent,Male,Protestant,Pre-primary,Underweight,Muganda,Single parent alive,low socio-economic status,No,Yes,Stage 2,Was not a premature at birth,Yes,severe stress,controls,400,Possibly immune compromised,,,1.666124627,0.838298947,0.82782567,Decreased,12-Dec,LL,LA/LA,A:A,A:A,C:C,G:G,T:G,G:G,T:T,0,0,0,0
CHAKA/02/09/0728,7.3319645,09-Dec,Adolescent,Male,Catholic,Pre-primary,Underweight,Muganda,Single parent alive,low socio-economic status,No,Yes,Stage 1,Was not a premature at birth,Yes,moderate stress,controls,1369,Advanced immune compromised,0,Undetectable,1.355694272,0.787669543,0.56802475,Decreased,12-Dec,LS,SA/LG,A:G,G:A,C:C,G:G,T:G,G:G,G:G,0,0,0,0
CHAKA/02/09/0730,7.8685832,05-Aug,Children,Male,SDA,Pre-primary,Underweight,Muganda,Single parent alive,low socio-economic status,No,Yes,Stage 2,Was not a premature at birth,Yes,moderate stress,controls,828,Advanced immune compromised,77,Suppressed,1.192087674,,,,12-Dec,LL,LA/LA,A:A,A:A,C:T,G:G,G:G,G:G,T:T,0,0,0,0
CHAKA/02/09/0731,7.3073239,09-Dec,Adolescent,Female,Born Again,Pre-primary,Underweight,Non-Munganda but Ugandan,Both parents alive,low socio-economic status,No,Yes,Stage 2,Was not a premature at birth,Yes,mild stress,controls,1594,Advanced immune compromised,52,Suppressed,0.712992289,0.644781639,0.068210647,Decreased,12-Dec,LL,LA/LA,A:A,A:A,T:T,G:G,T:G,G:G,T:T,0,0,0,0
CHAKA/02/09/0733,15,13-17,Adolescent,Male,Muslim,Pre-primary,Underweight,Muganda,Both parents alive,high socioecnomic status,No,Yes,Stage 3,Was not a premature at birth,Yes,moderate stress,controls,796,Advanced immune compromised,,,1.2716669,,,,10-Dec,LS,SA/LG,A:G,G:G,C:T,G:A,G:G,G:A,T:T,0,0,0,0
CHAKA/02/09/0739,12,09-Dec,Adolescent,Male,Protestant,Pre-primary,Normal weight,Muganda,Both parents dead,high socioecnomic status,No,Yes,Stage 2,Was not a premature at birth,Yes,moderate stress,controls,672,Advanced immune compromised,,,1.117792872,,,,10-Oct,LS,LA/SA,A:A,A:A,T:T,G:G,T:T,G:A,T:G,0,0,0,0
CHAKA/02/09/0744,9.6235456,09-Dec,Adolescent,Female,Muslim,Pre-primary,Underweight,Muganda,Single parent alive,low socio-economic status,No,Yes,Stage 2,Was not a premature at birth,Yes,moderate stress,controls,953,Advanced immune compromised,31488,Unsuppressed,0.86278563,0.834881155,0.027904475,Decreased,10-Dec,LL,LA/LG,A:G,A:A,T:T,G:A,T:G,G:A,T:G,0,0,0,0
CHAKA/03/05/0751,12,09-Dec,Adolescent,Female,Catholic,Pre-primary,Underweight,Non-Munganda but Ugandan,Both parents alive,low socio-economic status,No,Yes,Stage 3,Was not a premature at birth,Yes,severe stress,controls,398,Possibly immune compromised,26023,Unsuppressed,0.914324624,1.280310689,-0.36598608,Increased,12-Dec,LL,LA/LA,A:A,A:A,C:C,G:A,T:G,G:A,G:G,0,0,0,0
CHAKA/03/05/0752,7.5236139,13-17,Adolescent,Male,Muslim,Pre-primary,Underweight,Non-Munganda but Ugandan,Single parent alive,low socio-economic status,No,Yes,Stage 2,Was not a premature at birth,Yes,mild stress,controls,662,Advanced immune compromised,98754,Unsuppressed,1.21864841,0.721146027,0.49750239,Decreased,10-Dec,LL,LG/LG,G:G,A:A,T:T,G:G,T:T,G:A,T:T,0,0,0,0
CHAKA/03/05/0753,7.6440792,05-Aug,Children,Male,Catholic,Pre-primary,Underweight,Muganda,Both parents alive,high socioecnomic status,No,Yes,Stage 2,Was not a premature at birth,Yes,moderate stress,controls,860,Advanced immune compromised,0,Undetectable,0.946219726,0.821001957,0.12521777,Decreased,12-Dec,LL,LA/LA,A:A,A:A,C:T,G:A,T:G,A:A,T:G,0,0,0,0
CHAKA/03/05/0757,6.3408623,05-Aug,Children,Female,Muslim,Pre-primary,Underweight,Muganda,Both parents alive,low socio-economic status,No,Yes,Stage 2,Was not a premature at birth,Yes,moderate stress,controls,807,Advanced immune compromised,206440,Unsuppressed,,0.872144731,,,12-Dec,LL,LA/LA,A:A,A:A,C:C,G:A,G:G,G:A,G:G,0,0,0,0
CHAKA/03/05/0768,15,13-17,Adolescent,Female,Protestant,Secondary level,Normal weight,Muganda,Single parent alive,high socioecnomic status,No,Yes,Stage 2,Was not a premature at birth,Yes,moderate stress,controls,519,Advanced immune compromised,0,Undetectable,,1.091939958,,,10-Dec,LS,LA/SA,A:A,?,?,0,G:G,0,G:G,0,0,1,1
CHAKA/03/05/0774,10.507872,05-Aug,Children,Female,Catholic,Pre-primary,Underweight,Muganda,Both parents alive,low socio-economic status,No,Yes,Stage 2,Was not a premature at birth,Yes,severe stress,controls,1095,Advanced immune compromised,126,Suppressed,0.860981808,0.986738038,-0.12575623,Increased,10-Dec,LS,SA/LG,A:G,A:A,C:C,G:A,T:G,G:A,T:G,0,1,0,1
CHAKA/03/05/0778,16,13-17,Adolescent,Male,Catholic,Pre-primary,Underweight,Muganda,Single parent alive,low socio-economic status,No,Yes,Stage 2,Was not a premature at birth,Yes,moderate stress,controls,356,Possibly immune compromised,62,Suppressed,0.802953373,,,,10-Dec,LL,LA/LG,A:G,?,C:C,G:G,T:G,G:G,T:T,0,0,0,0
CHAKA/03/05/0779,17,13-17,Adolescent,Female,Catholic,Secondary level,Obesity,Muganda,Both parents dead,high socioecnomic status,No,Yes,Stage 2,Was not a premature at birth,Yes,severe stress,controls,674,Advanced immune compromised,0,Undetectable,0.756905038,0.657675129,0.099229909,Decreased,10-Oct,LL,LG/LG,G:G,A:A,C:C,G:A,T:G,G:A,T:G,1,0,1,1
CHAKA/03/05/0790,5.0239563,05-Aug,Children,Female,Catholic,Pre-primary,Underweight,Muganda,Both parents alive,low socio-economic status,No,Yes,Stage 2,Was not a premature at birth,Yes,severe stress,controls,828,Advanced immune compromised,10,Suppressed,1.332184715,0.738940766,0.59324396,Decreased,10-Dec,LL,LA/LG,A:G,A:A,T:T,G:G,T:T,A:A,T:T,0,1,0,1
CHAKA/03/05/0791,14,05-Aug,Children,Female,Catholic,Secondary level,Underweight,Muganda,Single parent alive,high socioecnomic status,No,Yes,Stage 1,Was not a premature at birth,Yes,mild stress,controls,483,Possibly immune compromised,399,Suppressed,1.06605457,0.822854244,0.24320033,Decreased,10-Dec,LL,LA/LA,A:A,A:A,C:T,G:A,T:G,G:A,G:G,0,0,1,1
CHAKA/03/05/0795,7.0143738,09-Dec,Adolescent,Female,Protestant,Pre-primary,Underweight,Muganda,Both parents alive,low socio-economic status,No,Yes,Stage 2,Was not a premature at birth,Yes,moderate stress,controls,1290,Advanced immune compromised,100,Suppressed,1.140333643,0.751366657,0.38896698,Decreased,12-Dec,LL,LA/LA,A:A,G:A,C:T,G:A,T:G,A:A,G:G,0,0,0,0
CHAKA/03/05/0802,14,13-17,Adolescent,Male,Catholic,Pre-primary,Underweight,Muganda,Both parents dead,low socio-economic status,No,Yes,Stage 2,Was not a premature at birth,Yes,severe stress,controls,478,Possibly immune compromised,10,Suppressed,0.949906263,,,,10-Dec,LL,LA/LA,A:A,G:A,C:T,G:G,T:G,G:A,T:T,0,0,0,0
CHAKA/03/05/0803,10.822724,05-Aug,Children,Female,Catholic,Pre-primary,Underweight,Muganda,Single parent alive,low socio-economic status,No,Yes,Stage 1,Was not a premature at birth,No,mild stress,controls,1361,Advanced immune compromised,17437,Unsuppressed,1.960145152,0.803738832,1.1564063,Decreased,12-Dec,LS,LA/SA,A:A,A:A,C:T,G:G,T:T,G:G,T:T,0,0,0,0
CHAKA/03/05/0804,5.7385354,13-17,Adolescent,Male,Catholic,No formal education,Underweight,Muganda,Single parent alive,low socio-economic status,No,Yes,Stage 2,Was not a premature at birth,Yes,moderate stress,controls,906,Advanced immune compromised,68,Suppressed,1.011258471,0.82053255,0.19072592,Decreased,12-Dec,LL,LA/LG,A:G,G:A,T:T,G:G,T:G,A:A,T:T,0,0,0,0
CHAKA/03/05/0815,7.4086242,05-Aug,Children,Female,Catholic,Pre-primary,Underweight,Muganda,Both parents alive,low socio-economic status,No,No,Stage 2,Was not a premature at birth,Yes,moderate stress,controls,1502,Advanced immune compromised,5392,Unsuppressed,1.65255983,0.835842152,0.81671768,Decreased,10-Oct,LS,SA/LG,A:G,A:A,C:C,G:A,G:G,G:A,T:G,0,0,0,0
CHAKA/03/05/0824,10.321697,09-Dec,Adolescent,Male,Catholic,Pre-primary,Underweight,Muganda,Single parent alive,low socio-economic status,No,Yes,Stage 1,Was not a premature at birth,Yes,mild stress,controls,615,Advanced immune compromised,8329,Unsuppressed,,0.937368815,,,12-Dec,LS,LA/SA,A:A,A:A,C:T,G:A,T:G,A:A,G:G,0,0,0,0
CHAKA/03/05/0825,8.0438061,13-17,Adolescent,Female,Catholic,Pre-primary,Underweight,Muganda,Both parents alive,high socioecnomic status,No,Yes,Stage 2,Was not a premature at birth,Yes,moderate stress,controls,2294,Advanced immune compromised,0,Undetectable,1.177757356,1.117703035,0.060054321,Decreased,10-Oct,LL,LA/LG,A:G,A:A,C:C,G:A,T:G,A:A,T:T,0,0,0,0
CHAKA/03/05/0826,9.0513344,09-Dec,Adolescent,Male,Catholic,Pre-primary,Underweight,Non-Munganda but Ugandan,Both parents dead,low socio-economic status,No,Yes,Stage 2,Was not a premature at birth,Yes,mild stress,controls,48,Normal CD4 range,553958,Unsuppressed,1.872832211,0.934580098,0.93825209,Decreased,10-Dec,LL,LA/SA,A:A,A:A,C:T,G:A,T:G,G:A,T:G,0,0,0,0
CHAKA/03/05/0840,13,05-Aug,Children,Male,Catholic,Pre-primary,Normal weight,Muganda,Both parents dead,low socio-economic status,No,Yes,Stage 2,Was not a premature at birth,Yes,mild stress,controls,899,Advanced immune compromised,47,Suppressed,0.978614537,,,,12-Dec,LL,LA/LG,A:G,G:A,C:C,G:G,T:T,G:A,T:T,0,0,0,0
CHAKA/03/05/0858,11.931554,09-Dec,Adolescent,Female,Catholic,Pre-primary,Underweight,Muganda,Both parents alive,high socioecnomic status,No,Yes,Stage 2,Was not a premature at birth,Yes,mild stress,controls,263,Normal CD4 range,1037,Unsuppressed,1.187868002,1.639897616,-0.45202962,Increased,10-Dec,LL,LA/LA,A:A,A:A,C:T,G:A,T:G,G:A,T:T,0,0,0,0
CHAKA/03/05/0862,9.0020533,09-Dec,Adolescent,Female,Protestant,Pre-primary,Underweight,Muganda,Both parents alive,low socio-economic status,No,Yes,Stage 3,Was not a premature at birth,Yes,mild stress,controls,918,Advanced immune compromised,0,Undetectable,0.927291434,0.650718984,0.27657244,Decreased,12-Dec,LL,LA/LA,A:A,A:A,T:T,G:G,T:T,G:A,G:G,0,0,0,0
CHAKA/03/05/0870,5.8535252,09-Dec,Adolescent,Male,Born Again,Pre-primary,Underweight,Non-Munganda but Ugandan,,high socioecnomic status,Yes,Yes,Stage 2,Was not a premature at birth,Yes,mild stress,controls,1205,Advanced immune compromised,0,Undetectable,1.106305257,0.925778424,0.18052684,Decreased,10-Dec,LL,LA/LG,A:G,A:A,C:T,G:G,T:G,G:A,G:G,0,0,0,0
CHAKA/03/05/0871,11.19781,09-Dec,Adolescent,Male,Catholic,Pre-primary,Underweight,Non-Munganda but Ugandan,Both parents alive,high socioecnomic status,No,Yes,Stage 2,Was not a premature at birth,Yes,moderate stress,controls,635,Advanced immune compromised,12746,Unsuppressed,0.622476955,0.697491796,-0.075014845,Increased,12-Dec,LS,LA/SA,A:A,A:A,C:C,G:G,T:T,G:A,G:G,0,0,0,0
CHAKA/03/06/0907,7.9425054,05-Aug,Children,Female,Catholic,Pre-primary,Underweight,Muganda,Single parent alive,high socioecnomic status,No,Yes,Stage 2,Was not a premature at birth,Yes,moderate stress,controls,1314,Advanced immune compromised,0,Undetectable,0.096375372,1.330278239,-1.2339028,Increased,10-Oct,LL,LA/LG,A:G,A:A,C:T,G:A,G:G,G:A,T:G,0,0,0,0
CHAKA/03/06/0912,12.64887,09-Dec,Adolescent,Female,Catholic,Pre-primary,Underweight,Muganda,Both parents alive,high socioecnomic status,No,Yes,Stage 3,Was not a premature at birth,Yes,severe stress,controls,1507,Advanced immune compromised,0,Undetectable,0.879850222,1.065661522,-0.1858113,Increased,10-Dec,LL,LA/LA,A:A,A:A,C:C,G:A,T:G,G:A,G:G,0,0,0,0
CHAKA/03/06/0913,9.7412729,13-17,Adolescent,Female,Catholic,Pre-primary,Underweight,Muganda,Both parents dead,low socio-economic status,No,Yes,Stage 3,Was not a premature at birth,Yes,moderate stress,controls,433,Possibly immune compromised,31323,Unsuppressed,0.901943234,1.863609349,-0.96166611,Increased,12-Dec,LS,SA/LG,A:G,G:G,C:T,G:G,T:G,G:G,G:G,0,0,0,0
CHAKA/03/06/0922,15.055442,13-17,Adolescent,Female,Catholic,Pre-primary,Overweight,Muganda,Single parent alive,high socioecnomic status,No,Yes,Stage 2,Was not a premature at birth,Yes,moderate stress,controls,540,Advanced immune compromised,0,Undetectable,0.916060896,0.637266967,0.27879393,Decreased,12-Dec,LS,LA/SA,A:A,A:A,T:T,G:G,T:T,G:A,G:G,0,0,0,0
CHAKA/03/06/0925,9.6427107,05-Aug,Children,Female,Catholic,Pre-primary,Underweight,Muganda,Both parents alive,low socio-economic status,No,Yes,Stage 2,Was not a premature at birth,Yes,mild stress,controls,1318,Advanced immune compromised,0,Undetectable,0.794304151,0.684717201,0.10958695,Decreased,12-Dec,LL,LA/LA,A:A,G:A,C:T,G:G,T:T,A:A,G:G,0,0,0,0
CHAKA/03/06/0934,8.5639973,09-Dec,Adolescent,Male,Catholic,Pre-primary,Underweight,Non-Munganda but Ugandan,Both parents alive,high socioecnomic status,No,Yes,Stage 2,Was not a premature at birth,Yes,mild stress,controls,530,Advanced immune compromised,10,Suppressed,0.936900479,0.648699087,0.28820139,Decreased,12-Dec,LL,LA/LA,A:A,A:A,T:T,G:G,T:T,A:A,T:T,0,0,0,0
CHAKA/03/06/0937,7.578371,05-Aug,Children,Female,Catholic,Pre-primary,Underweight,Muganda,Both parents alive,low socio-economic status,No,Yes,Stage 2,Was not a premature at birth,Yes,mild stress,controls,1851,Advanced immune compromised,0,Undetectable,,1.065608452,,,10-Dec,LS,LA/SA,A:A,A:A,C:C,G:A,T:G,G:G,T:G,0,0,0,0
CHAKA/03/06/0938,5.1115675,05-Aug,Children,Male,Born Again,No formal education,Normal weight,Muganda,,low socio-economic status,No,Yes,Stage 2,Was not a premature at birth,Yes,mild stress,controls,2444,Advanced immune compromised,10,Suppressed,0.786383821,,,,12-Dec,LL,LA/LG,A:G,G:A,C:T,G:G,T:T,G:A,T:G,0,0,0,0
CHAKA/03/06/0940,7.9726214,13-17,Adolescent,Female,Muslim,Pre-primary,Underweight,Muganda,Single parent alive,high socioecnomic status,No,Yes,Stage 2,Was not a premature at birth,Yes,mild stress,controls,1187,Advanced immune compromised,10,Suppressed,1.250778482,0.720048394,0.53073007,Decreased,12-Dec,LS,SA/LG,A:G,?,C:T,G:G,T:G,G:G,G:G,0,0,0,0
CHAKA/03/06/0941,6.1629024,09-Dec,Adolescent,Male,Protestant,Pre-primary,Underweight,Muganda,Both parents alive,low socio-economic status,No,Yes,Stage 3,Was not a premature at birth,Yes,moderate stress,controls,1554,Advanced immune compromised,10,Suppressed,1.080409218,0.871868811,0.20854041,Decreased,12-Dec,LL,LA/LA,A:A,A:A,C:T,G:A,T:G,G:A,T:T,0,0,0,0
CHAKA/03/06/0944,9.5222454,05-Aug,Children,Female,Born Again,Pre-primary,Underweight,Muganda,,high socioecnomic status,No,Yes,Stage 2,Was not a premature at birth,Yes,moderate stress,controls,1069,Advanced immune compromised,0,Undetectable,1.370140538,0.904252781,0.46588776,Decreased,12-Dec,LL,LA/LA,A:A,G:A,T:T,G:G,T:T,G:A,T:T,0,0,0,0
CHAKA/03/06/0948,5.5852156,05-Aug,Children,Female,Protestant,Pre-primary,Underweight,Muganda,Both parents alive,high socioecnomic status,No,Yes,Stage 2,Was not a premature at birth,Yes,moderate stress,controls,1813,Advanced immune compromised,0,Undetectable,0.767892597,0.932840806,-0.16494821,Increased,10-Dec,LL,LA/LA,A:A,G:G,C:T,G:G,G:G,G:G,G:G,0,0,0,0
CHAKA/03/06/0959,5.1471596,05-Aug,Children,Female,Muslim,Pre-primary,Underweight,Muganda,Single parent alive,low socio-economic status,No,No,Stage 2,Was a premature at birth,Yes,mild stress,controls,762,Advanced immune compromised,305,Suppressed,1.906962046,,,,12-Dec,LS,LA/SA,A:A,G:A,C:T,G:G,T:T,G:A,T:T,0,0,0,0
CHAKA/03/06/0965,10.108145,13-17,Adolescent,Female,Catholic,Pre-primary,Underweight,Non-Munganda but Ugandan,Both parents alive,low socio-economic status,No,Yes,Stage 2,Was not a premature at birth,Yes,mild stress,controls,1231,Advanced immune compromised,26,Suppressed,0.755393772,,,,12-Dec,LL,LA/LA,A:A,A:A,C:C,G:A,T:G,A:A,T:T,0,0,0,0
CHAKA/03/06/0970,5.097878,05-Aug,Children,Female,Muslim,Pre-primary,Underweight,Non-Munganda but Ugandan,Both parents alive,low socio-economic status,No,Yes,Stage 2,Was not a premature at birth,Yes,severe stress,controls,963,Advanced immune compromised,0,Undetectable,0.558165114,1.253305355,-0.69514024,Increased,12-Dec,LL,LA/LG,A:G,A:A,C:T,G:A,T:G,A:A,G:G,0,0,0,0
CHAKA/03/06/0972,17.114305,09-Dec,Adolescent,Male,Catholic,No formal education,Normal weight,Muganda,Both parents dead,high socioecnomic status,No,No,Stage 2,Was not a premature at birth,Yes,mild stress,controls,793,Advanced immune compromised,,,0.999425103,1.062257704,-0.062832601,Increased,12-Dec,SS,SA/SA,A:A,A:A,C:T,G:G,T:T,G:A,G:G,1,0,1,1
CHAKA/03/06/0980,16,13-17,Adolescent,Male,Catholic,No formal education,Normal weight,Muganda,Single parent alive,low socio-economic status,Yes,Yes,Stage 2,Was not a premature at birth,Yes,moderate stress,controls,568,Advanced immune compromised,,,,1.765636437,,,10-Dec,LL,LA/LG,A:G,A:A,C:C,G:G,T:G,G:A,T:G,0,0,0,0
CHAKA/03/06/0982,8.4845991,13-17,Adolescent,Female,Muslim,Pre-primary,Underweight,Muganda,Both parents alive,low socio-economic status,No,Yes,Stage 3,Was not a premature at birth,Yes,moderate stress,controls,354,Possibly immune compromised,400131,Unsuppressed,0.700903539,1.075884181,-0.37498063,Increased,12-Dec,LL,LA/LG,A:G,A:A,C:T,G:G,T:T,G:G,G:G,0,0,0,0
CHAKA/03/06/0987,16.621492,09-Dec,Adolescent,Female,Muslim,Secondary level,Overweight,Muganda,Single parent alive,high socioecnomic status,Yes,Yes,Stage 3,Was not a premature at birth,Yes,mild stress,controls,153,Normal CD4 range,0,Undetectable,,1.136732851,,,12-Dec,SS,SA/SA,A:A,A:A,T:T,G:G,T:T,G:A,T:G,0,0,1,1
CHAKA/03/06/0998,8.5174541,05-Aug,Children,Female,Born Again,Pre-primary,Underweight,Muganda,Both parents alive,high socioecnomic status,Yes,Yes,Stage 2,Was not a premature at birth,Yes,mild stress,controls,1057,Advanced immune compromised,28,Suppressed,0.86639368,0.732268618,0.13412507,Decreased,12-Dec,LL,LA/LG,A:G,A:A,T:T,G:G,T:T,A:A,T:T,0,0,0,0
CHAKA/03/06/1017,6.658453,09-Dec,Adolescent,Female,Born Again,Pre-primary,Underweight,Muganda,Both parents alive,low socio-economic status,No,Yes,Stage 3,Was not a premature at birth,Yes,mild stress,controls,1225,Advanced immune compromised,0,Undetectable,0.885033395,0.781766508,0.10326689,Decreased,10-Dec,LL,LA/LA,A:A,A:A,C:T,G:A,G:G,G:G,T:T,0,0,0,0
CHAKA/03/06/1018,,05-Aug,Children,Male,Muslim,Pre-primary,Underweight,Muganda,Both parents alive,low socio-economic status,No,Yes,Stage 2,Was not a premature at birth,Yes,mild stress,controls,616,Advanced immune compromised,21451,Unsuppressed,0.795624147,0.634626753,0.16099739,Decreased,10-Oct,SS,SA/SA,A:A,A:A,C:T,G:G,T:T,G:G,T:G,0,0,0,0
CHAKA/03/06/1035,8.8268309,09-Dec,Adolescent,Female,Catholic,Pre-primary,Underweight,Muganda,Single parent alive,high socioecnomic status,No,Yes,Stage 2,Was not a premature at birth,Yes,mild stress,controls,1660,Advanced immune compromised,10,Suppressed,0.929660644,,,,,LS,LA/SA,A:A,A:A,C:T,G:G,T:T,G:A,G:G,0,0,0,0
CHAKA/03/07/0427,10.417522,05-Aug,Children,Male,Catholic,Pre-primary,Underweight,Muganda,Single parent alive,low socio-economic status,No,Yes,Stage 3,Was not a premature at birth,Yes,mild stress,controls,1313,Advanced immune compromised,79,Suppressed,1.440307345,,,,,LL,LA/LG,A:G,A:A,C:T,G:G,T:G,G:G,G:G,0,0,0,0
CHAKA/03/07/0435,5.0595484,05-Aug,Children,Male,Catholic,Pre-primary,Underweight,Muganda,Both parents dead,low socio-economic status,No,Yes,Stage 2,Was not a premature at birth,Yes,moderate stress,controls,1163,Advanced immune compromised,10,Suppressed,0.716241166,0.586503878,0.12973729,Decreased,10-Dec,LS,SA/LG,A:G,A:A,C:T,G:G,T:G,G:A,T:G,0,0,0,0
CHAKA/03/07/1058,5.4674878,05-Aug,Children,Male,Catholic,No formal education,Underweight,Muganda,Both parents alive,low socio-economic status,,Yes,Stage 3,Was not a premature at birth,Yes,moderate stress,controls,1006,Advanced immune compromised,3912,Unsuppressed,,1.082497858,,,12-Dec,LS,LA/SA,A:A,?,T:T,G:G,T:T,G:G,T:G,0,0,0,0
CHAKA/03/07/1059,10.948666,13-17,Adolescent,Female,Catholic,Pre-primary,Normal weight,Muganda,Both parents dead,high socioecnomic status,No,Yes,Stage 3,Was not a premature at birth,Yes,mild stress,controls,559,Advanced immune compromised,10,Suppressed,1.927662814,0.779606247,1.1480566,Decreased,10-Dec,LS,LA/SA,A:A,G:A,C:T,G:A,G:G,G:A,T:G,0,0,0,0
CHAKA/03/07/1063,10.480493,05-Aug,Children,Female,Protestant,Pre-primary,Underweight,Non-Munganda but Ugandan,Both parents alive,high socioecnomic status,No,Yes,Stage 2,Was not a premature at birth,Yes,mild stress,controls,1492,Advanced immune compromised,0,Undetectable,1.698793178,0.750260413,0.94853276,Decreased,12-Dec,LL,LA/LA,A:A,A:A,C:C,G:A,T:G,G:A,T:G,0,0,0,0
CHAKA/03/07/1066,8.5065022,05-Aug,Children,Female,Protestant,Pre-primary,Underweight,Non-Munganda but Ugandan,Both parents alive,low socio-economic status,No,Yes,Stage 3,Was not a premature at birth,Yes,mild stress,controls,1320,Advanced immune compromised,10,Suppressed,1.210087071,,,,10-Dec,LL,LA/LG,A:G,A:A,C:C,G:A,T:G,A:A,T:T,0,0,0,0
CHAKA/03/07/1078,14,05-Aug,Children,Male,Protestant,Pre-primary,Underweight,Muganda,Both parents alive,low socio-economic status,No,Yes,Stage 3,Was not a premature at birth,Yes,severe stress,controls,1255,Advanced immune compromised,21,Suppressed,0.899751666,1.152484343,-0.25273266,Increased,12-Dec,LL,LA/LA,A:A,A:A,C:C,G:G,T:T,G:A,T:G,0,0,0,0
CHAKA/03/07/1079,14,09-Dec,Adolescent,Male,Catholic,Secondary level,Underweight,Muganda,Both parents alive,high socioecnomic status,No,Yes,Stage 3,Was not a premature at birth,Yes,mild stress,controls,344,Normal CD4 range,10,Suppressed,1.113455653,0.695236876,0.41821879,Decreased,12-Dec,LS,LA/SA,A:A,A:A,C:C,G:G,T:T,G:G,T:G,0,0,0,0
CHAKA/03/07/1080,15,13-17,Adolescent,Female,Catholic,Pre-primary,Normal weight,Muganda,Both parents alive,high socioecnomic status,No,Yes,Stage 3,Was not a premature at birth,Yes,moderate stress,controls,577,Advanced immune compromised,0,Undetectable,0.804735846,1.011864746,-0.2071289,Increased,12-Dec,LS,LA/SA,A:A,A:A,C:C,G:G,T:T,G:A,T:G,0,0,1,1
CHAKA/03/07/1082,8.3969879,09-Dec,Adolescent,Female,Catholic,Pre-primary,Underweight,Muganda,Single parent alive,low socio-economic status,No,Yes,Stage 4,Was not a premature at birth,Yes,severe stress,controls,1280,Advanced immune compromised,0,Undetectable,1.150163041,0.684399205,0.46576384,Decreased,10-Dec,LL,LG/LG,G:G,G:A,C:T,G:A,G:G,G:G,G:G,0,0,0,0
CHAKA/03/07/1086,13,13-17,Adolescent,Male,SDA,Pre-primary,Underweight,Muganda,Both parents dead,high socioecnomic status,No,Yes,Stage 3,Was not a premature at birth,Yes,mild stress,controls,600,Advanced immune compromised,1829,Unsuppressed,1.227972765,0.847445142,0.38052762,Decreased,12-Dec,LL,LA/LA,A:A,A:A,T:T,G:A,T:G,G:G,G:G,0,0,0,0
CHAKA/03/07/1089,7.5975361,05-Aug,Children,Male,Catholic,Pre-primary,Underweight,Muganda,Both parents dead,low socio-economic status,No,Yes,Stage 3,Was a premature at birth,Yes,moderate stress,controls,802,Advanced immune compromised,0,Undetectable,1.195095442,0.74731809,0.44777736,Decreased,10-Dec,LL,LA/LA,A:A,A:A,C:C,G:G,T:T,A:A,T:G,0,0,0,0
CHAKA/03/07/1092,13,13-17,Adolescent,Female,Muslim,Pre-primary,Underweight,Muganda,Single parent alive,low socio-economic status,No,Yes,Stage 3,Was not a premature at birth,Yes,severe stress,controls,839,Advanced immune compromised,4648,Unsuppressed,1.215440383,,,,12-Dec,LL,LA/LA,A:A,A:A,T:T,G:A,T:G,G:A,T:G,0,0,0,0
CHAKA/03/07/1094,8.7693357,05-Aug,Children,Female,Catholic,Pre-primary,Underweight,Muganda,Both parents alive,high socioecnomic status,No,Yes,Stage 3,Was not a premature at birth,Yes,mild stress,controls,85,Normal CD4 range,2621863,Unsuppressed,0.795882776,1.162821759,-0.36693898,Increased,10-Dec,LL,LA/LG,A:G,A:A,C:T,G:A,T:G,G:A,T:G,0,0,0,0
CHAKA/03/07/1095,,05-Aug,Children,Female,Muslim,Pre-primary,Underweight,Non-Munganda but Ugandan,Both parents alive,high socioecnomic status,No,Yes,Stage 3,Was not a premature at birth,Yes,moderate stress,controls,1459,Advanced immune compromised,41,Suppressed,1.215488385,0.691613259,0.52387512,Decreased,10-Dec,LL,LA/LA,A:A,A:A,C:C,G:G,T:T,A:A,,0,0,0,0
CHAKA/03/07/1100,13,13-17,Adolescent,Female,Muslim,Pre-primary,Overweight,Muganda,Both parents dead,high socioecnomic status,No,Yes,Stage 3,Was not a premature at birth,No,moderate stress,controls,323,Normal CD4 range,14718,Unsuppressed,1.462268162,1.30411825,0.15814991,Decreased,10-Oct,LL,LA/LG,A:G,A:A,C:T,G:G,T:T,G:A,G:G,0,0,0,0
CHAKA/03/07/1101,,05-Aug,Children,Male,Catholic,Pre-primary,Underweight,Non-Munganda but Ugandan,Single parent alive,low socio-economic status,No,Yes,Stage 3,Was not a premature at birth,Yes,moderate stress,controls,1077,Advanced immune compromised,80,Suppressed,1.051276533,0.903257765,0.14801876,Decreased,10-Dec,LL,LA/LA,A:A,A:A,C:C,G:G,T:G,G:A,T:G,0,0,0,0
CHAKA/03/07/1103,,05-Aug,Children,Female,Catholic,Pre-primary,Obesity,Muganda,Single parent alive,high socioecnomic status,No,Yes,Stage 2,Was not a premature at birth,Yes,moderate stress,controls,891,Advanced immune compromised,10,Suppressed,,0.961037787,,,12-Dec,LL,LA/LA,A:A,G:A,C:T,G:G,T:T,A:A,T:G,0,0,0,0
CHAKA/03/07/1104,16,05-Aug,Children,Female,Protestant,Secondary level,Normal weight,Muganda,Both parents alive,low socio-economic status,No,No,Stage 2,Was not a premature at birth,Yes,severe stress,controls,987,Advanced immune compromised,0,Undetectable,1.008114322,0.898216385,0.10989793,Decreased,12-Dec,LL,LA/LA,A:A,A:A,C:C,G:A,T:G,A:A,T:G,1,1,1,1
CHAKA/03/07/1107,14,09-Dec,Adolescent,Female,Muslim,Secondary level,Normal weight,Muganda,Single parent alive,high socioecnomic status,No,Yes,Stage 3,Was not a premature at birth,Yes,mild stress,controls,494,Possibly immune compromised,369,Suppressed,1.707135603,1.420415626,0.28671998,Decreased,12-Dec,LL,LA/LG,A:G,A:A,C:C,G:G,T:G,G:A,T:G,0,0,0,0
CHAKA/03/07/1108,8.7392197,05-Aug,Children,Female,Protestant,Pre-primary,Underweight,Non-Munganda but Ugandan,Single parent alive,high socioecnomic status,No,Yes,Stage 2,Was not a premature at birth,Yes,mild stress,controls,992,Advanced immune compromised,0,Undetectable,1.317551639,,,,10-Dec,LL,LA/LG,A:G,G:A,C:T,G:G,T:T,G:G,T:G,0,0,0,0
CHAKA/03/07/1109,8.9089661,13-17,Adolescent,Male,Protestant,Pre-primary,Underweight,Muganda,Single parent alive,low socio-economic status,No,Yes,Stage 2,Was not a premature at birth,Yes,mild stress,controls,1181,Advanced immune compromised,0,Undetectable,0.877522937,0.761377653,0.11614528,Decreased,12-Dec,LL,LA/LA,A:A,A:A,C:T,G:G,T:T,A:A,T:G,0,0,0,0
CHAKA/03/07/1136,13,13-17,Adolescent,Male,Catholic,Pre-primary,Underweight,Muganda,Single parent alive,low socio-economic status,No,Yes,Stage 3,Was not a premature at birth,Yes,severe stress,controls,649,Advanced immune compromised,,,,1.015202995,,,10-Dec,LL,LA/LG,A:G,A:A,T:T,G:G,T:T,G:G,T:T,0,1,0,1
CHAKA/03/07/1143,,09-Dec,Adolescent,Male,Muslim,Pre-primary,Underweight,Muganda,Both parents alive,low socio-economic status,No,Yes,Stage 2,Was not a premature at birth,Yes,moderate stress,controls,984,Advanced immune compromised,10,Suppressed,1.819568557,,,,12-Dec,LL,LA/LA,A:A,A:A,C:C,G:G,T:T,G:G,T:G,0,0,0,0
CHAKA/03/07/1144,,13-17,Adolescent,Female,Catholic,Pre-primary,Underweight,Muganda,Both parents alive,low socio-economic status,No,Yes,Stage 3,Was not a premature at birth,Yes,mild stress,controls,139,Normal CD4 range,629215,Unsuppressed,,0.722167212,,,,,,,,,,,,,0,0,0,0
CHAKA/03/07/1148,16,05-Aug,Children,Male,Muslim,Pre-primary,Normal weight,Muganda,Both parents alive,high socioecnomic status,No,Yes,Stage 3,Was not a premature at birth,Yes,severe stress,controls,356,Possibly immune compromised,33596,Unsuppressed,1.395529898,0.830356498,0.56517339,Decreased,12-Dec,LL,LA/LG,A:G,A:A,C:T,G:G,G:G,G:G,T:G,0,0,1,1
CHAKA/03/07/1159,13,09-Dec,Adolescent,Female,Muslim,Pre-primary,Normal weight,Muganda,Both parents alive,high socioecnomic status,No,Yes,Stage 3,Was not a premature at birth,Yes,mild stress,controls,599,Advanced immune compromised,,,1.274933728,0.876358578,0.39857516,Decreased,12-Dec,LS,LA/SA,A:A,A:A,T:T,G:G,T:T,G:A,T:G,0,0,0,0
CHAKA/03/08/0438,8.3559208,09-Dec,Adolescent,Male,Muslim,Pre-primary,Underweight,Non-Munganda but Ugandan,Both parents alive,low socio-economic status,No,Yes,Stage 3,Was not a premature at birth,Yes,mild stress,controls,1133,Advanced immune compromised,10,Suppressed,0.818481297,1.275950727,-0.45746943,Increased,,LL,LA/LA,A:A,A:A,C:T,G:G,T:T,G:A,T:G,0,0,0,0
CHAKA/03/08/1201,10.001369,05-Aug,Children,Female,Catholic,Pre-primary,Underweight,Muganda,Both parents alive,high socioecnomic status,No,Yes,Stage 2,Was not a premature at birth,I don’t know,severe stress,controls,1046,Advanced immune compromised,0,Undetectable,2.179358667,1.036217006,1.1431416,Decreased,12-Dec,LL,LA/LG,A:G,A:A,T:T,G:A,G:G,G:A,G:G,1,0,0,1
CHAKA/03/08/1207,9.2648869,09-Dec,Adolescent,Female,Protestant,Pre-primary,Underweight,Muganda,Single parent alive,high socioecnomic status,No,Yes,Stage 2,Was not a premature at birth,Yes,mild stress,controls,1226,Advanced immune compromised,10,Suppressed,1.072164144,,,,10-Dec,LL,LA/LG,A:G,A:A,T:T,G:G,G:G,G:G,T:T,0,0,0,0
CHAKA/03/08/1215,12,05-Aug,Children,Female,Catholic,Pre-primary,Underweight,Muganda,Both parents alive,high socioecnomic status,No,Yes,Stage 2,Was not a premature at birth,I don’t know,mild stress,controls,545,Advanced immune compromised,22,Suppressed,0.900112419,0.897390177,0.002722242,Decreased,12-Dec,LS,LA/SA,A:A,G:A,T:T,A:A,G:G,G:A,T:G,0,0,0,0
CHAKA/03/08/1216,13,13-17,Adolescent,Male,Catholic,Pre-primary,Underweight,Muganda,Both parents dead,high socioecnomic status,No,Yes,Stage 2,Was not a premature at birth,Yes,moderate stress,controls,871,Advanced immune compromised,,,1.009358977,,,,12-Dec,LL,LA/LA,A:A,A:A,C:C,G:G,T:T,G:G,G:G,0,0,0,0
CHAKA/03/08/1220,15,09-Dec,Adolescent,Female,Catholic,Pre-primary,Normal weight,Muganda,Single parent alive,high socioecnomic status,No,Yes,Stage 3,Was not a premature at birth,Yes,mild stress,controls,135,Normal CD4 range,50114,Unsuppressed,0.773490228,0.785824513,-0.012334285,Increased,12-Dec,LL,LA/LA,A:A,G:A,C:C,G:A,T:G,G:A,T:G,0,0,1,1
CHAKA/03/08/1223,15,13-17,Adolescent,Male,Muslim,Secondary level,Underweight,Muganda,Both parents dead,low socio-economic status,No,Yes,Stage 3,Was not a premature at birth,Yes,moderate stress,controls,325,Normal CD4 range,231510,Unsuppressed,1.146745952,1.041182004,0.10556395,Decreased,12-Dec,LS,LA/SA,A:A,A:A,C:C,G:G,T:G,G:G,T:G,0,0,0,0
CHAKA/03/08/1229,14,13-17,Adolescent,Male,Born Again,Pre-primary,Underweight,Muganda,Single parent alive,low socio-economic status,Yes,Yes,Stage 3,Was not a premature at birth,No,severe stress,controls,443,Possibly immune compromised,74138,Unsuppressed,0.692112669,,,,12-Dec,LL,LA/LA,A:A,A:A,C:C,G:G,T:G,G:G,T:G,0,0,0,0
CHAKA/03/08/1232,10.442163,09-Dec,Adolescent,Female,Catholic,Pre-primary,Underweight,Muganda,Single parent alive,low socio-economic status,No,Yes,Stage 3,Was not a premature at birth,Yes,mild stress,controls,1220,Advanced immune compromised,101,Suppressed,1.373414876,0.752823146,0.62059176,Decreased,12-Dec,LS,SA/LG,A:G,A:A,C:T,G:G,T:G,G:A,T:T,0,1,0,1
CHAKA/03/08/1233,12,05-Aug,Children,Female,Protestant,Pre-primary,Normal weight,Muganda,Both parents alive,low socio-economic status,No,Yes,Stage 3,Was not a premature at birth,Yes,severe stress,controls,1094,Advanced immune compromised,0,Undetectable,1.243875443,0.859575655,0.38429978,Decreased,10-Dec,SS,SA/SA,A:A,A:A,C:T,G:A,T:G,A:A,T:G,0,0,0,0
CHAKA/03/08/1234,13,13-17,Adolescent,Female,Catholic,Pre-primary,Underweight,Non-Munganda but Ugandan,Both parents alive,low socio-economic status,No,Yes,Stage 3,Was not a premature at birth,Yes,severe stress,controls,856,Advanced immune compromised,,,0.930442702,0.853965112,0.076477587,Decreased,10-Dec,LL,LA/LA,A:A,A:A,C:T,G:G,T:T,G:A,T:T,0,0,1,1
CHAKA/03/08/1235,13,13-17,Adolescent,Male,Catholic,Pre-primary,Underweight,Muganda,Both parents dead,low socio-economic status,No,Yes,Stage 3,Was not a premature at birth,Yes,mild stress,controls,753,Advanced immune compromised,6455,Unsuppressed,1.295112376,1.559040183,-0.26392782,Increased,10-Oct,LL,LA/LG,A:G,?,C:T,G:A,T:G,G:A,T:T,0,0,0,0
CHAKA/03/08/1246,5.6618752,05-Aug,Children,Female,Catholic,Pre-primary,Underweight,Muganda,Both parents alive,high socioecnomic status,No,Yes,Stage 3,Was not a premature at birth,Yes,moderate stress,controls,3354,Advanced immune compromised,6137,Unsuppressed,1.724901061,0.74545052,0.97945052,Decreased,12-Dec,LL,LA/LG,A:G,A:A,C:C,G:G,T:T,A:A,T:G,0,1,0,1
CHAKA/03/08/1248,,09-Dec,Adolescent,Female,Catholic,Pre-primary,Underweight,Muganda,Both parents alive,high socioecnomic status,No,Yes,Stage 3,Was not a premature at birth,I don’t know,mild stress,controls,11,Normal CD4 range,27888,Unsuppressed,,,,,12-Dec,LL,LA/LA,A:A,A:A,C:T,G:A,G:G,G:A,T:G,0,0,0,0
CHAKA/03/08/1250,6.2915812,13-17,Adolescent,Female,Catholic,No formal education,Underweight,Muganda,Both parents alive,high socioecnomic status,No,Yes,Stage 2,Was not a premature at birth,Yes,mild stress,controls,1925,Advanced immune compromised,10,Suppressed,1.145413739,0.413682694,0.73173106,Decreased,10-Dec,LS,SA/LG,A:G,A:A,C:T,G:A,T:G,A:A,G:G,0,0,0,0
CHAKA/03/08/1258,15,05-Aug,Children,Female,Born Again,Pre-primary,Normal weight,Muganda,Single parent alive,low socio-economic status,No,Yes,Stage 3,Was not a premature at birth,Yes,mild stress,controls,83,Normal CD4 range,123776,Unsuppressed,0.773470266,,,,10-Dec,LS,LA/SA,A:A,G:A,C:C,G:G,T:G,G:G,G:G,0,0,0,0
CHAKA/03/08/1259,15,05-Aug,Children,Male,Catholic,Pre-primary,Underweight,Muganda,Both parents alive,high socioecnomic status,No,Yes,Stage 3,Was not a premature at birth,Yes,mild stress,controls,473,Possibly immune compromised,61029,Unsuppressed,1.514388438,0.999417071,0.51497138,Decreased,10-Dec,LL,LA/LG,A:G,G:A,C:T,G:G,T:T,A:A,G:G,0,0,0,0
CHAKA/03/08/1260,14,05-Aug,Children,Female,Muslim,Secondary level,Normal weight,Muganda,Both parents alive,high socioecnomic status,No,Yes,Stage 2,Was not a premature at birth,Yes,mild stress,controls,788,Advanced immune compromised,61029,Unsuppressed,1.2584821,0.856348003,0.40213409,Decreased,10-Dec,LL,LA/LA,A:A,A:A,C:T,G:A,T:G,G:A,T:G,0,0,1,1
CHAKA/03/08/1266,16,05-Aug,Children,Female,Catholic,Secondary level,Normal weight,Muganda,Single parent alive,high socioecnomic status,No,Yes,Stage 3,Was not a premature at birth,Yes,mild stress,controls,266,Normal CD4 range,102,Suppressed,1.625319315,1.111048964,0.51427037,Decreased,12-Dec,LL,LA/LA,A:A,G:A,C:C,G:A,T:G,G:A,T:G,0,0,1,1
CHAKA/03/08/1275,15,13-17,Adolescent,Female,Catholic,Pre-primary,Underweight,Muganda,Single parent alive,high socioecnomic status,No,Yes,Stage 3,Was not a premature at birth,Yes,moderate stress,controls,254,Normal CD4 range,441565,Unsuppressed,1.081800279,0.803627947,0.27817234,Decreased,10-Oct,LS,LA/SA,A:A,A:A,C:C,G:G,T:T,A:A,T:G,0,0,1,1
CHAKA/03/08/1282,8.9445581,05-Aug,Children,Male,Catholic,Pre-primary,Underweight,Muganda,Both parents alive,high socioecnomic status,No,Yes,Stage 2,Was not a premature at birth,Yes,mild stress,controls,1408,Advanced immune compromised,10,Suppressed,0.76472863,0.667298631,0.097429998,Decreased,12-Dec,LL,LA/LA,A:A,A:A,C:C,G:G,G:G,G:G,T:G,0,0,0,0
CHAKA/03/08/1283,9.4757013,13-17,Adolescent,Female,Catholic,Pre-primary,Underweight,Muganda,Single parent alive,low socio-economic status,No,Yes,Stage 2,Was not a premature at birth,Yes,mild stress,controls,1089,Advanced immune compromised,10,Suppressed,1.439611661,1.117182125,0.32242954,Decreased,12-Dec,LS,LA/SA,A:A,A:A,C:T,G:G,T:T,G:G,G:G,0,0,0,0
CHAKA/03/08/1284,5.4483232,05-Aug,Children,Female,Catholic,Pre-primary,Underweight,Muganda,Single parent alive,low socio-economic status,No,Yes,Stage 3,Was not a premature at birth,Yes,moderate stress,controls,2071,Advanced immune compromised,10,Suppressed,1.042034807,0.597822047,0.44421276,Decreased,10-Oct,LS,SA/LG,A:G,A:A,T:T,G:A,T:G,G:A,T:G,0,0,0,0
CHAKA/03/08/1298,10.45859,09-Dec,Adolescent,Male,Born Again,Pre-primary,Underweight,Muganda,Both parents alive,low socio-economic status,No,Yes,Stage 3,Was not a premature at birth,Yes,severe stress,controls,1476,Advanced immune compromised,0,Undetectable,,0.762133252,,,,,,,,,,,,,0,0,0,0
CHAKA/03/08/1299,8.5941133,05-Aug,Children,Female,Born Again,Pre-primary,Underweight,Muganda,Single parent alive,low socio-economic status,No,Yes,Stage 2,Was not a premature at birth,Yes,severe stress,controls,922,Advanced immune compromised,10,Suppressed,1.372456149,1.351443671,0.021012478,Decreased,12-Dec,LL,LA/LG,A:G,?,C:T,G:G,T:G,G:A,T:G,0,0,0,0
CHAKA/03/08/1312,12,05-Aug,Children,Female,Catholic,Pre-primary,Underweight,Muganda,Single parent alive,low socio-economic status,No,Yes,Stage 3,Was not a premature at birth,Yes,moderate stress,controls,442,Possibly immune compromised,,,0.713657321,0.642063274,0.071594045,Decreased,10-Dec,LL,LG/LG,G:G,G:A,C:T,G:G,T:T,A:A,T:G,0,0,0,0
CHAKA/03/08/1314,11.367557,09-Dec,Adolescent,Male,Catholic,Pre-primary,Underweight,Muganda,Both parents alive,high socioecnomic status,No,Yes,Stage 2,Was not a premature at birth,Yes,mild stress,controls,1121,Advanced immune compromised,,,,1.01577767,,,10-Dec,LL,LA/LG,A:G,A:A,C:T,G:G,T:T,A:A,T:G,0,0,0,0
CHAKA/03/08/1318,,13-17,Adolescent,Female,Protestant,Pre-primary,Underweight,Non-Munganda but Ugandan,Both parents alive,low socio-economic status,No,Yes,Stage 2,Was a premature at birth,Yes,severe stress,controls,1710,Advanced immune compromised,,,0.478154967,0.715309813,-0.23715484,Increased,12-Dec,LL,LA/LA,A:A,A:A,C:C,G:G,T:T,G:A,T:G,0,0,0,0
CHAKA/03/08/1327,10.532512,09-Dec,Adolescent,Male,Catholic,Pre-primary,Underweight,Muganda,Both parents alive,low socio-economic status,No,Yes,Stage 3,Was not a premature at birth,Yes,severe stress,controls,962,Advanced immune compromised,25852,Unsuppressed,,1.107407464,,,,,,,,,,,,,0,0,0,0
CHAKA/03/08/1339,6.2642026,09-Dec,Adolescent,Male,Protestant,Pre-primary,Underweight,Muganda,Both parents alive,low socio-economic status,No,Yes,Stage 2,Was not a premature at birth,Yes,mild stress,controls,177,Normal CD4 range,4165,Unsuppressed,1.662908061,0.907115829,0.75579226,Decreased,,LL,LA/LG,A:G,?,C:T,G:G,T:G,G:A,T:T,0,0,0,0
CHAKA/03/08/1340,6.5078712,05-Aug,Children,Female,Born Again,Pre-primary,Underweight,Muganda,Both parents alive,high socioecnomic status,No,Yes,Stage 2,Was not a premature at birth,Yes,severe stress,controls,1278,Advanced immune compromised,0,Undetectable,0.991620256,0.761554441,0.23006581,Decreased,12-Dec,LL,LA/LA,A:A,A:A,C:C,G:G,G:G,G:G,T:G,0,0,0,0
CHAKA/04/06/0969,13.894592,13-17,Adolescent,Male,Muslim,Pre-primary,Normal weight,Non-Munganda but Ugandan,Single parent alive,low socio-economic status,No,Yes,Stage 2,Was not a premature at birth,Yes,moderate stress,controls,419,Possibly immune compromised,,,1.287349974,1.484226366,-0.19687639,Increased,12-Dec,LL,LA/LA,A:A,A:A,C:C,G:A,T:G,G:A,T:T,0,0,0,0
CHAKA/04/07/1113,,05-Aug,Children,Female,Protestant,Pre-primary,Underweight,Muganda,Single parent alive,low socio-economic status,No,Yes,Stage 1,Was not a premature at birth,No,mild stress,controls,1726,Advanced immune compromised,0,Undetectable,2.089457926,0.871560115,1.2178978,Decreased,12-Dec,LL,LA/LA,A:A,A:A,C:T,G:G,T:T,G:A,G:G,0,0,0,0
CHAKA/04/07/1139,15,13-17,Adolescent,Male,Catholic,Pre-primary,Normal weight,Muganda,Both parents dead,low socio-economic status,No,No,Stage 3,Was not a premature at birth,Yes,severe stress,controls,239,Normal CD4 range,68222,Unsuppressed,1.037424184,0.987577748,0.049846437,Decreased,12-Dec,LL,LA/LA,A:A,G:A,C:T,G:A,T:G,G:A,T:G,1,0,1,1
CHAKA/04/08/1262,14,13-17,Adolescent,Female,Protestant,Pre-primary,Normal weight,Muganda,Single parent alive,low socio-economic status,Yes,Yes,Stage 1,Was not a premature at birth,Yes,moderate stress,controls,861,Advanced immune compromised,0,Undetectable,1.135071665,0.673556241,0.46151543,Decreased,10-Dec,LL,LA/LA,A:A,A:A,C:C,G:G,T:T,A:A,T:T,0,0,1,1
CHAKA/05/05/0514,12,09-Dec,Adolescent,Male,Catholic,No formal education,Underweight,Muganda,Both parents dead,low socio-economic status,No,Yes,Stage 2,Was not a premature at birth,Yes,mild stress,controls,783,Advanced immune compromised,124413,Unsuppressed,0.738704385,0.567181909,0.17152248,Decreased,12-Dec,LS,LA/SA,A:A,A:A,C:T,G:G,T:G,G:G,T:T,0,0,0,0
CHAKA/05/05/0520,5.7878165,05-Aug,Children,Female,Muslim,Pre-primary,Underweight,Muganda,Single parent alive,low socio-economic status,No,Yes,Stage 1,Was not a premature at birth,Yes,mild stress,controls,448,Possibly immune compromised,0,Undetectable,1.096198202,0.714463027,0.38173518,Decreased,12-Dec,LL,LA/LA,A:A,A:A,T:T,G:G,T:G,G:G,G:G,0,0,0,0
CHAKA/05/05/0523,6.8364134,09-Dec,Adolescent,Male,Catholic,Pre-primary,Underweight,Muganda,Both parents alive,high socioecnomic status,No,Yes,Stage 2,Was not a premature at birth,Yes,mild stress,controls,535,Advanced immune compromised,202,Suppressed,0.942984006,0.849488827,0.093495183,Decreased,,LS,LA/SA,A:A,A:A,C:C,G:G,T:T,G:A,T:G,0,0,0,0
CHAKA/05/05/0524,16,13-17,Adolescent,Female,Catholic,Pre-primary,Underweight,Non-Munganda but Ugandan,Single parent alive,low socio-economic status,No,Yes,Stage 2,Was not a premature at birth,Yes,mild stress,controls,700,Advanced immune compromised,0,Undetectable,0.117971976,0.434536028,-0.31656405,Increased,12-Dec,LS,LA/SA,A:A,A:A,C:C,G:A,G:G,G:A,T:G,0,0,0,0
CHAKA/05/05/0829,14,09-Dec,Adolescent,Female,Muslim,Pre-primary,Normal weight,Muganda,Both parents alive,high socioecnomic status,No,Yes,Stage 2,Was not a premature at birth,Yes,moderate stress,controls,387,Possibly immune compromised,,,0.937745969,0.879617305,0.058128662,Decreased,12-Dec,LS,,,A:A,C:C,A:A,G:G,A:A,T:T,0,0,0,0
CHAKA/05/05/0835,11.849419,09-Dec,Adolescent,Female,Catholic,Pre-primary,Normal weight,Muganda,Both parents alive,low socio-economic status,No,Yes,Stage 2,Was not a premature at birth,Yes,mild stress,controls,687,Advanced immune compromised,0,Undetectable,0.351501489,0.5773811,-0.22587961,Increased,12-Dec,LL,LA/LA,A:A,G:A,C:T,G:G,T:T,G:G,T:G,0,0,0,0
CHAKA/05/05/0852,12,05-Aug,Children,Female,Muslim,Pre-primary,Underweight,Muganda,Both parents alive,low socio-economic status,No,Yes,Stage 2,Was not a premature at birth,Yes,severe stress,controls,997,Advanced immune compromised,,,0.820596172,0.674424671,0.1461715,Decreased,10-Dec,LL,LG/LG,G:G,A:A,T:T,G:G,G:G,G:G,G:G,0,1,0,1
CHAKA/05/05/0856,17,09-Dec,Adolescent,Female,Catholic,Pre-primary,Underweight,Muganda,Both parents dead,high socioecnomic status,No,Yes,Stage 2,Was not a premature at birth,Yes,moderate stress,controls,470,Possibly immune compromised,,,1.864431042,0.701651876,1.1627792,Decreased,10-Oct,LL,LA/LG,A:G,A:A,C:C,G:G,T:G,G:A,T:G,0,0,0,0
CHAKA/05/05/0869,10.045175,09-Dec,Adolescent,Male,Born Again,Pre-primary,Underweight,Muganda,Both parents dead,low socio-economic status,No,Yes,Stage 3,Was not a premature at birth,Yes,moderate stress,controls,620,Advanced immune compromised,0,Undetectable,0.981513373,1.118638707,-0.13712533,Increased,10-Dec,LL,LA/LA,A:A,G:A,T:T,G:A,T:G,G:A,G:G,0,0,0,0
CHAKA/05/05/0875,10.004107,09-Dec,Adolescent,Female,Catholic,Pre-primary,Underweight,Muganda,Single parent alive,low socio-economic status,No,Yes,Stage 2,Was not a premature at birth,Yes,moderate stress,controls,380,Possibly immune compromised,27678,Unsuppressed,0.851776355,0.821085396,0.030690959,Decreased,10-Dec,LL,LA/LA,A:A,A:A,C:T,G:A,G:G,G:A,T:G,0,0,0,0
CHAKA/05/05/0889,11.926078,05-Aug,Children,Male,Catholic,Pre-primary,Underweight,Muganda,Both parents dead,low socio-economic status,No,Yes,Stage 1,Was not a premature at birth,Yes,mild stress,controls,1218,Advanced immune compromised,1020,Unsuppressed,1.180183634,0.882692908,0.29749072,Decreased,,LS,LA/SA,A:A,A:A,C:T,G:A,T:G,G:A,G:G,0,0,0,0
CHAKA/05/05/0891,13,13-17,Adolescent,Female,Catholic,Pre-primary,Underweight,Non-Munganda but Ugandan,Single parent alive,low socio-economic status,No,Yes,Stage 2,Was not a premature at birth,I don’t know,mild stress,controls,602,Advanced immune compromised,0,Undetectable,,0.954541894,,,,,,,,,,,,,0,0,1,1
CHAKA/05/05/0893,8.3039017,09-Dec,Adolescent,Male,Catholic,Pre-primary,Underweight,Muganda,Both parents alive,low socio-economic status,No,Yes,Stage 2,Was not a premature at birth,Yes,mild stress,controls,1311,Advanced immune compromised,10,Suppressed,0.929006464,0.905083639,0.023922825,Decreased,12-Dec,LL,LA/LA,A:A,A:A,C:C,G:G,T:T,G:A,T:G,0,0,0,0
CHAKA/05/05/0894,15,13-17,Adolescent,Female,Muslim,Secondary level,Normal weight,Muganda,Both parents alive,low socio-economic status,No,Yes,Stage 1,Was not a premature at birth,Yes,mild stress,controls,236,Normal CD4 range,336,Suppressed,0.577644519,0.864261988,-0.28661746,Increased,10-Oct,SS,SA/SA,A:A,A:A,C:C,G:A,T:G,A:A,T:G,0,0,1,1
CHAKA/05/05/0895,10.094456,09-Dec,Adolescent,Female,Catholic,Pre-primary,Underweight,Muganda,Single parent alive,low socio-economic status,No,Yes,Stage 3,Was not a premature at birth,Yes,moderate stress,controls,567,Advanced immune compromised,0,Undetectable,,0.969312793,,,,,,,,,,,,,0,0,0,0
CHAKA/05/06/0375,7.8548937,05-Aug,Children,Female,Catholic,Pre-primary,Obesity,Muganda,Both parents alive,high socioecnomic status,No,Yes,Stage 2,Was not a premature at birth,Yes,severe stress,controls,1126,Advanced immune compromised,50417,Unsuppressed,1.345066159,0.766283982,0.5787822,Decreased,12-Dec,LL,LA/LG,A:G,A:A,C:C,G:G,T:T,G:A,T:G,0,0,0,0
CHAKA/05/06/0443,,05-Aug,Children,Female,Catholic,Pre-primary,Underweight,Muganda,Both parents alive,high socioecnomic status,No,Yes,Stage 2,Was not a premature at birth,Yes,mild stress,controls,1180,Advanced immune compromised,4180,Unsuppressed,0.904409391,,,,12-Dec,LL,LG/LG,G:G,G:A,C:C,G:G,G:G,G:G,T:G,0,0,0,0
CHAKA/05/06/0991,13,05-Aug,Children,Male,Protestant,Pre-primary,Normal weight,Non-Munganda but Ugandan,Single parent alive,low socio-economic status,No,Yes,Stage 2,Was not a premature at birth,Yes,mild stress,controls,1132,Advanced immune compromised,,,1.568619524,1.227898858,0.34072065,Decreased,10-Dec,LS,LA/SA,A:A,A:A,C:C,G:G,T:T,G:A,T:G,0,0,0,0
CHAKA/05/06/0992,14.61191,13-17,Adolescent,Male,Muslim,Secondary level,Underweight,Muganda,Single parent alive,high socioecnomic status,No,Yes,Stage 2,Was not a premature at birth,Yes,moderate stress,controls,165,Normal CD4 range,,,1.509932934,1.004254414,0.50567853,Decreased,12-Dec,LL,LA/LG,A:G,G:A,T:T,G:A,G:G,G:G,T:G,0,0,0,0
CHAKA/05/06/0994,14.694045,09-Dec,Adolescent,Female,Catholic,Pre-primary,Underweight,Muganda,Single parent alive,high socioecnomic status,No,Yes,Stage 2,Was not a premature at birth,Yes,moderate stress,controls,736,Advanced immune compromised,,,0.822719493,1.221273612,-0.39855412,Increased,12-Dec,LL,LA/SA,A:A,A:A,C:T,G:A,T:G,A:A,T:T,0,0,1,1
CHAKA/05/06/1003,6.3162217,05-Aug,Children,Male,Muslim,Pre-primary,Underweight,Muganda,Single parent alive,high socioecnomic status,No,Yes,Stage 2,Was not a premature at birth,Yes,mild stress,controls,434,Possibly immune compromised,28635,Unsuppressed,1.064071685,0.627909659,0.43616202,Decreased,10-Dec,LS,SA/LG,A:G,G:A,C:C,G:A,T:G,G:G,T:T,0,0,0,0
CHAKA/05/06/1004,17,09-Dec,Adolescent,Female,Catholic,Pre-primary,Overweight,Muganda,Single parent alive,high socioecnomic status,No,Yes,Stage 3,Was not a premature at birth,Yes,severe stress,controls,58,Normal CD4 range,,,1.044848639,,,,10-Dec,LL,LA/LA,A:A,A:A,C:T,G:G,G:G,G:G,T:G,0,0,0,0
CHAKA/05/06/1006,5.0704994,05-Aug,Children,Female,Protestant,Pre-primary,Underweight,Non-Munganda but Ugandan,Both parents alive,low socio-economic status,No,Yes,Stage 4,Was not a premature at birth,Yes,mild stress,controls,974,Advanced immune compromised,12808,Unsuppressed,0.703468412,0.617809639,0.085658774,Decreased,12-Dec,LL,LA/LA,A:A,G:A,C:T,G:G,T:G,G:A,T:G,0,0,0,0
CHAKA/05/06/1007,,09-Dec,Adolescent,Female,Muslim,Pre-primary,Underweight,Muganda,Both parents alive,low socio-economic status,No,Yes,Stage 2,Was not a premature at birth,Yes,mild stress,controls,1358,Advanced immune compromised,0,Undetectable,1.031104492,0.583156056,0.44794843,Decreased,12-Dec,LS,LA/SA,A:A,G:A,C:T,G:G,T:G,G:G,T:T,0,0,0,0
CHAKA/05/06/1008,12,05-Aug,Children,Male,Catholic,Pre-primary,Underweight,Non-Munganda but Ugandan,Both parents alive,high socioecnomic status,No,Yes,Stage 2,Was not a premature at birth,Yes,mild stress,controls,709,Advanced immune compromised,0,Undetectable,0.632843234,0.633523254,-0.00068002,Increased,12-Dec,LL,LA/LG,A:G,A:A,C:T,G:G,T:T,G:A,T:T,0,0,1,1
CHAKA/05/06/1009,,09-Dec,Adolescent,Female,Muslim,Pre-primary,Underweight,Non-Munganda but Ugandan,Both parents alive,low socio-economic status,No,Yes,Stage 2,Was not a premature at birth,Yes,severe stress,controls,893,Advanced immune compromised,27120,Unsuppressed,0.882638286,0.808472881,0.074165404,Decreased,10-Dec,LL,LA/LA,A:A,A:A,C:T,G:G,T:G,G:G,T:G,0,0,0,0
CHAKA/05/06/1010,9.8809032,05-Aug,Children,Female,Protestant,Pre-primary,Underweight,Non-Munganda but Ugandan,Both parents alive,high socioecnomic status,No,Yes,Stage 4,Was not a premature at birth,Yes,mild stress,controls,173,Normal CD4 range,10,Suppressed,0.963100349,0.910201826,0.052898522,Decreased,10-Dec,LS,SA/LG,A:G,A:A,C:T,G:G,T:T,G:A,T:T,0,0,0,0
CHAKA/05/06/1016,8.5667353,05-Aug,Children,Male,Muslim,Pre-primary,Underweight,Muganda,Single parent alive,low socio-economic status,No,Yes,Stage 2,Was not a premature at birth,Yes,mild stress,controls,962,Advanced immune compromised,44,Suppressed,0.577598286,0.753532069,-0.17593378,Increased,,LL,LA/LG,A:G,?,T:T,G:G,T:G,0,T:G,0,0,0,0
CHAKA/05/06/1032,9.0869265,09-Dec,Adolescent,Female,Catholic,Pre-primary,Underweight,Muganda,Single parent alive,low socio-economic status,No,Yes,Stage 2,Was not a premature at birth,Yes,mild stress,controls,932,Advanced immune compromised,10,Suppressed,0.493778884,,,,12-Dec,LL,LA/LA,A:A,A:A,C:T,G:G,T:T,G:G,G:G,0,0,0,0
CHAKA/05/06/1034,6.1437373,09-Dec,Adolescent,Male,Muslim,Pre-primary,Underweight,Non-Munganda but Ugandan,Both parents alive,low socio-economic status,No,Yes,Stage 2,Was not a premature at birth,Yes,mild stress,controls,1979,Advanced immune compromised,10,Suppressed,0.68954233,0.540911816,0.14863051,Decreased,12-Dec,LS,LA/SA,A:A,A:A,T:T,G:A,T:G,A:A,G:G,0,0,0,0
CHAKA/05/06/1039,4.9993157,09-Dec,Adolescent,Female,Catholic,Pre-primary,Underweight,Muganda,Both parents alive,low socio-economic status,No,Yes,Stage 2,Was not a premature at birth,Yes,mild stress,controls,1516,Advanced immune compromised,5314,Unsuppressed,0.994935251,0.802960956,0.1919743,Decreased,,LS,LA/SA,A:A,G:A,C:T,G:G,T:T,A:A,T:G,0,0,0,0
CHAKA/05/06/1045,15,05-Aug,Children,Male,Catholic,Secondary level,Overweight,Muganda,Single parent alive,high socioecnomic status,No,Yes,Stage 2,Was not a premature at birth,Yes,mild stress,controls,609,Advanced immune compromised,0,Undetectable,,1.360214267,,,,LS,LA/SA,A:A,A:A,C:C,0,G:G,A:A,T:T,0,0,1,1
CHAKA/05/06/1047,,13-17,Adolescent,Female,Catholic,Pre-primary,Underweight,Muganda,Both parents alive,high socioecnomic status,No,Yes,Stage 2,Was not a premature at birth,Yes,moderate stress,controls,1318,Advanced immune compromised,0,Undetectable,,1.151503329,,,,SS,,,A:A,T:T,G:G,T:T,A:A,T:G,0,0,0,0
CHAKA/05/07/0424,6.223135,05-Aug,Children,Female,Catholic,Pre-primary,Underweight,Muganda,Both parents alive,high socioecnomic status,No,Yes,Stage 2,Was not a premature at birth,Yes,moderate stress,controls,404,Possibly immune compromised,71524,Unsuppressed,1.066119332,1.089583569,-0.023464236,Increased,10-Dec,LS,LA/SA,A:A,A:A,C:C,A:A,G:G,A:A,T:T,0,0,0,0
CHAKA/05/07/0426,15,05-Aug,Children,Female,Catholic,Pre-primary,Underweight,Muganda,Both parents dead,high socioecnomic status,,Yes,Stage 2,Was not a premature at birth,Yes,moderate stress,controls,749,Advanced immune compromised,10,Suppressed,0.918554285,0.780336972,0.13821732,Decreased,,LL,LA/LA,A:A,A:A,C:T,G:G,G:G,G:G,G:G,0,0,1,1
CHAKA/05/07/0432,6.1629024,05-Aug,Children,Female,Muslim,Pre-primary,Underweight,Muganda,Both parents alive,low socio-economic status,No,Yes,Stage 2,Was not a premature at birth,Yes,severe stress,controls,350,Normal CD4 range,118939,Unsuppressed,0.97751342,0.973687526,0.003825894,Decreased,12-Dec,LL,LA/LA,A:A,A:A,T:T,G:G,T:T,G:A,T:G,0,0,0,0
CHAKA/05/07/0437,6.6995211,05-Aug,Children,Male,Catholic,Pre-primary,Underweight,Muganda,Both parents alive,high socioecnomic status,No,Yes,Stage 2,Was not a premature at birth,Yes,mild stress,controls,1617,Advanced immune compromised,,,0.723723013,0.710823115,0.012899898,Decreased,10-Dec,LL,LA/LG,A:G,A:A,C:T,G:G,T:G,G:G,T:G,0,0,0,0
CHAKA/05/07/1146,16,13-17,Adolescent,Female,Catholic,Pre-primary,Underweight,Muganda,Both parents alive,high socioecnomic status,No,Yes,Stage 3,Was not a premature at birth,Yes,severe stress,controls,1347,Advanced immune compromised,0,Undetectable,1.462753298,0.50435889,0.95839441,Decreased,10-Dec,LL,LA/LA,A:A,G:A,C:T,G:G,T:G,G:G,G:G,0,0,0,0
CHAKA/05/07/1147,15,09-Dec,Adolescent,Female,Born Again,Secondary level,Underweight,Muganda,Single parent alive,low socio-economic status,No,Yes,Stage 3,Was not a premature at birth,Yes,mild stress,controls,571,Advanced immune compromised,82,Suppressed,1.648820022,0.865290967,0.78352904,Decreased,12-Dec,LL,LA/LA,A:A,,,,,,,0,0,1,1
CHAKA/05/07/1163,16,09-Dec,Adolescent,Male,Muslim,Secondary level,Normal weight,Muganda,Single parent alive,low socio-economic status,No,Yes,Stage 2,Was not a premature at birth,Yes,mild stress,controls,199,Normal CD4 range,,,,0.847172177,,,10-Oct,LL,LG/LG,G:G,G:A,C:C,G:G,T:G,G:A,T:T,0,0,1,1
CHAKA/05/07/1169,14,05-Aug,Children,Female,Catholic,Pre-primary,Normal weight,Muganda,Both parents dead,low socio-economic status,No,Yes,Stage 2,Was not a premature at birth,Yes,moderate stress,controls,1230,Advanced immune compromised,,,1.026938161,0.762490806,0.26444736,Decreased,12-Dec,LL,LA/LA,A:A,A:A,C:T,G:A,G:G,G:A,T:G,0,0,1,1
CHAKA/05/07/1175,17,05-Aug,Children,Male,Muslim,Secondary level,Underweight,Muganda,Single parent alive,high socioecnomic status,No,Yes,Stage 2,Was not a premature at birth,No,mild stress,controls,31,Normal CD4 range,,,0.730354944,0.717177634,0.01317731,Decreased,10-Dec,LL,LA/LA,A:A,G:A,C:C,G:G,T:G,G:A,T:T,0,0,1,1
CHAKA/05/07/1177,15,05-Aug,Children,Female,Catholic,Pre-primary,Underweight,Muganda,Single parent alive,high socioecnomic status,No,Yes,Stage 2,Was not a premature at birth,Yes,mild stress,controls,1400,Advanced immune compromised,,,1.10484209,0.597246508,0.5075956,Decreased,10-Dec,LL,LA/LG,A:G,A:A,C:C,G:G,G:G,G:G,,0,0,0,0
CHAKA/05/07/1183,5.8042436,09-Dec,Adolescent,Male,Catholic,Pre-primary,Underweight,Muganda,Both parents alive,high socioecnomic status,No,Yes,Stage 2,Was not a premature at birth,Yes,moderate stress,controls,978,Advanced immune compromised,78,Suppressed,0.895513143,0.629508719,0.26600441,Decreased,10-Dec,LL,LA/LG,A:G,A:A,C:T,G:G,T:G,G:A,T:G,0,0,0,0
CHAKA/05/07/1186,9.9082823,13-17,Adolescent,Female,Catholic,Pre-primary,Underweight,Muganda,Both parents alive,low socio-economic status,No,Yes,Stage 2,Was not a premature at birth,I don’t know,mild stress,controls,804,Advanced immune compromised,1593,Unsuppressed,0.800915862,0.629844961,0.1710709,Decreased,10-Oct,LS,SA/LG,A:G,G:A,C:T,G:A,T:G,G:A,T:T,0,0,1,1
CHAKA/05/07/1188,7.0143738,05-Aug,Children,Male,Born Again,Pre-primary,Underweight,Muganda,Single parent alive,high socioecnomic status,No,Yes,Stage 2,Was not a premature at birth,Yes,mild stress,controls,1051,Advanced immune compromised,68,Suppressed,0.886944488,0.558957168,0.32798731,Decreased,,LS,LA/SA,A:A,?,C:T,0,G:G,0,T:G,0,0,0,0
CHAKA/05/07/1190,9.1143055,09-Dec,Adolescent,Male,Catholic,Pre-primary,Underweight,Muganda,Both parents alive,high socioecnomic status,No,Yes,Stage 2,Was not a premature at birth,Yes,mild stress,controls,1145,Advanced immune compromised,72,Suppressed,1.016765134,0.710600403,0.30616474,Decreased,10-Dec,LL,LA/LG,A:G,A:A,C:T,G:A,T:G,G:A,G:G,0,0,0,0
CHAKA/05/07/1196,,13-17,Adolescent,Male,Catholic,Pre-primary,Underweight,Muganda,Single parent alive,low socio-economic status,No,Yes,Stage 2,Was not a premature at birth,Yes,severe stress,controls,1752,Advanced immune compromised,10,Suppressed,1.021460184,0.929052713,0.092407472,Decreased,,LL,LA/LA,A:A,A:A,C:C,G:A,T:G,A:A,T:T,0,0,0,0
CHAKA/05/07/1198,14,13-17,Adolescent,Male,Catholic,Pre-primary,Underweight,Muganda,Single parent alive,high socioecnomic status,No,Yes,Stage 4,Was not a premature at birth,Yes,severe stress,controls,924,Advanced immune compromised,0,Undetectable,,0.626933265,,,,,,,,,,,,,1,0,0,1
CHAKA/05/07/1200,13,13-17,Adolescent,Female,Catholic,Pre-primary,Underweight,Muganda,Single parent alive,high socioecnomic status,No,Yes,Stage 4,Was not a premature at birth,Yes,severe stress,controls,839,Advanced immune compromised,89,Suppressed,0.604794157,1.017283231,-0.41248909,Increased,,LL,LA/LA,A:A,A:A,C:C,G:G,T:T,G:A,T:G,0,0,1,1
CHAKA/05/08/0447,5.0266938,13-17,Adolescent,Female,Catholic,Pre-primary,Underweight,Non-Munganda but Ugandan,Both parents alive,high socioecnomic status,No,Yes,Stage 2,Was not a premature at birth,Yes,mild stress,controls,2005,Advanced immune compromised,0,Undetectable,1.265580239,0.583396642,0.68218362,Decreased,,LL,LA/LA,A:A,A:A,C:T,G:A,T:G,A:A,T:T,0,0,0,0
CHAKA/05/08/1279,,05-Aug,Children,Male,Muslim,Pre-primary,Underweight,Muganda,Both parents alive,high socioecnomic status,No,Yes,Stage 2,Was not a premature at birth,Yes,mild stress,controls,476,Possibly immune compromised,1279,Unsuppressed,1.605432234,0.827177589,0.77825463,Decreased,12-Dec,LS,LA/SA,A:A,A:A,C:T,G:A,T:G,A:A,G:G,0,0,0,0
CHAKA/05/08/1288,6.3326488,05-Aug,Children,Male,Muslim,Pre-primary,Underweight,Non-Munganda but Ugandan,Single parent alive,low socio-economic status,No,Yes,Stage 2,Was not a premature at birth,Yes,moderate stress,controls,1275,Advanced immune compromised,10,Suppressed,1.402202034,1.207195609,0.19500643,Decreased,10-Dec,LL,LG/LG,G:G,G:A,T:T,G:G,T:T,G:A,G:G,0,0,0,0
CHAKA/05/08/1289,11.370295,09-Dec,Adolescent,Male,Muslim,Pre-primary,Underweight,Muganda,Both parents alive,high socioecnomic status,No,Yes,Stage 2,Was not a premature at birth,No,mild stress,controls,,,10,Suppressed,1.206252875,1.713417016,-0.50716412,Increased,12-Dec,LL,LA/LG,A:G,A:A,C:T,G:A,T:G,G:A,T:G,0,0,0,0
CHAKA/05/08/1293,15,13-17,Adolescent,Female,Catholic,Pre-primary,Underweight,Muganda,Both parents alive,low socio-economic status,No,Yes,Stage 3,Was not a premature at birth,Yes,severe stress,controls,275,Normal CD4 range,,,1.090725474,0.576181567,0.51454389,Decreased,10-Dec,LS,LA/SA,A:A,A:A,C:T,G:G,T:T,G:G,T:T,0,0,0,0
CHAKA/05/08/1301,10.830937,09-Dec,Adolescent,Male,Muslim,Pre-primary,Underweight,Non-Munganda but Ugandan,Single parent alive,high socioecnomic status,No,Yes,Stage 2,Was not a premature at birth,Yes,mild stress,controls,1227,Advanced immune compromised,0,Undetectable,0.636198427,0.733982061,-0.097783633,Increased,12-Dec,LS,LA/SA,A:A,G:A,C:T,0,T:G,G:G,T:G,0,0,0,0
CHAKA/05/08/1333,13,13-17,Adolescent,Female,Protestant,Pre-primary,Underweight,Muganda,Both parents dead,low socio-economic status,No,Yes,Stage 3,Was not a premature at birth,Yes,mild stress,controls,859,Advanced immune compromised,10,Suppressed,,0.687615505,,,,,,,,,,,,,0,1,0,1
CHAKA/05/08/1334,6.6940451,05-Aug,Children,Female,Catholic,Pre-primary,Underweight,Non-Munganda but Ugandan,Both parents alive,low socio-economic status,No,Yes,Stage 2,Was not a premature at birth,Yes,mild stress,controls,1963,Advanced immune compromised,0,Undetectable,1.352531163,0.543389806,0.80914134,Decreased,10-Dec,LL,LA/LA,A:A,A:A,C:C,G:A,T:G,A:A,T:G,0,0,0,0
CHAKA/05/08/1346,,09-Dec,Adolescent,Female,Catholic,Pre-primary,Underweight,Muganda,Both parents alive,high socioecnomic status,No,Yes,Stage 2,Was not a premature at birth,Yes,moderate stress,controls,19,Normal CD4 range,,,1.200401556,0.907098126,0.29330343,Decreased,,LL,LA/LA,A:A,A:A,C:T,G:G,T:G,G:G,T:T,0,0,0,0
CHAKA/08/05/0521,7.978097,05-Aug,Children,Female,Catholic,Pre-primary,Underweight,Muganda,Both parents alive,high socioecnomic status,No,Yes,Stage 2,Was not a premature at birth,Yes,mild stress,controls,999,Advanced immune compromised,10,Suppressed,0.720159779,0.723555582,-0.003395803,Increased,12-Dec,LL,LA/LA,A:A,G:A,C:T,G:G,T:T,G:A,G:G,0,0,0,0
