PatientID,Age,agecatak,AgeCategory,Gender_of_Child,Religion,Childs_Education_Level,BMI_category,childtrib1,orphanhood,Socio_Economic_Status,Support_Program,Child_Takes_ART,Worst_HIV_Stage,Premature_Birth,Born_with_HIV,Stress,GroupCategory,cd4takeoff1,CD4_category,Viralload,Viralload_Category,Baseline_telomere_length,Telomere_length_12Months,tldiff,telomere_length_change,stin2vntr_,httlpr1_polymorphism,HTTLPRrs35531,rs35531_polymorphism,Rs10482605_polymorphism,Rs1360780_polymorphism,rs1386494_polymorphism,rs1843809_polymorphism,rs34517220_polymorphism,rs4570625_polymorphism,gadall,mddall,ptsdall,IMDs
CHAKA/01/01/0001,11.66872,9-12,Adolescent,Female,Born Again,Pre-primary,Underweight,Non-Munganda but Ugandan,Single parent alive,high socioecnomic status,No,Yes,Stage 3,Was not a premature at birth,Yes,mild stress,cases,1125,Advanced immune compromised,0,Undetectable,1.085469457,1.038387539,.047081918,Decreased,,SS,,,A:A,C:T,A:A,G:G,A:A,G:G,0,0,0,0
CHAKA/01/01/0002,15,13-17,Adolescent,Male,Protestant,Pre-primary,Normal weight,Non-Munganda but Ugandan,Single parent alive,low socio-economic status,Yes,Yes,Stage 3,Was not a premature at birth,Yes,severe stress,cases,559,Advanced immune compromised,33276,Unsuppressed,1.206384167,,,,12/12,SS,SA/SA,A:A,A:A,C:T,A:A,G:G,A:A,T:G,0,0,0,0
CHAKA/01/01/0003,6.020534,9-12,Adolescent,Female,Muslim,Pre-primary,Underweight,Muganda,Both parents alive,high socioecnomic status,Yes,Yes,Stage 3,Was not a premature at birth,Yes,moderate stress,controls,230,Normal CD4 range,126898,Unsuppressed,1.251030955,,,,10/10,LL,LA/LG,A:G,G:A,C:T,G:A,T:G,A:A,G:G,0,0,0,0
CHAKA/01/02/0152,5.2429843,5-8,Children,Female,Catholic,Pre-primary,Underweight,Non-Munganda but Ugandan,,high socioecnomic status,No,Yes,Stage 2,Was not a premature at birth,Yes,severe stress,controls,1683,Advanced immune compromised,104,Suppressed,1.682923021,.914862867,.76806015,Decreased,12/12,LS,SA/LG,A:G,A:A,C:C,G:A,T:G,A:A,G:G,0,0,0,0
CHAKA/01/02/0153,11.696098,9-12,Adolescent,Female,Muslim,Pre-primary,Underweight,Muganda,Both parents alive,high socioecnomic status,No,Yes,Stage 3,Was not a premature at birth,Yes,moderate stress,cases,1080,Advanced immune compromised,0,Undetectable,1.131768269,.903364719,.22840355,Decreased,12/12,LL,LA/LA,A:A,A:A,C:C,G:G,T:G,G:A,G:G,0,0,1,1
CHAKA/01/02/0155,8.4298429,5-8,Children,Male,Muslim,Pre-primary,Underweight,Muganda,Both parents alive,high socioecnomic status,No,Yes,Stage 3,Was not a premature at birth,Yes,severe stress,controls,635,Advanced immune compromised,73,Suppressed,.019943151,,,,10/12,LS,LA/SA,A:A,A:A,C:C,G:G,T:G,G:G,G:G,0,1,0,1
CHAKA/01/02/0156,7.0362763,5-8,Children,Male,Catholic,Pre-primary,Underweight,Muganda,Both parents alive,high socioecnomic status,No,Yes,Stage 3,Was not a premature at birth,Yes,moderate stress,controls,1164,Advanced immune compromised,10,Suppressed,.98579052,.854122936,.13166758,Decreased,12/12,LL,LA/LA,A:A,A:A,C:C,G:G,T:T,A:A,G:G,0,0,0,0
CHAKA/01/02/0157,7.7481179,5-8,Children,Female,Catholic,Pre-primary,Underweight,Muganda,Both parents alive,high socioecnomic status,No,Yes,Stage 3,Was not a premature at birth,Yes,moderate stress,controls,1472,Advanced immune compromised,0,Undetectable,1.227321023,1.376915173,-.14959414,Increased,12/12,LS,LA/SA,A:A,A:A,C:T,G:G,T:G,G:A,T:T,0,1,0,1
CHAKA/01/02/0159,15,13-17,Adolescent,Male,Catholic,Pre-primary,Underweight,Muganda,Both parents alive,high socioecnomic status,No,Yes,Stage 2,Was not a premature at birth,Yes,severe stress,cases,1042,Advanced immune compromised,0,Undetectable,,,,,12/12,LS,LA/SA,A:A,?,C:C,G:G,0,G:G,T:G,0,0,0,0
CHAKA/01/02/0162,6.7542777,5-8,Children,Female,Catholic,Pre-primary,Underweight,Non-Munganda but Ugandan,,low socio-economic status,No,Yes,Stage 3,Was not a premature at birth,Yes,severe stress,controls,941,Advanced immune compromised,15605,Unsuppressed,1.388831245,.630227271,.75860399,Decreased,10/12,LL,LA/LA,A:A,A:A,C:T,G:A,T:G,A:A,G:G,0,0,1,1
CHAKA/01/02/0165,8.5037642,5-8,Children,Male,Catholic,Pre-primary,Underweight,Muganda,Single parent alive,high socioecnomic status,No,Yes,Stage 2,Was not a premature at birth,Yes,mild stress,controls,745,Advanced immune compromised,10,Suppressed,1.329941222,1.33274843,-.0028072081,Increased,10/12,LS,SA/LG,A:G,A:A,C:T,G:A,G:G,G:A,T:G,0,0,0,0
CHAKA/01/02/0167,14,13-17,Adolescent,Male,Protestant,Secondary level,Obesity,Muganda,Both parents dead,high socioecnomic status,No,Yes,Stage 2,Was not a premature at birth,Yes,mild stress,cases,123,Normal CD4 range,37050,Unsuppressed,1.49102383,,,,12/12,LL,LA/LA,A:A,A:A,C:T,G:G,T:G,G:A,T:T,0,0,0,0
CHAKA/01/02/0171,7.1321015,13-17,Adolescent,Female,Catholic,Pre-primary,Underweight,Muganda,Both parents alive,high socioecnomic status,No,Yes,Stage 4,Was not a premature at birth,Yes,moderate stress,controls,1874,Advanced immune compromised,,,1.741269602,.480822351,1.2604473,Decreased,,,,,,,,,,,0,0,0,0
CHAKA/01/02/0172,7.6687202,9-12,Adolescent,Female,Catholic,Pre-primary,Underweight,Muganda,Both parents alive,high socioecnomic status,No,Yes,Stage 2,Was not a premature at birth,Yes,severe stress,controls,3924,Advanced immune compromised,10,Suppressed,,1.741269602,,,,,,,,,,,,,0,0,0,0
CHAKA/01/02/0173,9.5195074,9-12,Adolescent,Male,Born Again,Pre-primary,Underweight,Non-Munganda but Ugandan,Both parents alive,high socioecnomic status,No,Yes,Stage 3,Was not a premature at birth,Yes,mild stress,cases,540,Advanced immune compromised,0,Undetectable,1.734832686,.855787348,.87904537,Decreased,10/12,LL,LA/LA,A:A,A:A,C:T,G:G,T:G,G:A,G:G,0,0,1,1
CHAKA/01/02/0174,7.323751,5-8,Children,Male,Protestant,Pre-primary,Underweight,Non-Munganda but Ugandan,Both parents alive,high socioecnomic status,No,Yes,Stage 3,Was not a premature at birth,Yes,mild stress,controls,193,Normal CD4 range,44216,Unsuppressed,1.441053906,.837295361,.60375857,Decreased,12/12,LL,LA/LA,A:A,A:A,C:C,G:G,T:T,A:A,T:G,0,0,0,0
CHAKA/01/02/0175,12,9-12,Adolescent,Male,Catholic,Pre-primary,Underweight,Muganda,Both parents alive,high socioecnomic status,No,Yes,Stage 3,Was not a premature at birth,Yes,severe stress,cases,922,Advanced immune compromised,0,Undetectable,1.345982994,.574337344,.77164567,Decreased,10/12,LL,LA/LA,A:A,A:A,C:T,G:G,T:G,G:A,G:G,1,0,1,1
CHAKA/01/02/0176,10.302532,9-12,Adolescent,Male,Catholic,Pre-primary,Underweight,Muganda,Both parents alive,high socioecnomic status,No,Yes,Stage 2,Was not a premature at birth,Yes,moderate stress,controls,1495,Advanced immune compromised,10,Suppressed,1.420095484,.731012263,.68908322,Decreased,10/12,LL,LA/LA,A:A,A:A,C:C,G:G,G:G,G:G,T:G,0,0,0,0
CHAKA/01/02/0177,15,13-17,Adolescent,Female,Protestant,Pre-primary,Normal weight,Muganda,Both parents dead,high socioecnomic status,No,Yes,Stage 3,Was not a premature at birth,Yes,severe stress,cases,504,Advanced immune compromised,,,1.235339262,.522947806,.71239144,Decreased,10/12,LL,LA/LG,A:G,A:A,C:T,0,T:T,A:A,T:T,1,1,1,1
CHAKA/01/02/0178,16,13-17,Adolescent,Female,Born Again,Secondary level,Normal weight,Non-Munganda but Ugandan,Both parents alive,low socio-economic status,No,Yes,Stage 3,Was not a premature at birth,Yes,severe stress,controls,1022,Advanced immune compromised,,,,.9992538479999999,,,,,,,,,,,,,0,0,1,1
CHAKA/01/02/0179,11.093771,9-12,Adolescent,Female,Muslim,Pre-primary,Underweight,Muganda,Single parent alive,high socioecnomic status,No,Yes,Stage 2,Was not a premature at birth,Yes,moderate stress,controls,855,Advanced immune compromised,0,Undetectable,1.719963668,.808661255,.91130239,Decreased,10/10,LL,LA/LA,A:A,A:A,C:C,G:G,T:G,G:A,G:G,0,0,0,0
CHAKA/01/02/0180,10.349076,9-12,Adolescent,Male,Protestant,Pre-primary,Underweight,Muganda,Both parents alive,high socioecnomic status,No,Yes,Stage 2,Was not a premature at birth,Yes,severe stress,cases,1484,Advanced immune compromised,10,Suppressed,,.778171515,,,12/12,LS,LA/SA,A:A,A:A,C:C,G:G,T:G,G:G,T:G,0,0,0,0
CHAKA/01/02/0182,13,13-17,Adolescent,Male,Catholic,Pre-primary,Obesity,Muganda,Both parents dead,high socioecnomic status,No,Yes,Stage 2,I don’t know,Yes,severe stress,cases,1309,Advanced immune compromised,,,,.827943212,,,10/12,LL,LA/LA,A:A,G:A,T:T,G:G,T:G,G:A,G:G,0,0,0,0
CHAKA/01/02/0183,14,13-17,Adolescent,Female,Catholic,Secondary level,Normal weight,Muganda,Both parents dead,high socioecnomic status,No,Yes,Stage 3,Was not a premature at birth,Yes,moderate stress,controls,789,Advanced immune compromised,2827,Unsuppressed,1.459316395,.883222684,.57609373,Decreased,10/10,SS,SA/SA,A:A,A:A,T:T,G:G,T:G,G:G,T:G,0,0,0,0
CHAKA/01/02/0185,13,9-12,Adolescent,Male,Muslim,Secondary level,Underweight,Non-Munganda but Ugandan,Single parent alive,high socioecnomic status,No,Yes,Stage 3,Was not a premature at birth,Yes,moderate stress,cases,216,Normal CD4 range,,,1.075606057,,,,12/12,LL,LA/LG,A:G,A:A,C:T,G:G,T:T,A:A,T:G,0,0,0,0
CHAKA/01/02/0186,13,13-17,Adolescent,Female,Protestant,Pre-primary,Normal weight,Muganda,Single parent alive,high socioecnomic status,No,Yes,Stage 3,Was not a premature at birth,Yes,severe stress,controls,601,Advanced immune compromised,,,1.200902877,,,,10/12,LL,LA/LG,A:G,?,C:T,G:A,T:G,G:A,T:T,0,0,1,1
CHAKA/01/02/0187,12,13-17,Adolescent,Male,Catholic,Pre-primary,Underweight,Non-Munganda but Ugandan,Both parents alive,high socioecnomic status,No,Yes,Stage 3,Was not a premature at birth,Yes,moderate stress,cases,790,Advanced immune compromised,,,1.405206444,1.058849519,.34635693,Decreased,12/12,LL,LA/LA,A:A,A:A,C:T,G:A,G:G,G:A,T:T,0,0,1,1
CHAKA/01/02/0188,14,9-12,Adolescent,Female,Born Again,Pre-primary,Underweight,Muganda,Both parents dead,high socioecnomic status,No,Yes,Stage 3,Was not a premature at birth,Yes,severe stress,cases,234,Normal CD4 range,,,1.176255778,,,,12/12,LS,LA/SA,A:A,A:A,C:C,G:A,T:G,A:A,T:G,0,0,1,1
CHAKA/01/02/0191,13,13-17,Adolescent,Male,Protestant,Pre-primary,Underweight,Non-Munganda but Ugandan,Both parents alive,high socioecnomic status,No,Yes,Stage 3,Was not a premature at birth,No,severe stress,cases,319,Normal CD4 range,,,1.222356972,.95537998,.26697698,Decreased,12/12,SS,SA/SA,A:A,A:A,C:C,G:A,T:G,G:G,T:G,0,0,0,0
CHAKA/01/02/0194,9.5633125,9-12,Adolescent,Male,Protestant,Pre-primary,Underweight,Non-Munganda but Ugandan,Both parents alive,high socioecnomic status,No,Yes,Stage 2,Was not a premature at birth,Yes,mild stress,cases,1572,Advanced immune compromised,10,Suppressed,1.537934488,.919560674,.61837381,Decreased,10/12,LL,LA/LG,A:G,G:A,C:T,G:G,T:G,G:A,T:T,0,0,0,0
CHAKA/01/02/0196,7.4086242,5-8,Children,Female,Catholic,Pre-primary,Underweight,Muganda,Both parents alive,high socioecnomic status,No,Yes,Stage 3,Was not a premature at birth,Yes,mild stress,controls,593,Advanced immune compromised,336981,Unsuppressed,,.8822910390000001,,,12/12,SS,SA/SA,A:A,A:A,C:C,G:G,T:G,G:A,G:G,0,0,0,0
CHAKA/01/02/0197,9.1115675,13-17,Adolescent,Female,Catholic,Pre-primary,Underweight,Muganda,Both parents alive,high socioecnomic status,No,Yes,Stage 3,Was not a premature at birth,Yes,mild stress,controls,848,Advanced immune compromised,0,Undetectable,.980561675,.845569161,.13499251,Decreased,12/12,LS,LA/SA,A:A,A:A,C:T,G:A,T:G,A:A,T:T,0,0,0,0
CHAKA/01/02/0198,14,13-17,Adolescent,Female,Protestant,Pre-primary,Normal weight,Muganda,Both parents alive,high socioecnomic status,No,Yes,Stage 4,Was not a premature at birth,Yes,severe stress,controls,335,Normal CD4 range,,,,1.115218253,,,10/12,LL,LA/LA,A:A,A:A,T:T,G:G,T:G,G:A,T:G,0,0,1,1
CHAKA/01/02/0201,8.7173166,5-8,Children,Female,Protestant,Pre-primary,Underweight,Muganda,Single parent alive,high socioecnomic status,No,Yes,Stage 3,Was not a premature at birth,Yes,mild stress,cases,1022,Advanced immune compromised,10,Suppressed,1.315371088,.844034937,.47133616,Decreased,12/12,LL,LA/LA,A:A,A:A,?,G:A,G:G,G:A,T:G,0,0,0,0
CHAKA/01/02/0211,10.47228,9-12,Adolescent,Female,Protestant,Pre-primary,Underweight,Non-Munganda but Ugandan,Single parent alive,high socioecnomic status,No,Yes,Stage 4,Was a premature at birth,Yes,moderate stress,controls,2856,Advanced immune compromised,20,Suppressed,1.268638318,,,,12/12,LL,LA/LA,A:A,A:A,T:T,G:A,T:G,A:A,G:G,0,0,0,0
CHAKA/01/02/0212,11.559206,9-12,Adolescent,Male,Born Again,Pre-primary,Underweight,Muganda,Both parents alive,low socio-economic status,No,Yes,Stage 2,Was not a premature at birth,Yes,mild stress,controls,908,Advanced immune compromised,0,Undetectable,1.321700357,,,,12/12,LS,LA/SA,A:A,A:A,C:T,G:G,T:G,G:A,T:G,0,1,0,1
CHAKA/01/02/0213,12,5-8,Children,Female,Catholic,Pre-primary,Underweight,Muganda,Single parent alive,high socioecnomic status,No,Yes,Stage 3,Was not a premature at birth,Yes,mild stress,controls,1046,Advanced immune compromised,,,1.081925726,,,,10/12,LS,LA/SA,A:A,A:A,T:T,G:G,T:T,A:A,G:G,0,0,1,1
CHAKA/01/02/0214,10.735113,13-17,Adolescent,Female,Catholic,Pre-primary,Underweight,Non-Munganda but Ugandan,Both parents alive,high socioecnomic status,No,Yes,Stage 3,Was not a premature at birth,Yes,mild stress,controls,836,Advanced immune compromised,10,Suppressed,1.254457595,,,,12/12,LL,LA/LA,A:A,A:A,C:C,G:G,T:T,G:A,T:G,0,0,0,0
CHAKA/01/02/0215,15,13-17,Adolescent,Male,Protestant,Pre-primary,Normal weight,Muganda,Single parent alive,high socioecnomic status,No,Yes,Stage 3,Was not a premature at birth,Yes,severe stress,cases,736,Advanced immune compromised,,,,.933969933,,,12/12,LL,LA/LA,A:A,?,C:C,G:A,T:G,G:A,T:T,0,0,0,0
CHAKA/01/02/0219,10.494182,9-12,Adolescent,Female,Protestant,Pre-primary,Underweight,Muganda,Single parent alive,high socioecnomic status,No,Yes,Stage 3,Was not a premature at birth,Yes,moderate stress,controls,150,Normal CD4 range,779675,Unsuppressed,,,,,,,,,,,,,,,0,0,0,0
CHAKA/01/02/0223,10.896646,9-12,Adolescent,Male,Catholic,Pre-primary,Underweight,Non-Munganda but Ugandan,Single parent alive,high socioecnomic status,No,Yes,Stage 3,Was not a premature at birth,Yes,moderate stress,controls,702,Advanced immune compromised,0,Undetectable,1.303673058,.998377445,.30529562,Decreased,12/12,LS,LA/SA,A:A,G:A,C:T,G:A,T:G,G:A,T:G,0,0,0,0
CHAKA/01/02/0224,9.5030804,9-12,Adolescent,Male,Protestant,Pre-primary,Underweight,Non-Munganda but Ugandan,Single parent alive,high socioecnomic status,No,Yes,Stage 3,Was not a premature at birth,Yes,mild stress,controls,476,Possibly immune compromised,10268,Unsuppressed,,,,,10/12,LL,LA/LG,A:G,A:A,C:T,G:G,T:G,G:A,T:G,0,0,0,0
CHAKA/01/02/0225,9.2265568,9-12,Adolescent,Male,Muslim,Pre-primary,Underweight,Muganda,Both parents dead,high socioecnomic status,No,Yes,Stage 2,Was not a premature at birth,Yes,mild stress,cases,1090,Advanced immune compromised,0,Undetectable,,.7357,,,10/12,LS,LA/SA,A:A,A:A,C:T,G:G,T:G,G:G,G:G,0,0,0,0
CHAKA/01/02/0270,10.253251,5-8,Children,Female,Catholic,Pre-primary,Underweight,Muganda,Both parents alive,low socio-economic status,No,Yes,Stage 2,Was not a premature at birth,Yes,moderate stress,controls,563,Advanced immune compromised,31,Suppressed,,,,,,,,,,,,,,,0,0,0,0
CHAKA/01/02/0338,14,5-8,Children,Female,Muslim,Pre-primary,Underweight,Muganda,Both parents alive,high socioecnomic status,No,Yes,Stage 3,Was not a premature at birth,Yes,severe stress,controls,608,Advanced immune compromised,,,.771251821,,,,12/12,LL,LA/LG,A:G,A:A,C:C,G:A,T:G,A:A,T:G,0,0,0,0
CHAKA/01/02/0339,14,13-17,Adolescent,Female,Catholic,Secondary level,Underweight,Muganda,Both parents alive,high socioecnomic status,No,Yes,Stage 3,Was not a premature at birth,Yes,mild stress,cases,494,Possibly immune compromised,,,1.14187041,1.204068801,-.062198389,Increased,10/12,LL,LG/LG,G:G,G:A,C:T,G:G,T:T,A:A,T:G,0,0,1,1
CHAKA/01/02/0341,15,13-17,Adolescent,Female,Muslim,Secondary level,Overweight,Non-Munganda but Ugandan,Single parent alive,low socio-economic status,No,Yes,Stage 3,Was not a premature at birth,Yes,mild stress,cases,205,Normal CD4 range,,,.8772811700000001,1.212370335,-.33508918,Increased,12/12,LS,LA/SA,A:A,A:A,C:T,G:G,T:T,G:G,T:T,0,0,1,1
CHAKA/01/02/0343,5.322382,5-8,Children,Male,Catholic,Pre-primary,Underweight,Muganda,Both parents alive,high socioecnomic status,No,Yes,Stage 2,Was not a premature at birth,Yes,moderate stress,cases,1401,Advanced immune compromised,21,Suppressed,2.130282147,.9959486520000001,1.1343335,Decreased,10/12,LL,LA/LG,A:G,A:A,C:T,G:G,G:G,G:G,G:G,0,0,0,0
CHAKA/01/02/0344,10.110883,9-12,Adolescent,Male,Muslim,Pre-primary,Underweight,Muganda,Both parents alive,high socioecnomic status,No,Yes,Stage 2,Was not a premature at birth,Yes,severe stress,cases,1365,Advanced immune compromised,1307,Unsuppressed,1.064150675,.793425076,.27072561,Decreased,10/12,SS,SA/SA,A:A,G:A,C:C,G:G,T:G,G:G,G:G,1,1,1,1
CHAKA/01/02/0345,13,13-17,Adolescent,Female,Born Again,Pre-primary,Underweight,Muganda,Both parents dead,high socioecnomic status,No,Yes,Stage 3,Was not a premature at birth,Yes,severe stress,cases,708,Advanced immune compromised,,,1.086553214,2.091526605,-1.0049734,Increased,10/12,LL,LA/LA,A:A,?,C:C,G:G,G:G,G:G,T:G,0,0,1,1
CHAKA/01/02/0350,14,9-12,Adolescent,Female,Muslim,Pre-primary,Normal weight,Non-Munganda but Ugandan,Single parent alive,low socio-economic status,No,Yes,Stage 3,Was not a premature at birth,Yes,moderate stress,controls,358,Possibly immune compromised,,,,,,,,,,,,,,,,,0,0,1,1
CHAKA/01/02/0352,15,9-12,Adolescent,Female,Muslim,Secondary level,Underweight,Muganda,Both parents alive,high socioecnomic status,No,Yes,Stage 2,Was not a premature at birth,Yes,severe stress,controls,392,Possibly immune compromised,1033,Unsuppressed,,,,,,LL,LA/LG,A:G,?,C:C,G:G,T:G,G:A,T:G,0,1,1,1
CHAKA/01/02/0353,10.015059,5-8,Children,Male,Catholic,Pre-primary,Underweight,Muganda,Single parent alive,high socioecnomic status,No,Yes,Stage 3,Was not a premature at birth,Yes,mild stress,controls,1033,Advanced immune compromised,0,Undetectable,.91418161,1.832415906,-.91823429,Increased,,LL,LA/LG,A:G,?,?,G:G,T:G,G:G,T:G,0,0,0,0
CHAKA/01/02/0354,7.0225873,5-8,Children,Male,Protestant,Pre-primary,Underweight,Non-Munganda but Ugandan,Both parents alive,high socioecnomic status,No,Yes,Stage 3,Was not a premature at birth,Yes,moderate stress,controls,1609,Advanced immune compromised,0,Undetectable,,,,,,,,,,,,,,,0,0,0,0
CHAKA/01/03/0301,11.430527,9-12,Adolescent,Male,Protestant,Pre-primary,Underweight,Muganda,Both parents alive,low socio-economic status,No,Yes,Stage 2,Was not a premature at birth,Yes,severe stress,cases,707,Advanced immune compromised,93,Suppressed,1.201022137,.568686336,.63233578,Decreased,,LS,,,G:A,C:C,G:G,T:G,G:A,T:G,0,0,1,1
CHAKA/01/03/0302,7.545517,5-8,Children,Male,Catholic,Pre-primary,Underweight,Muganda,Both parents alive,low socio-economic status,No,No,Stage 2,Was not a premature at birth,Yes,severe stress,cases,883,Advanced immune compromised,0,Undetectable,1.268033494,,,,,LL,,,G:A,C:C,G:G,T:T,A:A,G:G,0,1,0,1
CHAKA/01/03/0303,13,5-8,Children,Male,Muslim,Pre-primary,Underweight,Muganda,Both parents dead,low socio-economic status,No,Yes,Stage 2,I don’t know,Yes,moderate stress,controls,244,Normal CD4 range,516,Suppressed,1.039247022,.983685279,.055561744,Decreased,10/12,LL,LA/LG,A:G,G:A,C:C,G:A,T:G,G:A,T:T,0,0,0,0
CHAKA/01/03/0305,14,13-17,Adolescent,Female,Muslim,Secondary level,Normal weight,Muganda,Both parents alive,low socio-economic status,No,Yes,Stage 2,Was not a premature at birth,No,severe stress,cases,500,Possibly immune compromised,1106,Unsuppressed,,,,,10/12,LL,LA/LG,A:G,?,C:T,G:G,T:T,G:G,T:G,0,0,1,1
CHAKA/01/03/0306,5.3442845,5-8,Children,Male,Catholic,Pre-primary,Underweight,Non-Munganda but Ugandan,Both parents alive,high socioecnomic status,No,Yes,Stage 2,Was not a premature at birth,Yes,mild stress,controls,753,Advanced immune compromised,10,Suppressed,1.18431249,.727389474,.45692301,Decreased,12/12,LL,LA/LG,A:G,A:A,C:C,G:G,T:T,A:A,G:G,0,0,0,0
CHAKA/01/03/0310,11.342916,9-12,Adolescent,Female,Protestant,Pre-primary,Underweight,Non-Munganda but Ugandan,Both parents alive,high socioecnomic status,No,Yes,Stage 2,Was not a premature at birth,Yes,severe stress,controls,432,Possibly immune compromised,0,Undetectable,1.349022151,1.025237044,.3237851,Decreased,10/12,LS,LA/SA,A:A,A:A,C:C,G:G,T:T,G:A,T:G,0,0,0,0
CHAKA/01/03/0311,11.488022,9-12,Adolescent,Female,Catholic,Pre-primary,Normal weight,Muganda,Both parents alive,low socio-economic status,No,Yes,Stage 3,Was not a premature at birth,Yes,severe stress,cases,839,Advanced immune compromised,0,Undetectable,1.766849669,.585146922,1.1817027,Decreased,10/10,LL,LA/LA,A:A,G:A,T:T,G:G,T:T,G:A,G:G,0,0,0,0
CHAKA/01/03/0312,10.138262,5-8,Children,Male,Catholic,,Underweight,Non-Munganda but Ugandan,Single parent alive,low socio-economic status,Yes,Yes,Stage 2,Was not a premature at birth,Yes,severe stress,cases,435,Possibly immune compromised,9420,Unsuppressed,1.665430999,1.209959442,.45547155,Decreased,12/12,LS,LA/SA,A:A,A:A,C:T,G:G,T:T,A:A,,0,0,0,0
CHAKA/01/03/0314,12,9-12,Adolescent,Male,Muslim,Pre-primary,Underweight,Muganda,Single parent alive,high socioecnomic status,No,Yes,Stage 3,Was not a premature at birth,Yes,severe stress,cases,1374,Advanced immune compromised,,,1.21471783,1.980562525,-.7658447,Increased,12/12,LL,LA/LA,A:A,G:A,C:C,G:G,T:T,G:A,T:G,1,1,1,1
CHAKA/01/03/0315,12,9-12,Adolescent,Female,Protestant,Pre-primary,Underweight,Muganda,Both parents alive,low socio-economic status,No,Yes,Stage 2,,Yes,severe stress,cases,696,Advanced immune compromised,30440,Unsuppressed,1.240154044,1.34470972,-.10455567,Increased,12/12,LL,LA/LA,A:A,A:A,C:T,G:G,T:T,G:A,T:G,0,0,1,1
CHAKA/01/03/0317,14,5-8,Children,Male,Born Again,Secondary level,Underweight,Non-Munganda but Ugandan,Single parent alive,high socioecnomic status,No,Yes,Stage 2,Was not a premature at birth,Yes,moderate stress,controls,84,Normal CD4 range,62272,Unsuppressed,.91332543,.554227276,.35909817,Decreased,12/12,LL,LA/LA,A:A,A:A,C:T,G:G,T:T,G:A,T:T,0,0,1,1
CHAKA/01/03/0318,8.6351814,9-12,Adolescent,Male,Born Again,Pre-primary,Underweight,Muganda,Single parent alive,low socio-economic status,No,Yes,Stage 3,Was not a premature at birth,No,moderate stress,controls,408,Possibly immune compromised,161446,Unsuppressed,1.325764372,.903892202,.42187217,Decreased,12/12,LL,LA/LA,A:A,A:A,T:T,G:G,G:G,G:G,,0,0,1,1
CHAKA/01/03/0319,12,9-12,Adolescent,Male,Born Again,Pre-primary,Underweight,Non-Munganda but Ugandan,Both parents alive,high socioecnomic status,No,Yes,Stage 3,I don’t know,Yes,mild stress,cases,172,Normal CD4 range,101523,Unsuppressed,1.794105343,.29745948,1.4966458,Decreased,12/12,LL,LA/LA,A:A,G:A,C:C,G:G,G:G,G:G,G:G,0,0,1,1
CHAKA/01/03/0320,7.6495552,5-8,Children,Male,Catholic,No formal education,Underweight,Non-Munganda but Ugandan,Both parents alive,low socio-economic status,No,Yes,Stage 3,Was not a premature at birth,Yes,mild stress,controls,1205,Advanced immune compromised,20,Suppressed,.999459566,,,,12/12,LL,LA/LA,A:A,A:A,T:T,G:G,T:T,A:A,T:T,0,0,0,0
CHAKA/01/03/0323,12,9-12,Adolescent,Male,Protestant,Pre-primary,Underweight,Muganda,Single parent alive,high socioecnomic status,No,Yes,Stage 3,Was not a premature at birth,Yes,moderate stress,cases,518,Advanced immune compromised,10,Suppressed,1.003324372,1.133706659,-.13038228,Increased,10/10,LS,LA/SA,A:A,A:A,C:T,G:G,T:G,G:G,T:G,0,1,1,1
CHAKA/01/03/0325,9.3524981,13-17,Adolescent,Male,Protestant,Pre-primary,Underweight,Non-Munganda but Ugandan,Both parents alive,low socio-economic status,No,Yes,Stage 2,Was not a premature at birth,Yes,moderate stress,controls,1121,Advanced immune compromised,10,Suppressed,,.707265276,,,12/12,LS,LA/SA,A:A,A:A,C:T,G:G,T:G,G:G,G:G,0,0,0,0
CHAKA/01/03/0328,13,13-17,Adolescent,Male,Catholic,Pre-primary,Underweight,Non-Munganda but Ugandan,Both parents alive,high socioecnomic status,No,Yes,Stage 3,Was not a premature at birth,Yes,severe stress,cases,1114,Advanced immune compromised,0,Undetectable,1.200079964,,,,12/12,LL,LA/LA,A:A,A:A,C:T,G:G,T:G,G:A,G:G,0,0,1,1
CHAKA/01/03/0332,6.6967831,5-8,Children,Male,Catholic,Pre-primary,Underweight,Muganda,Both parents alive,high socioecnomic status,No,Yes,Stage 2,Was not a premature at birth,Yes,severe stress,cases,237,Normal CD4 range,286834,Unsuppressed,1.602989813,,,,10/12,LS,LA/SA,A:A,A:A,T:T,G:A,G:G,G:G,G:G,0,0,0,0
CHAKA/01/04/0530,14,9-12,Adolescent,Male,Muslim,Pre-primary,Underweight,Non-Munganda but Ugandan,Single parent alive,low socio-economic status,No,Yes,Stage 1,Was not a premature at birth,Yes,moderate stress,cases,667,Advanced immune compromised,5652,Unsuppressed,1.015051279,,,,10/12,LS,SA/LG,A:G,A:A,C:T,G:G,T:G,G:A,,0,0,0,0
CHAKA/01/04/0531,8.1889114,9-12,Adolescent,Female,Catholic,Pre-primary,Underweight,Muganda,Both parents alive,high socioecnomic status,No,Yes,Stage 1,Was not a premature at birth,Yes,moderate stress,controls,,,,,,,,,,,,,,,,,,,0,0,0,0
CHAKA/01/04/0532,9.0294323,9-12,Adolescent,Female,Born Again,Pre-primary,Underweight,Non-Munganda but Ugandan,Single parent alive,low socio-economic status,No,Yes,Stage 1,Was not a premature at birth,Yes,severe stress,controls,1500,Advanced immune compromised,31,Suppressed,.906184916,1.765027384,-.85884249,Increased,12/12,LS,LA/SA,A:A,A:A,C:C,G:G,T:T,G:A,T:T,0,0,0,0
CHAKA/01/04/0535,,9-12,Adolescent,Female,Muslim,Pre-primary,Underweight,Muganda,Both parents alive,low socio-economic status,No,Yes,Stage 1,Was not a premature at birth,No,severe stress,cases,1025,Advanced immune compromised,252948,Unsuppressed,1.17144688,1.044110081,.1273368,Decreased,10/12,LL,LA/LA,A:A,?,C:C,G:G,G:G,G:G,,0,0,0,0
CHAKA/01/04/0537,11.786448,9-12,Adolescent,Female,Protestant,Pre-primary,Normal weight,Non-Munganda but Ugandan,Both parents alive,high socioecnomic status,No,Yes,Stage 1,Was not a premature at birth,Yes,mild stress,cases,622,Advanced immune compromised,0,Undetectable,1.327270193,.912658863,.41461134,Decreased,12/12,LL,LA/LA,A:A,G:A,C:C,G:G,T:T,G:A,T:G,0,0,0,0
CHAKA/01/04/0538,7.8329911,5-8,Children,Female,Muslim,Pre-primary,Normal weight,Muganda,Both parents alive,low socio-economic status,No,Yes,Stage 1,Was not a premature at birth,Yes,moderate stress,cases,1732,Advanced immune compromised,0,Undetectable,,1.025107897,,,10/12,LL,LA/LG,A:G,?,T:T,G:G,G:G,G:G,T:T,1,0,0,1
CHAKA/01/04/0540,8.7529087,5-8,Children,Male,Muslim,Pre-primary,Underweight,Non-Munganda but Ugandan,Single parent alive,high socioecnomic status,No,No,Stage 1,Was not a premature at birth,Yes,severe stress,cases,927,Advanced immune compromised,13210,Unsuppressed,,.19117871,,,10/12,LL,LA/LA,A:A,A:A,C:C,G:G,T:G,G:A,G:G,0,0,0,0
CHAKA/01/04/0542,14,9-12,Adolescent,Female,Protestant,Secondary level,Overweight,Muganda,Single parent alive,low socio-economic status,No,Yes,Stage 1,Was not a premature at birth,Yes,mild stress,controls,437,Possibly immune compromised,1708,Unsuppressed,,,,,,,,,,,,,,,0,1,0,1
CHAKA/01/04/0545,13,13-17,Adolescent,Female,Protestant,Secondary level,Overweight,Non-Munganda but Ugandan,Both parents alive,high socioecnomic status,No,Yes,Stage 2,Was not a premature at birth,Yes,severe stress,cases,1404,Advanced immune compromised,0,Undetectable,1.350011457,.449048349,.90096313,Decreased,12/12,SS,SA/SA,A:A,A:A,C:C,G:G,T:T,G:A,,0,0,1,1
CHAKA/01/04/0547,12,9-12,Adolescent,Female,Catholic,Pre-primary,Normal weight,Muganda,Both parents alive,high socioecnomic status,No,Yes,Stage 1,Was not a premature at birth,Yes,severe stress,controls,794,Advanced immune compromised,248,Suppressed,,.836194958,,,12/12,LL,LA/LA,A:A,G:A,C:T,G:A,T:G,A:A,G:G,0,0,0,0
CHAKA/01/04/0548,10.718686,9-12,Adolescent,Male,Catholic,Pre-primary,Normal weight,Muganda,Both parents alive,high socioecnomic status,No,Yes,Stage 1,Was not a premature at birth,Yes,severe stress,cases,921,Advanced immune compromised,0,Undetectable,1.168965415,,,,12/12,LL,LA/LG,A:G,A:A,C:T,G:A,G:G,G:A,G:G,0,0,0,0
CHAKA/01/04/0551,11.156742,9-12,Adolescent,Male,Catholic,Pre-primary,Underweight,Muganda,Both parents alive,high socioecnomic status,No,Yes,Stage 1,Was not a premature at birth,Yes,moderate stress,cases,1046,Advanced immune compromised,10,Suppressed,,,,,12/12,LL,LG/LG,G:G,A:A,C:C,A:A,G:G,G:A,T:G,1,0,0,1
CHAKA/01/04/0552,7.3264885,5-8,Children,Male,Catholic,Pre-primary,Underweight,Muganda,Both parents alive,low socio-economic status,No,Yes,Stage 1,Was not a premature at birth,Yes,severe stress,controls,1365,Advanced immune compromised,10,Suppressed,,,,,10/12,SS,SA/SA,A:A,?,C:C,G:G,T:T,A:A,T:G,0,0,0,0
CHAKA/01/04/0555,12,9-12,Adolescent,Female,Catholic,Pre-primary,Normal weight,Muganda,Single parent alive,high socioecnomic status,No,Yes,Stage 1,Was not a premature at birth,Yes,severe stress,cases,1014,Advanced immune compromised,0,Undetectable,.179946275,.8332758850000001,-.65332961,Increased,10/12,LL,LA/LG,A:G,A:A,C:T,G:G,T:G,G:G,,0,0,0,0
CHAKA/01/04/0557,14,13-17,Adolescent,Male,Protestant,Pre-primary,Normal weight,Non-Munganda but Ugandan,Both parents dead,high socioecnomic status,No,Yes,Stage 1,Was not a premature at birth,Yes,severe stress,cases,611,Advanced immune compromised,10,Suppressed,1.512053991,.819303562,.69275045,Decreased,12/12,LL,LA/LG,A:G,A:A,T:T,A:A,G:G,A:A,T:G,0,0,1,1
CHAKA/01/04/0558,11.422314,9-12,Adolescent,Female,Born Again,Pre-primary,Underweight,Muganda,Both parents alive,high socioecnomic status,No,Yes,Stage 1,Was not a premature at birth,Yes,moderate stress,cases,1294,Advanced immune compromised,0,Undetectable,1.166860559,.296571132,.87028944,Decreased,10/12,LL,LA/LG,A:G,G:A,C:T,G:A,T:G,G:A,T:G,0,0,0,0
CHAKA/01/04/0559,14,13-17,Adolescent,Male,Protestant,Pre-primary,Underweight,Muganda,Single parent alive,high socioecnomic status,,Yes,Stage 2,Was not a premature at birth,Yes,severe stress,cases,578,Advanced immune compromised,10,Suppressed,1.040740974,.871231502,.16950947,Decreased,10/12,LS,SA/LG,A:G,A:A,C:C,G:G,T:G,G:G,G:G,0,0,1,1
CHAKA/01/04/0560,13,13-17,Adolescent,Female,Catholic,Pre-primary,Underweight,Muganda,Both parents alive,low socio-economic status,No,Yes,Stage 1,Was not a premature at birth,Yes,moderate stress,controls,976,Advanced immune compromised,6281,Unsuppressed,1.393004222,,,,12/12,LL,LA/LA,A:A,A:A,T:T,G:A,T:G,G:A,G:G,0,0,1,1
CHAKA/01/04/0562,,9-12,Adolescent,Female,Muslim,Pre-primary,Underweight,Muganda,Both parents alive,low socio-economic status,No,Yes,Stage 2,Was not a premature at birth,Yes,severe stress,cases,670,Advanced immune compromised,10,Suppressed,,.541551056,,,10/10,LL,LA/LG,A:G,A:A,C:C,G:G,T:T,G:A,T:G,0,0,0,0
CHAKA/01/04/0566,12,5-8,Children,Female,Catholic,Pre-primary,Normal weight,Muganda,Single parent alive,high socioecnomic status,No,Yes,Stage 1,Was not a premature at birth,Yes,severe stress,cases,557,Advanced immune compromised,198,Suppressed,1.108354813,,,,10/10,LL,LG/LG,G:G,A:A,C:T,G:G,T:T,G:A,T:G,0,0,1,1
CHAKA/01/04/0567,12,9-12,Adolescent,Male,Muslim,Pre-primary,Underweight,Muganda,Both parents dead,high socioecnomic status,No,Yes,Stage 1,Was not a premature at birth,Yes,severe stress,cases,825,Advanced immune compromised,,,1.481517406,,,,10/12,LL,LA/LG,A:G,A:A,C:C,G:A,G:G,G:A,T:G,1,0,1,1
CHAKA/01/04/0568,15,13-17,Adolescent,Female,Born Again,Secondary level,Normal weight,Non-Munganda but Ugandan,Both parents dead,low socio-economic status,No,Yes,Stage 1,Was not a premature at birth,Yes,severe stress,controls,623,Advanced immune compromised,,,,.866178148,,,10/10,LS,SA/LG,A:G,G:G,T:T,G:G,T:G,G:G,G:G,1,0,1,1
CHAKA/01/04/0569,17,13-17,Adolescent,Female,Catholic,Secondary level,Overweight,Muganda,,high socioecnomic status,No,Yes,Stage 1,Was not a premature at birth,Yes,mild stress,cases,360,Possibly immune compromised,,,1.375404881,,,,10/12,LL,LA/LA,A:A,A:A,T:T,G:G,T:T,A:A,G:G,0,0,1,1
CHAKA/01/04/0571,12,9-12,Adolescent,Female,Protestant,Pre-primary,Underweight,Muganda,Single parent alive,high socioecnomic status,No,No,Stage 1,Was not a premature at birth,Yes,moderate stress,controls,1042,Advanced immune compromised,0,Undetectable,.702600787,,,,10/12,LS,LA/SA,A:A,A:A,C:T,G:A,T:G,A:A,,0,0,1,1
CHAKA/01/04/0572,10.368241,9-12,Adolescent,Male,Protestant,Pre-primary,Underweight,Non-Munganda but Ugandan,Single parent alive,high socioecnomic status,No,Yes,Stage 1,Was not a premature at birth,Yes,mild stress,controls,1023,Advanced immune compromised,31,Suppressed,1.442817018,.777507899,.66530913,Decreased,10/12,LS,SA/LG,A:G,A:A,C:C,G:A,T:G,G:G,,0,0,0,0
CHAKA/01/04/0575,17,13-17,Adolescent,Male,Catholic,Secondary level,Normal weight,Muganda,Single parent alive,high socioecnomic status,No,Yes,Stage 1,Was not a premature at birth,Yes,mild stress,cases,776,Advanced immune compromised,0,Undetectable,,,,,,,,,,,,,,G:G,0,0,1,1
CHAKA/01/04/0576,11.189596,5-8,Children,Male,Catholic,Pre-primary,Underweight,Muganda,Both parents alive,high socioecnomic status,No,Yes,Stage 1,Was not a premature at birth,Yes,severe stress,controls,953,Advanced immune compromised,0,Undetectable,.966233938,,,,10/12,LL,LA/LG,A:G,A:A,C:T,G:G,T:T,A:A,G:G,0,0,1,1
CHAKA/01/04/0579,6.8008213,5-8,Children,Male,Catholic,Pre-primary,Underweight,Non-Munganda but Ugandan,Both parents alive,low socio-economic status,No,Yes,Stage 1,Was a premature at birth,Yes,severe stress,cases,968,Advanced immune compromised,7568,Unsuppressed,1.295148984,,,,10/12,LL,LA/LA,A:A,G:A,C:T,G:A,T:G,G:A,T:G,0,1,0,1
CHAKA/01/04/0580,8.9883642,5-8,Children,Female,Muslim,Pre-primary,Underweight,Non-Munganda but Ugandan,Both parents dead,high socioecnomic status,No,Yes,Stage 1,Was not a premature at birth,Yes,moderate stress,cases,742,Advanced immune compromised,10,Suppressed,.9277620130000001,1.097646191,-.16988418,Increased,12/12,SS,SA/SA,A:A,A:A,T:T,G:G,T:G,G:G,T:G,0,0,0,0
CHAKA/01/04/0582,12,13-17,Adolescent,Male,Protestant,Pre-primary,Underweight,Muganda,Both parents alive,high socioecnomic status,No,Yes,Stage 2,Was not a premature at birth,Yes,severe stress,controls,792,Advanced immune compromised,0,Undetectable,1.334058348,.997698867,.33635947,Decreased,10/12,LL,LA/LA,A:A,G:A,?,G:G,T:G,G:A,T:T,0,0,1,1
CHAKA/01/04/0583,17,13-17,Adolescent,Male,Born Again,Secondary level,Normal weight,Non-Munganda but Ugandan,Single parent alive,high socioecnomic status,No,Yes,Stage 1,Was not a premature at birth,Yes,mild stress,controls,436,Possibly immune compromised,0,Undetectable,1.346765576,.651729236,.69503635,Decreased,10/10,LS,LA/SA,A:A,A:A,C:C,G:G,T:T,A:A,T:G,0,0,1,1
CHAKA/01/04/0584,11,5-8,Children,Male,Muslim,Pre-primary,Underweight,Muganda,Both parents alive,low socio-economic status,No,Yes,Stage 2,Was not a premature at birth,Yes,severe stress,controls,460,Possibly immune compromised,239544,Unsuppressed,1.278803842,,,,10/10,LS,LA/SA,A:A,G:A,C:T,G:A,T:G,G:A,T:T,1,0,0,1
CHAKA/01/04/0586,14,13-17,Adolescent,Female,Born Again,Secondary level,Normal weight,Non-Munganda but Ugandan,Both parents alive,low socio-economic status,No,Yes,Stage 2,Was not a premature at birth,Yes,severe stress,cases,415,Possibly immune compromised,944,Suppressed,1.095893768,1.060874907,.035018861,Decreased,12/12,LS,LA/SG,A:G,A:A,T:T,A:A,G:G,A:A,T:G,0,0,0,0
CHAKA/01/04/0588,5.0677619,5-8,Children,Male,Catholic,Pre-primary,Underweight,Muganda,Both parents alive,high socioecnomic status,No,Yes,Stage 2,Was not a premature at birth,Yes,severe stress,cases,1689,Advanced immune compromised,31,Suppressed,.788006416,,,,,SS,SA/SA,A:A,G:A,C:T,G:A,G:G,G:A,T:T,0,0,0,0
CHAKA/01/04/0589,6.6091719,13-17,Adolescent,Female,Protestant,Pre-primary,Underweight,Non-Munganda but Ugandan,Both parents alive,high socioecnomic status,No,Yes,Stage 1,Was not a premature at birth,Yes,mild stress,controls,1181,Advanced immune compromised,0,Undetectable,1.092628558,.611249666,.48137888,Decreased,12/12,LL,LA/LA,A:A,A:A,C:C,G:G,T:G,G:G,T:G,0,0,0,0
CHAKA/01/04/0591,13,13-17,Adolescent,Male,Catholic,Pre-primary,Normal weight,Muganda,,high socioecnomic status,No,Yes,Stage 2,I don’t know,Yes,moderate stress,cases,709,Advanced immune compromised,0,Undetectable,2.01523849,,,,10/12,LL,LA/LA,A:A,A:A,T:T,G:A,G:G,G:A,T:G,0,0,0,0
CHAKA/01/04/0592,15,13-17,Adolescent,Male,Catholic,Secondary level,Overweight,Muganda,,high socioecnomic status,No,Yes,Stage 2,I don’t know,Yes,moderate stress,cases,718,Advanced immune compromised,0,Undetectable,,,,,12/12,LS,LA/SA,A:A,A:A,C:C,G:G,T:G,G:G,T:G,0,0,0,0
CHAKA/01/04/0595,,5-8,Children,Male,Muslim,Pre-primary,Underweight,Muganda,Single parent alive,high socioecnomic status,No,Yes,Stage 2,Was not a premature at birth,Yes,mild stress,controls,532,Advanced immune compromised,0,Undetectable,.564220014,,,,12/12,LS,LA/SA,A:A,A:A,C:T,G:G,T:T,G:A,T:T,0,0,0,0
CHAKA/01/04/0596,8.019165,5-8,Children,Male,Catholic,Pre-primary,Underweight,Muganda,Both parents alive,low socio-economic status,No,Yes,Stage 2,Was not a premature at birth,Yes,moderate stress,cases,1210,Advanced immune compromised,0,Undetectable,,1.869550866,,,10/12,LL,LA/LG,A:G,?,C:C,G:G,T:T,A:A,T:G,0,0,0,0
CHAKA/01/04/0597,7.7453799,5-8,Children,Male,Catholic,Pre-primary,Underweight,Non-Munganda but Ugandan,Both parents alive,high socioecnomic status,No,Yes,Stage 2,Was not a premature at birth,Yes,severe stress,controls,1061,Advanced immune compromised,290217,Unsuppressed,,,,,,,,,,,,,,,1,0,1,1
CHAKA/01/04/0599,12,9-12,Adolescent,Female,Born Again,Pre-primary,Normal weight,Non-Munganda but Ugandan,Both parents alive,high socioecnomic status,No,Yes,Stage 1,Was not a premature at birth,Yes,moderate stress,controls,583,Advanced immune compromised,,,.982473745,1.18225002,-.19977628,Increased,10/12,LL,LA/LG,A:G,G:A,C:C,G:A,T:G,G:A,T:G,0,0,1,1
CHAKA/01/04/0600,7.4551678,5-8,Children,Male,Catholic,Pre-primary,Underweight,Muganda,Both parents alive,high socioecnomic status,No,Yes,Stage 2,Was not a premature at birth,Yes,mild stress,controls,256,Normal CD4 range,847993,Unsuppressed,1.095531495,,,,12/12,LS,LA/SA,A:A,A:A,C:T,G:G,T:T,A:A,T:G,0,0,0,0
CHAKA/01/04/1365,10.885695,5-8,Children,Male,Catholic,Pre-primary,Underweight,Muganda,Both parents alive,low socio-economic status,No,Yes,Stage 1,Was not a premature at birth,Yes,mild stress,cases,961,Advanced immune compromised,0,Undetectable,1.360019299,.71056725,.64945203,Decreased,,LL,LA/LA,A:A,A:A,C:C,A:A,G:G,A:A,G:G,0,0,1,1
CHAKA/01/04/1368,8.4845991,5-8,Children,Male,Catholic,Pre-primary,Underweight,Non-Munganda but Ugandan,Both parents alive,high socioecnomic status,No,Yes,Stage 1,Was not a premature at birth,Yes,mild stress,cases,228,Normal CD4 range,10,Suppressed,.676719911,,,,10/12,LL,LA/LG,A:G,A:A,C:C,G:A,T:G,A:A,T:T,0,0,0,0
CHAKA/01/09/0357,10.546202,9-12,Adolescent,Male,Muslim,Pre-primary,Underweight,Non-Munganda but Ugandan,Single parent alive,high socioecnomic status,No,Yes,Stage 1,Was not a premature at birth,Yes,moderate stress,controls,1371,Advanced immune compromised,0,Undetectable,.978723035,,,,10/12,LL,LA/LA,A:A,A:A,T:T,G:A,T:G,A:A,G:G,0,0,0,0
CHAKA/01/09/0602,11.849419,9-12,Adolescent,Female,Protestant,Pre-primary,Underweight,Muganda,Single parent alive,high socioecnomic status,No,Yes,Stage 3,Was not a premature at birth,Yes,mild stress,cases,2088,Advanced immune compromised,0,Undetectable,.814244905,,,,12/12,LS,LA/SA,A:A,?,C:C,G:A,T:G,A:A,G:G,0,0,0,0
CHAKA/01/09/0605,7.1321015,5-8,Children,Male,Protestant,Pre-primary,Normal weight,Non-Munganda but Ugandan,Both parents alive,low socio-economic status,No,Yes,Stage 2,Was not a premature at birth,Yes,severe stress,controls,780,Advanced immune compromised,10,Suppressed,,,,,12/12,LL,LA/LG,A:G,A:A,C:T,G:G,T:T,G:G,T:T,0,0,0,0
CHAKA/01/09/0608,11.520876,9-12,Adolescent,Male,Protestant,Secondary level,Normal weight,Non-Munganda but Ugandan,Single parent alive,high socioecnomic status,No,Yes,Stage 2,Was not a premature at birth,Yes,mild stress,controls,926,Advanced immune compromised,10,Suppressed,,.556075803,,,10/12,LL,LA/LA,A:A,A:A,C:T,G:A,T:G,A:A,T:G,0,0,0,0
CHAKA/01/09/0609,12,9-12,Adolescent,Male,Protestant,Pre-primary,Underweight,Muganda,Both parents dead,high socioecnomic status,No,Yes,Stage 1,Was not a premature at birth,Yes,severe stress,cases,816,Advanced immune compromised,10,Suppressed,,,,,10/12,LL,LA/LA,A:A,?,C:T,G:A,G:G,G:A,G:G,0,0,0,0
CHAKA/01/09/0611,5.538672,5-8,Children,Male,Muslim,Pre-primary,Underweight,Non-Munganda but Ugandan,Both parents alive,low socio-economic status,No,No,Stage 1,Was not a premature at birth,Yes,mild stress,cases,81,Normal CD4 range,1086436,Unsuppressed,1.23958186,1.350959488,-.11137763,Increased,,LS,LA/LA,A:A,A:A,T:T,G:A,G:G,G:A,T:G,0,0,0,0
CHAKA/01/09/0615,10.940452,9-12,Adolescent,Male,SDA,Pre-primary,Underweight,Non-Munganda but Ugandan,Both parents alive,high socioecnomic status,No,Yes,Stage 1,Was not a premature at birth,Yes,severe stress,cases,1168,Advanced immune compromised,0,Undetectable,1.545693298,.789373217,.75632006,Decreased,12/12,LL,LA/LG,A:G,A:A,T:T,G:A,G:G,G:A,T:G,0,1,0,1
CHAKA/01/09/0616,14,13-17,Adolescent,Male,Muslim,Pre-primary,Underweight,Muganda,Single parent alive,high socioecnomic status,No,Yes,Stage 4,Was not a premature at birth,Yes,severe stress,cases,1090,Advanced immune compromised,0,Undetectable,1.263826036,.759084346,.50474167,Decreased,10/12,LL,LA/LA,A:A,G:A,C:T,G:G,G:G,G:G,T:G,0,0,0,0
CHAKA/01/09/0617,13,13-17,Adolescent,Male,Catholic,Pre-primary,Underweight,Muganda,Single parent alive,low socio-economic status,No,Yes,Stage 2,Was not a premature at birth,Yes,mild stress,cases,915,Advanced immune compromised,,,1.416658173,.540953994,.87570417,Decreased,10/12,LS,LA/SA,A:A,G:A,C:T,G:G,T:G,G:A,T:G,0,0,0,0
CHAKA/01/09/0620,13,5-8,Children,Female,Catholic,Pre-primary,Underweight,Muganda,Single parent alive,high socioecnomic status,No,Yes,Stage 1,Was not a premature at birth,Yes,mild stress,cases,771,Advanced immune compromised,,,1.196081556,.858447075,.33763447,Decreased,12/12,LL,LA/LA,A:A,A:A,C:T,G:G,T:T,A:A,T:G,0,0,0,0
CHAKA/01/09/0621,15,9-12,Adolescent,Male,Protestant,Pre-primary,Underweight,Muganda,Single parent alive,high socioecnomic status,No,Yes,Stage 3,Was not a premature at birth,Yes,severe stress,cases,63,Normal CD4 range,,,1.460798234,,,,12/12,LL,LA/LA,A:A,A:A,C:T,G:G,T:T,A:A,G:G,0,0,1,1
CHAKA/01/09/0622,11.616701,13-17,Adolescent,Female,Catholic,Pre-primary,Underweight,Muganda,Both parents dead,low socio-economic status,No,Yes,Stage 1,Was not a premature at birth,Yes,moderate stress,controls,984,Advanced immune compromised,25,Suppressed,1.29488955,.642545913,.65234363,Decreased,12/12,LL,LA/LA,A:A,A:A,C:T,G:G,T:G,G:A,T:T,0,0,0,0
CHAKA/01/09/0624,12,9-12,Adolescent,Male,Protestant,Pre-primary,Overweight,Non-Munganda but Ugandan,Single parent alive,high socioecnomic status,No,Yes,Stage 1,Was not a premature at birth,Yes,severe stress,cases,662,Advanced immune compromised,,,1.0215687,,,,10/12,LL,LA/LG,A:G,A:A,C:T,G:G,T:G,G:G,T:G,0,0,0,0
CHAKA/01/09/0625,15,5-8,Children,Female,Catholic,Secondary level,Normal weight,Muganda,Both parents alive,high socioecnomic status,No,Yes,Stage 1,I don’t know,Yes,severe stress,cases,496,Possibly immune compromised,,,1.070612323,.62795663,.44265568,Decreased,10/12,LS,LA/SA,A:A,A:A,C:C,G:G,G:G,G:G,G:G,0,0,0,0
CHAKA/01/09/0626,5.0047913,9-12,Adolescent,Female,Catholic,Pre-primary,Underweight,Muganda,Both parents alive,low socio-economic status,No,Yes,Stage 1,Was not a premature at birth,Yes,moderate stress,controls,1445,Advanced immune compromised,10,Suppressed,.7150793170000001,.886372045,-.17129272,Increased,12/12,LS,LA/SA,A:A,A:A,C:T,G:A,G:G,G:A,G:G,0,0,0,0
CHAKA/01/09/0628,5.1307325,5-8,Children,Male,Born Again,Pre-primary,Underweight,Non-Munganda but Ugandan,Single parent alive,high socioecnomic status,No,Yes,Stage 1,Was not a premature at birth,Yes,severe stress,cases,976,Advanced immune compromised,0,Undetectable,1.230612113,.84550647,.38510564,Decreased,,LL,,,G:A,C:C,G:A,T:G,A:A,T:T,0,0,0,0
CHAKA/01/09/0634,9.6536617,13-17,Adolescent,Female,Catholic,Pre-primary,Underweight,Muganda,Both parents alive,low socio-economic status,No,Yes,Stage 1,Was not a premature at birth,Yes,severe stress,controls,811,Advanced immune compromised,24513,Unsuppressed,.953019827,.6661417,.28687814,Decreased,12/12,LL,LA/LA,A:A,A:A,C:T,G:A,G:G,G:G,G:G,0,0,0,0
CHAKA/01/09/0635,10.149213,13-17,Adolescent,Male,Catholic,Pre-primary,Underweight,Muganda,Both parents dead,high socioecnomic status,Yes,Yes,Stage 1,Was not a premature at birth,Yes,mild stress,cases,798,Advanced immune compromised,0,Undetectable,1.171447075,.752912925,.41853416,Decreased,10/12,LL,LA/LA,A:A,A:A,C:T,G:G,T:T,G:A,T:G,0,0,0,0
CHAKA/01/09/0636,14,13-17,Adolescent,Female,Muslim,Secondary level,Normal weight,Non-Munganda but Ugandan,Single parent alive,low socio-economic status,No,Yes,Stage 3,Was not a premature at birth,Yes,severe stress,cases,264,Normal CD4 range,,,1.457569205,1.012552441,.44501677,Decreased,12/12,LL,LA/LG,A:G,A:A,C:T,G:G,T:G,G:A,T:T,0,0,1,1
CHAKA/01/09/0637,12,9-12,Adolescent,Male,Protestant,Pre-primary,Underweight,Non-Munganda but Ugandan,Single parent alive,high socioecnomic status,No,Yes,Stage 2,Was not a premature at birth,Yes,moderate stress,cases,862,Advanced immune compromised,,,.867129731,.751175712,.11595402,Decreased,12/12,LS,LA/LA,A:A,A:A,C:T,G:G,T:T,A:A,T:G,0,0,0,0
CHAKA/01/09/0638,14,13-17,Adolescent,Male,Catholic,Pre-primary,Underweight,Muganda,Both parents dead,high socioecnomic status,No,Yes,Stage 3,I don’t know,Yes,moderate stress,cases,17,Normal CD4 range,,,.842838163,.964937116,-.12209895,Increased,10/12,SS,SA/SA,A:A,A:A,C:T,G:A,G:G,G:A,T:G,0,1,0,1
CHAKA/01/09/0641,14,13-17,Adolescent,Male,Protestant,Secondary level,Normal weight,Muganda,Both parents alive,high socioecnomic status,No,Yes,Stage 2,Was not a premature at birth,Yes,mild stress,controls,449,Possibly immune compromised,,,1.360843491,.96607564,.39476785,Decreased,10/10,LL,LA/LG,A:G,A:A,C:C,A:A,G:G,A:A,G:G,0,0,0,0
CHAKA/01/09/0642,15,13-17,Adolescent,Female,Protestant,Secondary level,Normal weight,Non-Munganda but Ugandan,Both parents dead,high socioecnomic status,No,Yes,Stage 3,Was not a premature at birth,Yes,mild stress,controls,600,Advanced immune compromised,,,.811149413,.968124571,-.15697517,Increased,12/12,LS,LA/SA,A:A,A:A,C:T,G:G,T:T,G:G,T:G,0,0,0,0
CHAKA/01/09/0643,15,9-12,Adolescent,Male,SDA,Pre-primary,Underweight,Non-Munganda but Ugandan,Single parent alive,low socio-economic status,Yes,Yes,Stage 2,Was not a premature at birth,Yes,moderate stress,controls,454,Possibly immune compromised,,,,1.069920837,,,,,,,,,,,,,0,0,0,0
CHAKA/01/09/0644,13,13-17,Adolescent,Male,Muslim,Secondary level,Normal weight,Non-Munganda but Ugandan,Both parents alive,high socioecnomic status,No,Yes,Stage 3,Was not a premature at birth,Yes,moderate stress,cases,461,Possibly immune compromised,,,1.019098107,1.254765684,-.23566757,Increased,12/12,LS,SA/LG,A:G,A:A,C:C,G:G,T:T,G:G,G:G,0,0,0,0
CHAKA/01/09/0646,14,13-17,Adolescent,Male,Protestant,Pre-primary,Underweight,Muganda,Both parents alive,high socioecnomic status,No,Yes,Stage 2,I don’t know,Yes,mild stress,controls,418,Possibly immune compromised,,,.109420734,,,,12/12,LL,LA/LA,A:A,A:A,C:C,G:A,G:G,G:A,T:G,0,0,0,0
CHAKA/01/09/0650,8.873374,13-17,Adolescent,Male,Muslim,Pre-primary,Normal weight,Muganda,Both parents alive,low socio-economic status,No,No,Stage 2,Was not a premature at birth,Yes,severe stress,controls,1112,Advanced immune compromised,0,Undetectable,.678796639,.57928137,.099515267,Decreased,12/12,LL,LA/LG,A:G,A:A,C:T,G:G,T:G,G:A,T:G,0,0,0,0
CHAKA/01/09/0652,12,9-12,Adolescent,Male,Born Again,Secondary level,Underweight,Non-Munganda but Ugandan,Single parent alive,high socioecnomic status,No,Yes,Stage 2,Was not a premature at birth,No,moderate stress,controls,669,Advanced immune compromised,,,.786637228,.860412099,-.073774874,Increased,10/12,LL,LA/LG,A:G,G:A,C:C,G:G,T:T,G:A,T:G,0,0,0,0
CHAKA/01/09/0655,14,5-8,Children,Female,Muslim,Pre-primary,Normal weight,Non-Munganda but Ugandan,Single parent alive,low socio-economic status,Yes,Yes,Stage 2,Was not a premature at birth,Yes,severe stress,controls,919,Advanced immune compromised,,,.636911279,.507826196,.12908508,Decreased,10/12,LL,LA/LA,A:A,A:A,C:T,G:G,T:T,G:A,T:G,0,0,1,1
CHAKA/01/09/0656,15,13-17,Adolescent,Male,Catholic,Pre-primary,Underweight,Muganda,Both parents alive,low socio-economic status,No,Yes,Stage 2,Was not a premature at birth,Yes,moderate stress,cases,717,Advanced immune compromised,,,,.741133656,,,12/12,LL,LA/LA,A:A,A:A,C:C,G:G,G:G,G:G,T:G,0,0,1,1
CHAKA/01/09/0665,10.083505,13-17,Adolescent,Female,Catholic,Pre-primary,Underweight,Muganda,Both parents alive,low socio-economic status,No,Yes,Stage 1,Was not a premature at birth,Yes,moderate stress,controls,1507,Advanced immune compromised,298,Suppressed,,,,,,,,,,,,,,,0,0,0,0
CHAKA/01/09/0666,7.8767967,5-8,Children,Male,SDA,Pre-primary,Underweight,Muganda,Single parent alive,high socioecnomic status,No,Yes,Stage 2,Was not a premature at birth,Yes,mild stress,controls,1498,Advanced immune compromised,10,Suppressed,,,,,,,,,,,,,,,0,0,0,0
CHAKA/01/09/0667,10,9-12,Adolescent,Female,Protestant,Pre-primary,Underweight,Muganda,Both parents alive,high socioecnomic status,No,Yes,Stage 1,Was not a premature at birth,Yes,moderate stress,controls,847,Advanced immune compromised,10,Suppressed,,,,,,,,,,,,,,,0,0,0,0
CHAKA/02/01/0008,10.450377,9-12,Adolescent,Male,Protestant,Pre-primary,Underweight,Non-Munganda but Ugandan,Both parents alive,high socioecnomic status,No,Yes,Stage 2,Was not a premature at birth,Yes,moderate stress,cases,755,Advanced immune compromised,10,Suppressed,1.086317098,.809493339,.27682376,Decreased,10/12,LL,LA/LA,A:A,G:A,C:T,A:A,G:G,A:A,T:T,0,0,0,0
CHAKA/02/01/0009,15.192334,13-17,Adolescent,Female,Catholic,Secondary level,Normal weight,Muganda,Both parents dead,high socioecnomic status,,Yes,Stage 2,I don’t know,Yes,mild stress,cases,427,Possibly immune compromised,,,1.77321011,1.255826149,.51738393,Decreased,10/12,LL,LA/LA,A:A,A:A,T:T,G:G,G:G,G:G,T:G,1,0,1,1
CHAKA/02/01/0014,15.449692,13-17,Adolescent,Male,Muslim,Secondary level,Underweight,Muganda,Both parents alive,high socioecnomic status,No,Yes,Stage 3,Was not a premature at birth,Yes,severe stress,controls,447,Possibly immune compromised,,,.910315693,.937346587,-.027030895,Increased,10/12,LL,LA/LA,A:A,A:A,T:T,G:G,T:T,G:A,G:G,0,0,0,0
CHAKA/02/01/0016,8.9993153,5-8,Children,Male,Born Again,Pre-primary,Underweight,Non-Munganda but Ugandan,Both parents alive,high socioecnomic status,Yes,Yes,Stage 1,Was not a premature at birth,Yes,moderate stress,controls,872,Advanced immune compromised,0,Undetectable,1.859982021,.864697027,.99528497,Decreased,12/12,LL,LA/LA,A:A,A:A,C:T,G:A,T:G,A:A,T:T,0,0,0,0
CHAKA/02/01/0017,9.6125937,9-12,Adolescent,Male,Catholic,Pre-primary,Normal weight,Non-Munganda but Ugandan,Both parents alive,low socio-economic status,No,Yes,Stage 3,Was not a premature at birth,Yes,mild stress,controls,1103,Advanced immune compromised,0,Undetectable,1.1462229,2.189876735,-1.0436538,Increased,12/12,LL,LA/LA,A:A,?,C:C,G:G,T:G,G:G,T:T,0,0,0,0
CHAKA/02/01/0020,9.4209442,9-12,Adolescent,Female,Muslim,Pre-primary,Underweight,Muganda,Both parents alive,high socioecnomic status,No,Yes,Stage 2,Was not a premature at birth,Yes,mild stress,cases,377,Possibly immune compromised,11006,Unsuppressed,1.244942058,.8062496770000001,.43869239,Decreased,10/12,LL,LA/LA,A:A,A:A,C:T,G:G,G:G,G:G,T:G,0,0,0,0
CHAKA/02/01/0023,5.0075293,9-12,Adolescent,Female,Catholic,Pre-primary,Underweight,Muganda,Single parent alive,low socio-economic status,No,Yes,Stage 2,Was not a premature at birth,Yes,mild stress,controls,2267,Advanced immune compromised,0,Undetectable,1.009672306,.950565655,.059106652,Decreased,12/12,LL,LA/LG,A:G,A:A,T:T,A:A,G:G,A:A,T:T,0,0,0,0
CHAKA/02/01/0026,9.9192333,9-12,Adolescent,Female,Protestant,Pre-primary,Underweight,Muganda,Both parents alive,low socio-economic status,No,Yes,Stage 2,Was not a premature at birth,Yes,moderate stress,cases,1504,Advanced immune compromised,10,Suppressed,,.885190823,,,12/12,LL,,,?,T:T,G:A,T:G,A:A,G:G,0,0,0,0
CHAKA/02/01/0028,12.539356,13-17,Adolescent,Female,Protestant,Pre-primary,Underweight,Muganda,Single parent alive,high socioecnomic status,No,Yes,Stage 3,Was not a premature at birth,Yes,moderate stress,controls,891,Advanced immune compromised,,,.941208959,.769147522,.17206144,Decreased,10/12,LS,LA/SA,A:A,A:A,C:C,G:G,T:G,G:G,T:T,0,1,0,1
CHAKA/02/01/0029,16.780287,13-17,Adolescent,Female,Catholic,Pre-primary,Normal weight,Non-Munganda but Ugandan,Single parent alive,high socioecnomic status,No,Yes,Stage 3,Was not a premature at birth,Yes,severe stress,controls,358,Possibly immune compromised,,,1.017269846,.823324128,.19394572,Decreased,12/12,LL,LA/LA,A:A,A:A,C:T,G:A,G:G,G:G,T:G,1,0,0,1
CHAKA/02/01/0030,13.716633,13-17,Adolescent,Female,Muslim,Pre-primary,Underweight,Muganda,Single parent alive,low socio-economic status,No,Yes,Stage 3,Was not a premature at birth,Yes,mild stress,controls,483,Possibly immune compromised,,,1.449561918,1.486756749,-.037194829,Increased,12/12,LL,LA/LA,A:A,A:A,C:T,G:A,G:G,G:A,T:T,0,0,1,1
CHAKA/02/01/0031,11.033539,9-12,Adolescent,Female,Catholic,Pre-primary,Underweight,Non-Munganda but Ugandan,Single parent alive,low socio-economic status,No,Yes,Stage 1,Was not a premature at birth,Yes,moderate stress,cases,1396,Advanced immune compromised,45,Suppressed,2.085857944,1.173718009,.91213995,Decreased,10/12,LS,LA/SA,A:A,A:A,?,G:A,G:G,G:A,G:G,0,0,1,1
CHAKA/02/01/0032,7.761807,5-8,Children,Male,Protestant,Pre-primary,Underweight,Non-Munganda but Ugandan,Both parents dead,low socio-economic status,No,Yes,Stage 3,Was not a premature at birth,Yes,mild stress,cases,1304,Advanced immune compromised,0,Undetectable,1.230485945,.770843085,.45964286,Decreased,10/12,LL,LA/LA,A:A,A:A,C:T,G:A,G:G,G:A,T:G,0,0,0,0
CHAKA/02/01/0034,14,13-17,Adolescent,Male,Catholic,Pre-primary,Underweight,Non-Munganda but Ugandan,Single parent alive,high socioecnomic status,No,Yes,Stage 4,Was not a premature at birth,Yes,moderate stress,controls,364,Possibly immune compromised,,,1.345652578,,,,10/10,LL,LA/LA,A:A,A:A,C:C,G:G,T:T,G:A,G:G,0,1,1,1
CHAKA/02/01/0036,9.765914,9-12,Adolescent,Female,Catholic,Pre-primary,Underweight,Muganda,Both parents alive,low socio-economic status,No,Yes,Stage 2,Was not a premature at birth,Yes,moderate stress,cases,2091,Advanced immune compromised,0,Undetectable,1.235966374,.887802907,.34816346,Decreased,,SS,SA/SA,A:A,A:A,C:C,G:A,T:G,G:A,G:G,0,0,0,0
CHAKA/02/01/0037,13.188228,13-17,Adolescent,Female,Catholic,Pre-primary,Underweight,Muganda,Both parents dead,low socio-economic status,No,Yes,Stage 2,I don’t know,Yes,mild stress,controls,939,Advanced immune compromised,,,1.236600835,,,,12/12,SS,SA/SA,A:A,G:A,T:T,G:G,T:G,G:A,T:G,0,0,0,0
CHAKA/02/01/0040,6.0944557,13-17,Adolescent,Female,Catholic,Pre-primary,Underweight,Muganda,Both parents alive,high socioecnomic status,Yes,Yes,Stage 2,Was a premature at birth,Yes,severe stress,controls,1987,Advanced immune compromised,103,Suppressed,1.043362444,.957298844,.086063601,Decreased,12/12,LL,LA/LG,A:G,A:A,C:C,G:G,T:T,G:A,T:G,0,0,0,0
CHAKA/02/01/0041,7.5154004,9-12,Adolescent,Female,Born Again,Pre-primary,Underweight,Non-Munganda but Ugandan,Single parent alive,low socio-economic status,No,Yes,Stage 2,Was not a premature at birth,Yes,moderate stress,controls,2697,Advanced immune compromised,2697,Unsuppressed,.991363217,,,,12/12,LL,LA/LA,A:A,A:A,C:C,G:G,T:T,A:A,G:G,0,0,0,0
CHAKA/02/01/0044,11.920603,9-12,Adolescent,Female,Muslim,Pre-primary,Underweight,Muganda,Both parents alive,low socio-economic status,No,Yes,Stage 2,Was not a premature at birth,Yes,mild stress,controls,492,Possibly immune compromised,0,Undetectable,.781496126,.751887619,.029608507,Decreased,10/12,LS,SA/LG,A:G,G:A,C:T,G:G,T:T,A:A,T:T,0,0,0,0
CHAKA/02/01/0047,14,13-17,Adolescent,Female,Protestant,Pre-primary,Normal weight,Non-Munganda but Ugandan,Single parent alive,high socioecnomic status,No,Yes,Stage 3,Was not a premature at birth,Yes,mild stress,controls,551,Advanced immune compromised,,,.463924639,.75373406,-.28980944,Increased,12/12,LS,LA/SA,A:A,A:A,C:C,G:A,T:G,A:A,G:G,0,0,1,1
CHAKA/02/01/0050,13,13-17,Adolescent,Male,Catholic,Pre-primary,Underweight,Non-Munganda but Ugandan,Both parents dead,high socioecnomic status,Yes,Yes,Stage 2,Was not a premature at birth,Yes,severe stress,cases,577,Advanced immune compromised,,,1.25291661,2.189599251,-.93668264,Increased,10/12,LS,LA/SA,A:A,?,C:C,G:G,T:G,G:A,T:G,0,0,0,0
CHAKA/02/01/0052,5.8562627,5-8,Children,Female,Muslim,Pre-primary,Underweight,Non-Munganda but Ugandan,Both parents alive,low socio-economic status,No,Yes,Stage 2,Was a premature at birth,Yes,moderate stress,controls,2556,Advanced immune compromised,0,Undetectable,.720710584,.816059826,-.095349245,Increased,10/10,LL,LA/LG,A:G,G:A,C:T,G:G,T:G,G:G,T:T,0,0,0,0
CHAKA/02/01/0054,11.195072,9-12,Adolescent,Male,Born Again,Pre-primary,Underweight,Non-Munganda but Ugandan,Single parent alive,high socioecnomic status,No,Yes,Stage 1,Was not a premature at birth,Yes,severe stress,controls,1328,Advanced immune compromised,10,Suppressed,.617718807,.711683386,-.093964577,Increased,12/12,LL,LA/LA,A:A,A:A,C:T,G:A,G:G,G:A,T:G,0,0,0,0
CHAKA/02/01/0055,13.787817,13-17,Adolescent,Male,Catholic,Pre-primary,Underweight,Non-Munganda but Ugandan,Single parent alive,high socioecnomic status,No,Yes,Stage 2,Was not a premature at birth,Yes,moderate stress,cases,321,Normal CD4 range,,,.84933623,.8249668,.02436943,Decreased,10/12,LL,LA/LG,A:G,A:A,C:T,G:A,T:G,G:A,G:G,1,0,0,1
CHAKA/02/01/0056,7.2032852,5-8,Children,Female,Protestant,Pre-primary,Underweight,Non-Munganda but Ugandan,Both parents alive,low socio-economic status,No,Yes,Stage 2,Was not a premature at birth,Yes,moderate stress,controls,691,Advanced immune compromised,10,Suppressed,.142510589,.739879863,-.59736925,Increased,10/12,LL,LA/LA,A:A,A:A,C:C,G:A,T:G,G:A,T:G,0,0,0,0
CHAKA/02/01/0058,12.435318,5-8,Children,Male,Protestant,Pre-primary,Underweight,Muganda,Both parents alive,high socioecnomic status,Yes,Yes,Stage 3,Was not a premature at birth,Yes,mild stress,cases,862,Advanced immune compromised,,,.8701591440000001,,,,12/12,LL,LA/LA,A:A,A:A,C:T,G:A,G:G,G:G,T:T,0,0,0,0
CHAKA/02/01/0059,11.575633,9-12,Adolescent,Female,Protestant,Pre-primary,Underweight,Muganda,Both parents alive,high socioecnomic status,No,Yes,Stage 2,Was not a premature at birth,Yes,severe stress,controls,1038,Advanced immune compromised,10,Suppressed,1.003651125,,,,10/12,LS,LA/SA,A:A,G:A,C:T,G:G,T:G,G:A,T:G,0,0,0,0
CHAKA/02/01/0060,7.2744694,5-8,Children,Male,Catholic,Pre-primary,Underweight,Muganda,Both parents alive,low socio-economic status,No,Yes,Stage 3,Was not a premature at birth,Yes,moderate stress,cases,656,Advanced immune compromised,10229,Unsuppressed,.672555027,,,,10/10,LS,SA/LG,A:G,G:A,T:T,G:G,G:G,G:G,T:T,1,0,0,1
CHAKA/02/01/0061,13.809719,13-17,Adolescent,Female,Muslim,Pre-primary,Normal weight,Non-Munganda but Ugandan,Both parents alive,low socio-economic status,No,Yes,Stage 3,Was not a premature at birth,Yes,severe stress,cases,442,Possibly immune compromised,,,1.622820387,1.581765494,.041054893,Decreased,12/12,LL,LA/LA,A:A,?,C:C,G:A,G:G,G:A,T:G,0,0,0,0
CHAKA/02/01/0062,16.062971,13-17,Adolescent,Male,Muslim,Secondary level,Normal weight,Muganda,Both parents alive,low socio-economic status,No,Yes,Stage 2,Was not a premature at birth,Yes,severe stress,cases,673,Advanced immune compromised,,,1.353793356,1.358526933,-.0047335769,Increased,12/12,LL,LA/LG,A:G,G:A,C:T,G:G,T:T,G:A,G:G,0,0,0,0
CHAKA/02/01/0064,7.8193021,5-8,Children,Female,Muslim,Pre-primary,Underweight,Muganda,Both parents alive,low socio-economic status,No,Yes,Stage 3,Was not a premature at birth,Yes,moderate stress,cases,849,Advanced immune compromised,21,Suppressed,,.821022237,,,12/12,LL,LA/LA,A:A,?,C:C,G:G,T:T,A:A,T:G,0,0,0,0
CHAKA/02/01/0065,9.3059549,9-12,Adolescent,Male,Born Again,Pre-primary,Underweight,Muganda,Both parents alive,low socio-economic status,No,Yes,Stage 1,Was not a premature at birth,Yes,mild stress,cases,920,Advanced immune compromised,296224,Unsuppressed,.94356381,,,,10/12,LS,SA/LG,A:G,?,C:T,G:A,G:G,G:G,G:G,1,0,0,1
CHAKA/02/01/0067,13.314168,13-17,Adolescent,Male,Protestant,Pre-primary,Underweight,Muganda,Single parent alive,low socio-economic status,Yes,Yes,Stage 4,Was not a premature at birth,Yes,moderate stress,cases,485,Possibly immune compromised,,,,,,,12/12,LS,LA/SA,A:A,A:A,C:T,G:G,T:G,G:A,T:G,0,1,0,1
CHAKA/02/01/0068,7.2963724,5-8,Children,Male,Protestant,Pre-primary,Underweight,Non-Munganda but Ugandan,Both parents alive,low socio-economic status,No,Yes,Stage 3,Was not a premature at birth,Yes,mild stress,controls,1834,Advanced immune compromised,0,Undetectable,.577137464,,,,,LL,LA/LG,A:G,A:A,C:T,G:G,T:T,G:G,T:T,0,0,0,0
CHAKA/02/01/0069,12.364134,13-17,Adolescent,Male,Protestant,Pre-primary,Underweight,Muganda,Both parents alive,high socioecnomic status,No,Yes,Stage 2,Was not a premature at birth,Yes,severe stress,controls,1039,Advanced immune compromised,10,Suppressed,1.211333519,.776286377,.43504715,Decreased,,LS,LA/SA,A:A,A:A,C:C,G:A,T:G,A:A,T:G,0,0,0,0
CHAKA/02/01/0070,6.5434632,5-8,Children,Male,Catholic,Pre-primary,Underweight,Muganda,Both parents alive,high socioecnomic status,No,Yes,Stage 4,Was not a premature at birth,Yes,moderate stress,controls,726,Advanced immune compromised,30,Suppressed,1.095144163,.737866073,.35727808,Decreased,12/12,LL,LA/LA,A:A,G:A,C:T,G:G,T:T,G:A,T:T,0,0,0,0
CHAKA/02/01/0072,9.0568104,13-17,Adolescent,Male,Protestant,Pre-primary,Underweight,Muganda,Both parents alive,high socioecnomic status,Yes,Yes,Stage 2,Was not a premature at birth,Yes,moderate stress,controls,1113,Advanced immune compromised,0,Undetectable,,,,,,,,,,,,,,,0,0,1,1
CHAKA/02/01/0074,9.9493494,9-12,Adolescent,Male,Protestant,Pre-primary,Underweight,Non-Munganda but Ugandan,Both parents alive,low socio-economic status,No,Yes,Stage 2,Was a premature at birth,Yes,mild stress,cases,1319,Advanced immune compromised,119,Suppressed,.741431706,.970464502,-.2290328,Increased,,LL,LA/LA,A:A,A:A,C:T,G:G,T:T,A:A,T:T,0,0,0,0
CHAKA/02/01/0075,8.1971254,5-8,Children,Male,Protestant,Pre-primary,Underweight,Muganda,Single parent alive,high socioecnomic status,No,Yes,Stage 2,Was not a premature at birth,No,moderate stress,cases,1064,Advanced immune compromised,0,Undetectable,.887483846,1.129002627,-.24151878,Increased,10/12,LS,SA/LG,A:G,G:A,C:T,G:G,T:T,A:A,T:G,0,0,0,0
CHAKA/02/01/0076,12.799453,9-12,Adolescent,Male,Born Again,Pre-primary,Normal weight,Non-Munganda but Ugandan,Single parent alive,low socio-economic status,No,Yes,Stage 2,Was not a premature at birth,Yes,moderate stress,cases,916,Advanced immune compromised,20,Suppressed,.906139018,.585325945,.32081306,Decreased,10/10,LL,LG/LG,G:G,A:A,C:T,G:G,T:T,A:A,T:G,0,0,0,0
CHAKA/02/01/0077,12.123203,13-17,Adolescent,Female,Muslim,Pre-primary,Obesity,Muganda,Both parents alive,high socioecnomic status,No,No,Stage 2,Was not a premature at birth,I don’t know,severe stress,controls,1057,Advanced immune compromised,2639,Unsuppressed,.915805978,.77347694,.14232904,Decreased,10/12,LS,LA/SA,A:A,A:A,C:C,G:A,T:G,A:A,T:T,0,0,1,1
CHAKA/02/01/0078,16.323067,13-17,Adolescent,Female,Catholic,Secondary level,Normal weight,Non-Munganda but Ugandan,Single parent alive,high socioecnomic status,No,Yes,Stage 2,Was not a premature at birth,Yes,mild stress,cases,626,Advanced immune compromised,0,Undetectable,.756537533,.666518605,.090018928,Decreased,12/12,LL,LA/LA,A:A,A:A,C:T,G:A,T:G,A:A,T:T,1,0,1,1
CHAKA/02/01/0079,11.772758,9-12,Adolescent,Male,Muslim,Pre-primary,Underweight,Muganda,Both parents alive,low socio-economic status,No,Yes,Stage 2,Was not a premature at birth,Yes,severe stress,cases,671,Advanced immune compromised,10,Suppressed,1.444803916,.608019525,.83678436,Decreased,12/12,LL,LA/LA,A:A,?,C:T,G:G,T:G,G:A,T:T,0,0,0,0
CHAKA/02/01/0080,6.7734427,13-17,Adolescent,Male,Muslim,Pre-primary,Underweight,Muganda,Single parent alive,low socio-economic status,No,Yes,Stage 3,Was not a premature at birth,Yes,severe stress,controls,766,Advanced immune compromised,51,Suppressed,,,,,,,,,,,,,,,0,0,0,0
CHAKA/02/01/0081,11.674195,9-12,Adolescent,Female,Muslim,Pre-primary,Underweight,Muganda,Both parents alive,high socioecnomic status,No,Yes,Stage 3,Was a premature at birth,No,moderate stress,controls,824,Advanced immune compromised,10,Suppressed,,,,,,,,,,,,,,,0,0,0,0
CHAKA/02/01/0082,8.443532,9-12,Adolescent,Male,Protestant,Pre-primary,,Non-Ugandan,Both parents alive,high socioecnomic status,No,Yes,Stage 3,I don’t know,Yes,moderate stress,controls,863,Advanced immune compromised,0,Undetectable,,1.022674113,,,,,,,,,,,,,0,0,0,0
CHAKA/02/01/0084,7.6960983,5-8,Children,Female,Protestant,Pre-primary,Underweight,Muganda,Single parent alive,low socio-economic status,No,Yes,Stage 3,I don’t know,Yes,severe stress,cases,1207,Advanced immune compromised,10,Suppressed,1.093070528,.772196388,.32087415,Decreased,12/12,LS,LA/SA,A:A,A:A,T:T,A:A,G:G,A:A,G:G,0,0,1,1
CHAKA/02/01/0085,9.7029428,9-12,Adolescent,Female,Muslim,Pre-primary,Underweight,Non-Munganda but Ugandan,Single parent alive,high socioecnomic status,No,Yes,Stage 2,Was not a premature at birth,Yes,mild stress,cases,1047,Advanced immune compromised,1247,Unsuppressed,,.6529582350000001,,,10/12,LS,LA/SA,A:A,A:A,C:C,G:G,T:T,G:A,T:T,0,0,0,0
CHAKA/02/01/0086,14.655715,9-12,Adolescent,Male,Catholic,Pre-primary,Underweight,Non-Munganda but Ugandan,Both parents dead,high socioecnomic status,No,Yes,Stage 2,Was not a premature at birth,Yes,moderate stress,controls,510,Advanced immune compromised,1893,Unsuppressed,1.380544248,1.378091384,.0024528641,Decreased,12/12,LL,LA/LA,A:A,G:A,C:T,G:G,T:T,A:A,T:G,0,0,0,0
CHAKA/02/01/0087,5.5934291,5-8,Children,Female,Muslim,Pre-primary,Underweight,Non-Munganda but Ugandan,Single parent alive,low socio-economic status,No,Yes,Stage 3,Was not a premature at birth,Yes,moderate stress,cases,1294,Advanced immune compromised,64295,Unsuppressed,2.077559917,,,,10/12,LL,LA/LG,A:G,A:A,T:T,G:A,T:G,G:A,T:G,0,0,0,0
CHAKA/02/01/0089,9.319644,9-12,Adolescent,Female,Catholic,Pre-primary,Underweight,Muganda,Both parents alive,low socio-economic status,No,No,Stage 2,Was not a premature at birth,Yes,moderate stress,controls,1231,Advanced immune compromised,9593,Unsuppressed,1.426889709,.800829778,.62605995,Decreased,10/10,LL,LA/LG,A:G,?,T:T,G:G,T:T,G:A,G:G,0,0,0,0
CHAKA/02/01/0090,8.3066397,5-8,Children,Male,Catholic,Pre-primary,Underweight,Muganda,Both parents alive,low socio-economic status,No,No,Stage 3,Was not a premature at birth,Yes,mild stress,controls,1162,Advanced immune compromised,2792,Unsuppressed,1.277604155,,,,10/12,LS,SA/LG,A:G,A:A,T:T,G:G,T:T,G:A,T:G,0,0,0,0
CHAKA/02/01/0091,13.295004,13-17,Adolescent,Male,Catholic,No formal education,Underweight,Muganda,Both parents alive,low socio-economic status,No,Yes,Stage 2,Was not a premature at birth,Yes,mild stress,controls,464,Possibly immune compromised,8594,Unsuppressed,1.266168102,.370883328,.89528477,Decreased,12/12,LS,LA/SA,A:A,A:A,C:T,G:G,T:T,G:A,T:T,0,0,0,0
CHAKA/02/01/0093,10.444901,13-17,Adolescent,Female,Catholic,Pre-primary,Underweight,Non-Munganda but Ugandan,Single parent alive,high socioecnomic status,No,No,Stage 2,Was a premature at birth,Yes,severe stress,controls,445,Possibly immune compromised,23503,Unsuppressed,1.149190566,.873062453,.27612811,Decreased,10/12,LL,LG/LG,G:G,A:A,T:T,G:G,T:G,G:A,T:G,0,0,0,0
CHAKA/02/01/0094,9.4647503,9-12,Adolescent,Female,Catholic,Pre-primary,Underweight,Muganda,Both parents alive,low socio-economic status,No,Yes,Stage 3,Was not a premature at birth,Yes,moderate stress,cases,1374,Advanced immune compromised,0,Undetectable,2.032549841,1.422664258,.60988557,Decreased,10/12,LL,LA/LG,A:G,A:A,C:T,G:G,T:G,G:A,T:G,0,0,0,0
CHAKA/02/01/0095,10.431211,13-17,Adolescent,Female,Catholic,Pre-primary,Underweight,Muganda,Both parents alive,high socioecnomic status,No,Yes,Stage 3,Was not a premature at birth,No,mild stress,cases,863,Advanced immune compromised,30,Suppressed,1.86903335,,,,12/12,LL,LA/LA,A:A,A:A,C:C,G:G,G:G,G:G,T:G,0,0,0,0
CHAKA/02/01/0096,8.9199181,13-17,Adolescent,Female,Protestant,Pre-primary,Underweight,Non-Munganda but Ugandan,,low socio-economic status,No,No,Stage 1,I don’t know,I don’t know,mild stress,controls,670,Advanced immune compromised,23941,Unsuppressed,.757040642,.44382459,.31321606,Decreased,10/10,SS,SA/SA,A:A,A:A,C:T,G:A,G:G,G:A,T:G,0,0,0,0
CHAKA/02/01/0097,12.793977,9-12,Adolescent,Female,Catholic,Pre-primary,Underweight,Muganda,Both parents alive,high socioecnomic status,No,No,Stage 2,Was not a premature at birth,No,severe stress,controls,569,Advanced immune compromised,6025,Unsuppressed,,,,,10/12,LL,LA/LA,A:A,?,C:T,G:G,T:T,G:G,T:G,0,0,0,0
CHAKA/02/01/0101,8.9336071,5-8,Children,Male,Muslim,Pre-primary,Underweight,Muganda,Both parents alive,high socioecnomic status,No,Yes,Stage 3,Was not a premature at birth,Yes,mild stress,controls,599,Advanced immune compromised,26,Suppressed,1.530304299,.334023228,1.1962811,Decreased,10/12,LL,LA/LG,A:G,G:A,T:T,G:A,T:G,G:A,G:G,0,0,0,0
CHAKA/02/01/0102,6.4804926,5-8,Children,Male,Catholic,Pre-primary,Underweight,Non-Munganda but Ugandan,,low socio-economic status,No,Yes,Stage 3,Was not a premature at birth,Yes,mild stress,cases,832,Advanced immune compromised,4937,Unsuppressed,1.121994701,,,,12/12,LS,LA/SA,A:A,A:A,C:C,G:A,G:G,G:A,T:G,0,0,0,0
CHAKA/02/01/0104,9.9192333,9-12,Adolescent,Female,Protestant,Pre-primary,Underweight,Muganda,Both parents alive,high socioecnomic status,No,Yes,Stage 2,Was not a premature at birth,Yes,severe stress,cases,483,Possibly immune compromised,117,Suppressed,1.320762265,.956344991,.36441728,Decreased,12/12,LL,LA/LA,A:A,A:A,C:T,G:G,T:T,G:A,T:G,1,1,0,1
CHAKA/02/01/0106,15.920603,5-8,Children,Female,Muslim,Pre-primary,Normal weight,Non-Munganda but Ugandan,Single parent alive,low socio-economic status,Yes,Yes,Stage 2,Was not a premature at birth,Yes,mild stress,controls,415,Possibly immune compromised,10,Suppressed,.988043118,.8429747050000001,.14506841,Decreased,10/12,LS,LA/SA,A:A,A:A,C:T,G:A,T:G,A:A,T:T,0,0,0,0
CHAKA/02/01/0107,9.774127,9-12,Adolescent,Female,Catholic,Pre-primary,Underweight,Muganda,Both parents alive,low socio-economic status,No,Yes,Stage 3,Was not a premature at birth,Yes,mild stress,controls,1209,Advanced immune compromised,0,Undetectable,1.411551387,.975856043,.43569535,Decreased,12/12,LL,LA/LA,A:A,A:A,C:T,G:A,G:G,G:A,T:G,0,0,0,0
CHAKA/02/01/0109,7.5017114,5-8,Children,Female,Born Again,Pre-primary,Underweight,Non-Munganda but Ugandan,Single parent alive,low socio-economic status,No,Yes,Stage 2,Was not a premature at birth,Yes,mild stress,controls,1728,Advanced immune compromised,602,Suppressed,1.755904669,.909651464,.84625322,Decreased,10/12,LS,SA/LG,A:G,A:A,C:C,G:G,T:T,G:A,G:G,0,0,0,0
CHAKA/02/01/0111,13.297741,13-17,Adolescent,Male,Catholic,Pre-primary,Underweight,Muganda,Single parent alive,high socioecnomic status,Yes,No,Stage 2,Was not a premature at birth,Yes,mild stress,cases,322,Normal CD4 range,56787,Unsuppressed,1.553657817,2.013843475,-.46018565,Increased,12/12,LS,LA/SA,A:A,A:A,C:T,G:G,T:T,G:A,G:G,0,0,0,0
CHAKA/02/01/0114,6.5544147,5-8,Children,Female,SDA,Pre-primary,Underweight,Non-Munganda but Ugandan,Single parent alive,high socioecnomic status,No,No,Stage 2,Was not a premature at birth,Yes,mild stress,controls,893,Advanced immune compromised,30758,Unsuppressed,.719107919,.751898212,-.032790292,Increased,12/12,LL,LA/LA,A:A,A:A,C:C,G:G,G:G,G:G,T:G,0,0,0,0
CHAKA/02/01/0117,9.9986315,9-12,Adolescent,Male,Protestant,Pre-primary,Underweight,Muganda,Both parents alive,high socioecnomic status,No,Yes,Stage 2,Was not a premature at birth,Yes,mild stress,cases,163,Normal CD4 range,217704,Unsuppressed,1.325484837,.640266318,.68521851,Decreased,12/12,LS,LA/SA,A:A,A:A,C:T,A:A,G:G,A:A,T:G,0,0,0,0
CHAKA/02/01/0118,7.797399,5-8,Children,Female,Catholic,Pre-primary,Underweight,Non-Ugandan,Both parents dead,low socio-economic status,No,Yes,Stage 3,Was not a premature at birth,Yes,mild stress,cases,1171,Advanced immune compromised,0,Undetectable,1.167287435,.599665393,.56762207,Decreased,12/12,LL,LA/LA,A:A,G:A,C:T,G:A,T:G,G:A,T:T,0,0,0,0
CHAKA/02/01/0120,9.1718006,5-8,Children,Female,Muslim,Pre-primary,Underweight,Non-Munganda but Ugandan,Both parents alive,high socioecnomic status,No,Yes,Stage 3,Was not a premature at birth,Yes,severe stress,cases,1943,Advanced immune compromised,113,Suppressed,1.167459072,1.15594748,.011511592,Decreased,12/12,LS,LA/SA,A:A,A:A,C:C,G:A,T:G,A:A,T:T,0,0,1,1
CHAKA/02/01/0121,12,5-8,Children,Male,Protestant,Pre-primary,Underweight,Muganda,Both parents alive,high socioecnomic status,No,Yes,Stage 2,Was not a premature at birth,Yes,severe stress,cases,1492,Advanced immune compromised,0,Undetectable,1.579414245,1.270843471,.30857077,Decreased,10/12,LL,LG/LG,G:G,G:A,C:T,G:A,T:G,G:A,T:G,0,0,0,0
CHAKA/02/01/0122,9.5797396,13-17,Adolescent,Male,Protestant,Pre-primary,Underweight,Muganda,Both parents alive,low socio-economic status,No,Yes,Stage 2,Was not a premature at birth,Yes,moderate stress,controls,1547,Advanced immune compromised,0,Undetectable,.618790665,,,,12/12,LL,LA/LG,A:G,A:A,C:C,G:G,G:G,G:G,T:T,0,0,0,0
CHAKA/02/01/0123,6.0616016,5-8,Children,Female,Muslim,Pre-primary,Underweight,Muganda,Both parents alive,high socioecnomic status,No,Yes,Stage 2,Was not a premature at birth,Yes,mild stress,cases,972,Advanced immune compromised,0,Undetectable,1.252386329,1.033779201,.21860713,Decreased,12/12,LL,LA/LA,A:A,?,T:T,G:G,T:T,A:A,T:G,0,0,0,0
CHAKA/02/01/0124,7.4360027,9-12,Adolescent,Female,Muslim,Pre-primary,Underweight,Muganda,Single parent alive,low socio-economic status,No,Yes,Stage 1,Was not a premature at birth,Yes,mild stress,controls,922,Advanced immune compromised,0,Undetectable,.791777587,1.136228484,-.34445089,Increased,10/12,LS,SA/LG,A:G,A:A,C:C,G:A,G:G,G:A,T:G,0,0,0,0
CHAKA/02/01/0125,9.4346342,9-12,Adolescent,Female,Muslim,Pre-primary,Underweight,Muganda,Single parent alive,low socio-economic status,No,Yes,Stage 2,Was not a premature at birth,Yes,moderate stress,controls,427,Possibly immune compromised,0,Undetectable,1.607387747,.858416463,.74897128,Decreased,12/12,LS,LA/SA,A:A,A:A,C:C,G:A,G:G,G:A,T:G,0,0,0,0
CHAKA/02/01/0128,5.9438739,13-17,Adolescent,Female,Catholic,Pre-primary,Underweight,Non-Munganda but Ugandan,Single parent alive,low socio-economic status,No,Yes,Stage 2,Was not a premature at birth,Yes,mild stress,controls,1524,Advanced immune compromised,240,Suppressed,.902739166,.715433971,.1873052,Decreased,10/12,LL,LA/LA,A:A,A:A,T:T,G:G,T:T,G:A,T:G,0,0,0,0
CHAKA/02/01/0129,5.4811773,5-8,Children,Male,Catholic,Pre-primary,Underweight,Non-Munganda but Ugandan,Both parents alive,high socioecnomic status,No,Yes,Stage 2,Was not a premature at birth,Yes,moderate stress,cases,984,Advanced immune compromised,0,Undetectable,1.323963825,1.247051934,.076911889,Decreased,12/12,LL,LA/LA,A:A,A:A,C:T,G:G,G:G,G:G,T:G,1,0,0,1
CHAKA/02/01/0130,14.81451,5-8,Children,Female,Muslim,Pre-primary,Underweight,Muganda,Both parents alive,low socio-economic status,No,Yes,Stage 1,Was not a premature at birth,Yes,mild stress,controls,689,Advanced immune compromised,10,Suppressed,.731310691,,,,12/12,LL,LA/LG,A:G,A:A,C:C,G:A,T:G,G:G,T:G,0,0,0,0
CHAKA/02/01/0131,14.373716,13-17,Adolescent,Male,Catholic,Secondary level,Underweight,Non-Munganda but Ugandan,Both parents alive,high socioecnomic status,Yes,No,Stage 2,Was not a premature at birth,Yes,mild stress,controls,925,Advanced immune compromised,57636,Unsuppressed,1.323683328,.949539802,.37414354,Decreased,10/12,LL,LA/LA,A:A,A:A,C:C,G:A,T:G,G:A,G:G,0,0,0,0
CHAKA/02/01/0132,6.0561261,9-12,Adolescent,Female,Protestant,Pre-primary,Underweight,Muganda,Single parent alive,high socioecnomic status,No,Yes,Stage 2,Was not a premature at birth,Yes,mild stress,controls,1232,Advanced immune compromised,0,Undetectable,.627998946,,,,10/12,LL,LA/LG,A:G,A:A,C:C,G:A,T:G,A:A,T:G,0,0,0,0
CHAKA/02/01/0133,14.639288,13-17,Adolescent,Female,Born Again,Pre-primary,Underweight,Muganda,Both parents alive,high socioecnomic status,No,Yes,Stage 2,Was not a premature at birth,Yes,severe stress,controls,521,Advanced immune compromised,0,Undetectable,1.424825098,1.768921015,-.34409592,Increased,12/12,LL,LA/LG,A:G,?,T:T,G:G,T:G,G:G,T:G,0,0,0,0
CHAKA/02/01/0134,7.6030116,5-8,Children,Female,Muslim,Pre-primary,Underweight,Muganda,Both parents alive,high socioecnomic status,No,Yes,Stage 2,Was not a premature at birth,Yes,mild stress,cases,1673,Advanced immune compromised,0,Undetectable,1.01671087,1.454851119,-.43814024,Increased,10/10,LS,SA/LG,A:G,A:A,C:T,G:G,T:T,G:A,T:G,0,0,0,0
CHAKA/02/01/0135,8.6023273,5-8,Children,Female,Protestant,Pre-primary,Underweight,Muganda,Single parent alive,high socioecnomic status,No,Yes,Stage 2,Was not a premature at birth,Yes,mild stress,cases,922,Advanced immune compromised,10,Suppressed,1.367111856,1.11740141,.24971044,Decreased,10/12,LS,SA/LG,A:G,A:A,C:C,A:A,G:G,A:A,T:G,0,0,1,1
CHAKA/02/01/0137,7.7180014,5-8,Children,Male,Catholic,Pre-primary,Underweight,Muganda,Both parents alive,high socioecnomic status,No,Yes,Stage 3,Was not a premature at birth,Yes,moderate stress,cases,1400,Advanced immune compromised,10,Suppressed,,1.476557014,,,12/12,LL,LA/LG,A:G,G:G,C:T,G:G,T:G,G:G,T:G,1,0,0,1
CHAKA/02/01/0138,10.179329,5-8,Children,Male,Muslim,Pre-primary,Underweight,Muganda,,high socioecnomic status,No,Yes,Stage 3,Was not a premature at birth,Yes,moderate stress,controls,1280,Advanced immune compromised,1450,Unsuppressed,.909703788,,,,12/12,LL,LA/LA,A:A,A:A,C:T,G:A,T:G,A:A,G:G,0,0,0,0
CHAKA/02/01/0139,11.854894,5-8,Children,Female,Catholic,Pre-primary,Normal weight,Muganda,Single parent alive,high socioecnomic status,No,Yes,Stage 1,I don’t know,Yes,mild stress,cases,751,Advanced immune compromised,10,Suppressed,1.141668921,.632468567,.50920033,Decreased,12/12,LL,LA/LA,A:A,A:A,T:T,G:G,T:G,G:A,T:G,0,0,0,0
CHAKA/02/01/0141,9.4127312,9-12,Adolescent,Female,Catholic,Pre-primary,Underweight,Non-Munganda but Ugandan,Both parents alive,low socio-economic status,No,Yes,Stage 2,Was not a premature at birth,Yes,severe stress,cases,783,Advanced immune compromised,0,Undetectable,1.290349158,.719221138,.57112801,Decreased,12/12,LL,LA/LA,A:A,A:A,C:C,G:G,T:G,G:A,T:T,0,0,1,1
CHAKA/02/01/0142,7.1895962,5-8,Children,Female,Catholic,Pre-primary,Underweight,Non-Munganda but Ugandan,Both parents alive,high socioecnomic status,No,Yes,Stage 2,Was not a premature at birth,Yes,mild stress,cases,669,Advanced immune compromised,118,Suppressed,1.2319129,.76906971,.46284318,Decreased,12/12,LL,LA/LA,A:A,A:A,C:T,G:G,T:G,G:A,T:T,0,0,0,0
CHAKA/02/01/0144,10.855578,9-12,Adolescent,Female,Born Again,Pre-primary,Underweight,Non-Munganda but Ugandan,Both parents dead,high socioecnomic status,No,Yes,Stage 2,Was not a premature at birth,Yes,mild stress,cases,992,Advanced immune compromised,0,Undetectable,1.487744801,.878276902,.60946792,Decreased,10/12,SS,SA/SA,A:A,A:A,C:C,G:G,G:G,G:G,T:T,0,0,0,0
CHAKA/02/01/0145,14.036961,13-17,Adolescent,Female,Protestant,Pre-primary,Underweight,Muganda,Both parents alive,low socio-economic status,Yes,Yes,Stage 3,Was not a premature at birth,Yes,severe stress,controls,926,Advanced immune compromised,0,Undetectable,1.875066883,1.032423805,.84264308,Decreased,10/12,LL,LA/LG,A:G,A:A,C:C,G:G,T:T,G:A,G:G,0,0,0,0
CHAKA/02/01/0148,11.655031,9-12,Adolescent,Male,Catholic,Pre-primary,Underweight,Muganda,Single parent alive,low socio-economic status,No,Yes,Stage 2,Was not a premature at birth,Yes,severe stress,controls,56,Normal CD4 range,523935,Unsuppressed,1.132337931,.96591053,.1664274,Decreased,10/12,LL,LA/LG,A:G,A:A,C:C,G:G,T:T,A:A,T:G,0,0,0,0
CHAKA/02/01/0150,6.0670772,5-8,Children,Female,Catholic,Pre-primary,Underweight,Muganda,,low socio-economic status,No,Yes,Stage 2,Was not a premature at birth,Yes,mild stress,controls,2093,Advanced immune compromised,53,Suppressed,1.601106881,.74761797,.85348892,Decreased,12/12,LL,LA/LA,A:A,A:A,C:C,G:G,T:G,G:A,G:G,0,0,0,0
CHAKA/02/02/0160,7.9041753,5-8,Children,Male,Muslim,Pre-primary,Underweight,Muganda,Both parents alive,high socioecnomic status,No,Yes,Stage 2,Was not a premature at birth,Yes,mild stress,cases,76,Normal CD4 range,596152,Unsuppressed,.70629912,.6850908530000001,.021208268,Decreased,12/12,LL,LA/LA,A:A,G:A,T:T,G:G,T:G,G:G,G:G,0,0,0,0
CHAKA/02/02/0161,9.6071186,5-8,Children,Male,Muslim,Pre-primary,Underweight,Non-Ugandan,Both parents alive,low socio-economic status,No,Yes,Stage 2,Was not a premature at birth,Yes,severe stress,controls,767,Advanced immune compromised,0,Undetectable,,,,,10/12,LS,SA/LG,A:G,A:A,C:T,G:G,T:T,G:G,G:G,0,0,0,0
CHAKA/02/02/0205,10.116359,13-17,Adolescent,Male,Muslim,Pre-primary,Underweight,Muganda,Both parents alive,high socioecnomic status,No,Yes,Stage 3,Was not a premature at birth,Yes,mild stress,cases,803,Advanced immune compromised,0,Undetectable,1.058346828,,,,12/12,LL,LA/LA,A:A,?,C:C,G:A,T:G,G:A,T:G,1,0,1,1
CHAKA/02/02/0206,9.1800137,9-12,Adolescent,Female,Muslim,Pre-primary,Underweight,Non-Munganda but Ugandan,Both parents alive,high socioecnomic status,No,Yes,Stage 3,Was not a premature at birth,Yes,severe stress,cases,711,Advanced immune compromised,227078,Unsuppressed,1.319628287,.537000548,.78262776,Decreased,10/12,LL,LG/LG,G:G,A:A,C:C,G:A,G:G,G:A,T:G,1,0,1,1
CHAKA/02/02/0217,14,13-17,Adolescent,Male,Catholic,Secondary level,Normal weight,Muganda,Single parent alive,high socioecnomic status,No,Yes,Stage 3,Was not a premature at birth,Yes,moderate stress,controls,200,Normal CD4 range,,,.992295762,.959696109,.032599654,Decreased,10/10,LL,LG/LG,G:G,A:A,T:T,G:G,T:T,G:A,T:G,0,0,1,1
CHAKA/02/02/0220,6.3518138,9-12,Adolescent,Male,Born Again,Pre-primary,Underweight,Muganda,Both parents alive,high socioecnomic status,No,Yes,Stage 2,Was not a premature at birth,Yes,moderate stress,controls,959,Advanced immune compromised,0,Undetectable,1.471872436,,,,10/12,LL,LA/LG,A:G,G:A,T:T,G:A,T:G,G:A,T:T,0,0,0,0
CHAKA/02/02/0226,13,13-17,Adolescent,Female,Protestant,Pre-primary,Normal weight,Muganda,Single parent alive,high socioecnomic status,No,Yes,Stage 3,Was not a premature at birth,Yes,severe stress,cases,615,Advanced immune compromised,10,Suppressed,1.1128576,,,,12/12,LL,LA/LA,A:A,A:A,C:T,G:G,T:T,A:A,G:G,0,1,1,1
CHAKA/02/02/0228,14,13-17,Adolescent,Female,Catholic,Pre-primary,Underweight,Non-Munganda but Ugandan,Single parent alive,low socio-economic status,Yes,Yes,Stage 2,Was not a premature at birth,Yes,severe stress,cases,752,Advanced immune compromised,33,Suppressed,1.002437092,.554761427,.44767568,Decreased,10/12,LL,LA/LG,A:G,A:A,C:T,G:A,G:G,G:G,T:G,0,0,0,0
CHAKA/02/02/0229,6.9924707,5-8,Children,Male,Catholic,Pre-primary,Underweight,Muganda,Both parents alive,high socioecnomic status,No,Yes,Stage 2,Was not a premature at birth,Yes,moderate stress,cases,2606,Advanced immune compromised,21,Suppressed,1.014012476,.904354898,.10965758,Decreased,12/12,LS,LA/SA,A:A,A:A,C:C,G:A,T:G,A:A,T:G,0,0,0,0
CHAKA/02/02/0230,12,9-12,Adolescent,Female,Catholic,Pre-primary,Underweight,Non-Munganda but Ugandan,Both parents alive,high socioecnomic status,No,Yes,Stage 2,Was not a premature at birth,Yes,mild stress,cases,632,Advanced immune compromised,191,Suppressed,1.342837189,.7140661740000001,.62877101,Decreased,12/12,LS,LA/SA,A:A,G:A,C:C,G:G,T:G,G:A,T:G,0,0,1,1
CHAKA/02/02/0231,7.9452429,5-8,Children,Female,Catholic,Pre-primary,Underweight,Muganda,Both parents alive,high socioecnomic status,No,Yes,Stage 2,Was not a premature at birth,Yes,severe stress,cases,1261,Advanced immune compromised,172947,Unsuppressed,1.109555196,1.189546251,-.079991058,Increased,10/12,LL,LA/LA,A:A,A:A,C:C,G:A,0,G:A,T:T,0,0,0,0
CHAKA/02/02/0232,11.181382,5-8,Children,Female,Catholic,Pre-primary,Underweight,Muganda,Both parents alive,high socioecnomic status,No,Yes,Stage 2,Was not a premature at birth,Yes,mild stress,controls,1022,Advanced immune compromised,10,Suppressed,1.003698237,.725181448,.2785168,Decreased,12/12,LS,LA/SA,A:A,A:A,C:C,G:G,T:G,G:A,T:G,0,0,0,0
CHAKA/02/02/0233,7.7043123,5-8,Children,Female,Catholic,Pre-primary,Underweight,Non-Munganda but Ugandan,Single parent alive,high socioecnomic status,No,Yes,Stage 2,Was not a premature at birth,Yes,mild stress,controls,853,Advanced immune compromised,10,Suppressed,1.068188014,.926553924,.14163409,Decreased,12/12,LL,LA/LG,A:G,G:A,C:T,G:A,T:G,G:A,G:G,0,0,0,0
CHAKA/02/02/0235,12,9-12,Adolescent,Female,Catholic,Pre-primary,Underweight,Non-Munganda but Ugandan,Both parents alive,high socioecnomic status,No,Yes,Stage 2,I don’t know,Yes,severe stress,cases,395,Possibly immune compromised,10273,Unsuppressed,,1.025199554,,,12/12,LL,LA/LA,A:A,?,T:T,G:G,T:T,0,T:G,0,1,1,1
CHAKA/02/02/0236,14,13-17,Adolescent,Male,Protestant,Secondary level,Underweight,Muganda,Both parents alive,high socioecnomic status,No,Yes,Stage 2,Was not a premature at birth,Yes,moderate stress,cases,937,Advanced immune compromised,0,Undetectable,1.734663089,.944888615,.78977448,Decreased,12/12,LS,LA/SA,A:A,A:A,C:C,G:G,T:T,G:A,T:G,0,0,1,1
CHAKA/02/02/0238,6.3928814,5-8,Children,Male,Born Again,Pre-primary,Normal weight,Muganda,Both parents alive,high socioecnomic status,No,Yes,Stage 1,Was not a premature at birth,Yes,severe stress,cases,870,Advanced immune compromised,0,Undetectable,1.202526134,.432419019,.77010709,Decreased,12/12,LL,LA/LA,A:A,?,C:C,G:A,T:G,A:A,T:G,0,0,0,0
CHAKA/02/02/0240,7.5920601,5-8,Children,Female,Catholic,Pre-primary,Underweight,Muganda,,high socioecnomic status,No,Yes,Stage 2,Was not a premature at birth,Yes,mild stress,controls,791,Advanced immune compromised,0,Undetectable,1.501219806,,,,10/12,SS,SA/SA,A:A,A:A,C:T,G:G,T:T,G:A,T:G,0,0,0,0
CHAKA/02/02/0241,10.554415,9-12,Adolescent,Male,Catholic,Pre-primary,Underweight,Muganda,Single parent alive,high socioecnomic status,No,Yes,Stage 2,Was not a premature at birth,Yes,moderate stress,cases,1249,Advanced immune compromised,0,Undetectable,1.18544257,.53591167,.64953089,Decreased,10/12,LL,LA/LG,A:G,A:A,C:T,G:G,T:T,G:A,T:T,0,0,0,0
CHAKA/02/02/0242,13,13-17,Adolescent,Male,Catholic,Pre-primary,Underweight,Muganda,Both parents alive,low socio-economic status,No,Yes,Stage 3,Was not a premature at birth,Yes,severe stress,cases,556,Advanced immune compromised,10,Suppressed,,,,,12/12,LL,LA/LA,A:A,G:A,C:T,G:G,T:T,A:A,T:G,0,0,0,0
CHAKA/02/02/0243,15,13-17,Adolescent,Male,Others,Secondary level,Normal weight,Non-Munganda but Ugandan,Both parents dead,high socioecnomic status,No,Yes,Stage 2,Was not a premature at birth,Yes,severe stress,cases,450,Possibly immune compromised,40748,Unsuppressed,,.943723634,,,10/12,LL,LA/LA,A:A,G:G,C:T,G:G,T:G,A:A,T:T,0,0,0,0
CHAKA/02/02/0244,9.8973303,9-12,Adolescent,Male,Muslim,Pre-primary,Underweight,Muganda,Both parents alive,high socioecnomic status,No,Yes,Stage 2,Was not a premature at birth,Yes,mild stress,controls,1664,Advanced immune compromised,24,Suppressed,,,,,12/12,LL,LA/LA,A:A,?,C:T,G:G,T:T,G:A,T:G,0,0,0,0
CHAKA/02/02/0245,7.3702941,5-8,Children,Male,Catholic,Pre-primary,Underweight,Non-Munganda but Ugandan,Both parents alive,low socio-economic status,No,Yes,Stage 3,Was not a premature at birth,Yes,moderate stress,controls,1006,Advanced immune compromised,35481,Unsuppressed,,.615599857,,,12/12,LL,LA/LA,A:A,A:A,C:T,G:A,T:G,A:A,G:G,0,0,0,0
CHAKA/02/02/0246,6.236824,5-8,Children,Female,Catholic,Pre-primary,Normal weight,Muganda,Both parents alive,high socioecnomic status,No,Yes,Stage 2,Was not a premature at birth,Yes,mild stress,cases,983,Advanced immune compromised,0,Undetectable,1.304538797,2.096840744,-.79230195,Increased,12/12,LS,SA/LG,A:G,?,C:T,G:A,G:G,G:A,G:G,0,0,0,0
CHAKA/02/02/0247,7.2388773,5-8,Children,Female,Muslim,Pre-primary,Underweight,Non-Munganda but Ugandan,Single parent alive,low socio-economic status,No,Yes,Stage 3,Was not a premature at birth,Yes,moderate stress,cases,1093,Advanced immune compromised,555,Suppressed,1.315188049,.753886412,.56130165,Decreased,12/12,LL,LA/LA,A:A,A:A,T:T,G:A,G:G,G:A,,0,0,0,0
CHAKA/02/02/0248,14,13-17,Adolescent,Male,Catholic,Secondary level,Normal weight,Non-Munganda but Ugandan,Single parent alive,high socioecnomic status,No,Yes,Stage 2,Was not a premature at birth,Yes,moderate stress,controls,393,Possibly immune compromised,1352,Unsuppressed,1.222008024,,,,12/12,LL,LA/LA,A:A,A:A,C:C,G:A,T:G,G:A,G:G,0,0,1,1
CHAKA/02/02/0249,6.9705682,5-8,Children,Female,Protestant,Pre-primary,Underweight,Muganda,Both parents alive,high socioecnomic status,No,Yes,Stage 3,Was not a premature at birth,No,mild stress,cases,993,Advanced immune compromised,23109,Unsuppressed,,1.198158805,,,10/12,LS,LA/SA,A:A,A:A,C:T,G:G,T:T,A:A,T:T,0,0,0,0
CHAKA/02/02/0252,8.8295689,5-8,Children,Male,Catholic,Pre-primary,Underweight,Non-Munganda but Ugandan,Both parents alive,high socioecnomic status,No,Yes,Stage 3,Was a premature at birth,Yes,moderate stress,cases,681,Advanced immune compromised,0,Undetectable,1.360627946,2.014027968,-.6534,Increased,12/12,LL,LA/LA,A:A,A:A,C:T,G:G,T:T,G:A,T:T,0,0,0,0
CHAKA/02/02/0254,8.5804243,13-17,Adolescent,Female,Catholic,Pre-primary,Underweight,Muganda,Both parents alive,low socio-economic status,No,Yes,Stage 2,Was not a premature at birth,Yes,severe stress,controls,1221,Advanced immune compromised,30,Suppressed,1.163535659,,,,12/12,LL,LA/LA,A:A,A:A,C:T,G:A,T:G,A:A,T:G,0,0,0,0
CHAKA/02/02/0258,6.0068445,5-8,Children,Male,Catholic,Pre-primary,Underweight,Muganda,Both parents alive,high socioecnomic status,No,Yes,Stage 2,I don’t know,Yes,mild stress,controls,3066,Advanced immune compromised,10,Suppressed,1.739928503,,,,12/12,SS,SA/SA,A:A,A:A,T:T,G:G,T:G,G:G,T:T,0,0,0,0
CHAKA/02/02/0259,7.581109,13-17,Adolescent,Female,Protestant,Pre-primary,Underweight,Muganda,Single parent alive,low socio-economic status,No,Yes,Stage 3,Was not a premature at birth,Yes,mild stress,cases,1055,Advanced immune compromised,10,Suppressed,1.043044099,,,,12/12,LL,LA/LA,A:A,G:A,C:T,G:G,T:T,G:A,T:G,0,0,0,0
CHAKA/02/02/0260,6.2559891,5-8,Children,Female,Catholic,Pre-primary,Underweight,Muganda,Both parents alive,high socioecnomic status,No,Yes,Stage 3,Was not a premature at birth,Yes,mild stress,controls,1152,Advanced immune compromised,61255,Unsuppressed,.898326922,.823912361,.074414559,Decreased,12/12,LL,LA/LA,A:A,A:A,C:T,G:A,G:G,G:A,T:G,0,0,0,0
CHAKA/02/02/0262,7.6194386,5-8,Children,Male,Protestant,Pre-primary,Underweight,Non-Munganda but Ugandan,Both parents alive,low socio-economic status,No,Yes,Stage 2,Was not a premature at birth,Yes,mild stress,controls,1233,Advanced immune compromised,10,Suppressed,1.259210388,,,,12/12,LL,LA/LA,A:A,A:A,C:T,G:G,T:T,G:A,T:T,0,0,0,0
CHAKA/02/02/0263,9.9274473,9-12,Adolescent,Female,Catholic,Pre-primary,Underweight,Muganda,Both parents dead,low socio-economic status,No,Yes,Stage 2,Was not a premature at birth,Yes,severe stress,cases,940,Advanced immune compromised,0,Undetectable,1.369493592,1.047721388,.32177222,Decreased,10/10,LS,LA/SA,A:A,A:A,C:C,G:A,0,G:A,G:G,0,0,0,0
CHAKA/02/02/0264,11.600274,9-12,Adolescent,Male,Catholic,Pre-primary,Underweight,Muganda,Both parents alive,low socio-economic status,No,Yes,Stage 2,Was not a premature at birth,Yes,mild stress,controls,852,Advanced immune compromised,88,Suppressed,1.361359911,.818789704,.54257023,Decreased,12/12,LL,LA/LA,A:A,G:A,C:T,G:G,T:G,G:G,T:G,0,0,0,0
CHAKA/02/02/0265,7.5208759,9-12,Adolescent,Female,Catholic,Pre-primary,Underweight,Muganda,Both parents alive,high socioecnomic status,No,Yes,Stage 2,Was not a premature at birth,Yes,mild stress,controls,1079,Advanced immune compromised,54,Suppressed,.92863567,.504268984,.42436668,Decreased,10/12,LL,LA/LA,A:A,G:A,C:T,G:G,T:G,G:A,G:G,0,0,0,0
CHAKA/02/02/0268,6.4093089,5-8,Children,Male,Protestant,Pre-primary,Underweight,Non-Munganda but Ugandan,Single parent alive,high socioecnomic status,No,Yes,Stage 3,Was not a premature at birth,Yes,mild stress,controls,1098,Advanced immune compromised,10,Suppressed,1.147269639,.722971923,.42429772,Decreased,12/12,SS,SA/SA,A:A,A:A,C:C,G:G,T:T,A:A,T:G,0,0,0,0
CHAKA/02/02/0269,13,13-17,Adolescent,Male,Catholic,Secondary level,Underweight,Non-Munganda but Ugandan,Both parents alive,high socioecnomic status,No,Yes,Stage 3,Was not a premature at birth,I don’t know,severe stress,controls,789,Advanced immune compromised,,,1.469801685,.847692238,.62210947,Decreased,12/12,LS,LA/SA,A:A,A:A,C:T,G:G,T:T,G:A,T:G,0,0,1,1
CHAKA/02/02/0270,10.642026,9-12,Adolescent,Male,Muslim,Pre-primary,Underweight,Non-Munganda but Ugandan,Both parents alive,high socioecnomic status,No,Yes,Stage 2,Was not a premature at birth,Yes,mild stress,controls,563,Advanced immune compromised,31,Suppressed,1.294725428,.660470035,.63425541,Decreased,12/12,LS,LA/SA,A:A,A:A,C:C,G:A,T:G,A:A,T:T,0,0,0,0
CHAKA/02/02/0271,10.666667,9-12,Adolescent,Male,Born Again,Pre-primary,Underweight,Non-Munganda but Ugandan,Both parents alive,high socioecnomic status,No,Yes,Stage 2,Was not a premature at birth,Yes,moderate stress,cases,1347,Advanced immune compromised,0,Undetectable,1.106158272,.420629247,.68552905,Decreased,10/10,LS,LA/SA,A:A,A:A,C:T,G:G,T:G,G:G,T:T,0,0,0,0
CHAKA/02/02/0272,7.2361398,5-8,Children,Male,Catholic,Pre-primary,Underweight,Muganda,,high socioecnomic status,No,Yes,Stage 2,Was not a premature at birth,Yes,moderate stress,cases,1189,Advanced immune compromised,10,Suppressed,1.706037139,.547785068,1.1582521,Decreased,12/12,SS,SA/SA,A:A,A:A,C:C,G:G,T:T,G:G,T:G,0,0,0,0
CHAKA/02/02/0274,16,9-12,Adolescent,Male,Catholic,Secondary level,Underweight,Muganda,Single parent alive,high socioecnomic status,No,Yes,Stage 3,Was not a premature at birth,Yes,severe stress,cases,19,Normal CD4 range,,,1.349523439,,,,10/12,LL,LA/LG,A:G,G:A,C:C,G:A,T:G,G:A,T:G,0,0,1,1
CHAKA/02/02/0275,7.778234,13-17,Adolescent,Male,Catholic,Pre-primary,Underweight,Muganda,Both parents alive,high socioecnomic status,No,Yes,Stage 4,Was not a premature at birth,Yes,mild stress,cases,1251,Advanced immune compromised,0,Undetectable,1.222529645,,,,10/10,LL,LA/LG,A:G,A:A,C:C,G:G,T:G,G:A,T:T,0,0,0,0
CHAKA/02/02/0276,9.1307325,9-12,Adolescent,Male,Protestant,Pre-primary,Underweight,Muganda,Both parents alive,high socioecnomic status,No,Yes,Stage 1,Was not a premature at birth,Yes,moderate stress,controls,1393,Advanced immune compromised,33,Suppressed,,.788125342,,,12/12,LL,LA/LA,A:A,A:A,C:C,G:A,T:G,G:A,T:G,0,0,0,0
CHAKA/02/02/0277,16,13-17,Adolescent,Female,Protestant,Pre-primary,Overweight,Muganda,Both parents alive,high socioecnomic status,No,Yes,Stage 3,Was not a premature at birth,Yes,severe stress,controls,481,Possibly immune compromised,,,.86457471,.817341081,.04723363,Decreased,12/12,LS,LA/SA,A:A,A:A,C:T,G:G,T:G,G:A,T:G,0,0,1,1
CHAKA/02/02/0279,10.08898,13-17,Adolescent,Female,Catholic,Pre-primary,Underweight,Non-Munganda but Ugandan,Both parents dead,high socioecnomic status,No,Yes,Stage 3,Was not a premature at birth,Yes,mild stress,cases,872,Advanced immune compromised,0,Undetectable,1.188362721,.930160464,.25820225,Decreased,10/10,LL,LG/LG,G:G,A:A,C:C,G:A,G:G,G:A,G:G,0,0,0,0
CHAKA/02/02/0280,14,5-8,Children,Male,Catholic,Pre-primary,Underweight,Non-Munganda but Ugandan,Single parent alive,low socio-economic status,No,Yes,Stage 2,Was not a premature at birth,Yes,severe stress,cases,714,Advanced immune compromised,,,1.092696474,.952641964,.14005451,Decreased,12/12,LL,LA/LA,A:A,A:A,C:T,G:A,T:G,A:A,T:G,0,0,1,1
CHAKA/02/02/0281,7.7180014,5-8,Children,Female,Protestant,Pre-primary,Underweight,Muganda,Both parents alive,low socio-economic status,No,Yes,Stage 2,Was not a premature at birth,Yes,severe stress,cases,1377,Advanced immune compromised,0,Undetectable,1.313696121,,,,12/12,LL,LA/LA,A:A,G:A,C:C,G:A,T:G,A:A,T:G,0,0,0,0
CHAKA/02/02/0282,9.6755648,9-12,Adolescent,Male,Protestant,Pre-primary,Underweight,Muganda,Single parent alive,high socioecnomic status,No,Yes,Stage 3,Was not a premature at birth,Yes,moderate stress,cases,1001,Advanced immune compromised,0,Undetectable,1.511060571,1.782841753,-.27178118,Increased,12/12,LL,LA/LG,A:G,A:A,C:T,G:G,T:G,G:G,G:G,0,0,1,1
CHAKA/02/02/0285,14,13-17,Adolescent,Female,Catholic,Secondary level,Normal weight,Muganda,Single parent alive,high socioecnomic status,No,Yes,Stage 3,Was not a premature at birth,Yes,severe stress,cases,638,Advanced immune compromised,,,.859269779,.969932675,-.11066289,Increased,12/12,LL,LA/LA,A:A,G:A,C:C,G:A,T:G,G:G,G:G,0,0,0,0
CHAKA/02/02/0287,8.7775497,13-17,Adolescent,Female,Catholic,Pre-primary,Underweight,Non-Munganda but Ugandan,Both parents alive,low socio-economic status,No,Yes,Stage 4,Was not a premature at birth,Yes,severe stress,controls,1448,Advanced immune compromised,0,Undetectable,1.18595691,1.163687069,.022269841,Decreased,10/12,LS,SA/LG,A:G,,,,,,,0,0,0,0
CHAKA/02/02/0293,7.6030116,5-8,Children,Female,Catholic,Pre-primary,Underweight,Muganda,Single parent alive,low socio-economic status,No,Yes,Stage 3,Was not a premature at birth,Yes,moderate stress,controls,1429,Advanced immune compromised,0,Undetectable,,.741906252,,,10/12,LL,LA/LG,A:G,A:A,C:C,G:A,T:G,G:A,T:T,0,0,0,0
CHAKA/02/02/0294,13,13-17,Adolescent,Female,Born Again,Pre-primary,Normal weight,Non-Munganda but Ugandan,Both parents alive,high socioecnomic status,No,Yes,Stage 2,Was not a premature at birth,Yes,severe stress,controls,539,Advanced immune compromised,,,1.241336995,.840368517,.40096849,Decreased,12/12,LL,LA/LA,A:A,A:A,C:C,G:A,T:G,A:A,T:G,1,0,1,1
CHAKA/02/02/0297,12,9-12,Adolescent,Male,Catholic,Pre-primary,Underweight,Muganda,Both parents alive,high socioecnomic status,No,Yes,Stage 1,Was not a premature at birth,Yes,severe stress,cases,465,Possibly immune compromised,,,.934227129,,,,12/12,LL,,,A:A,C:T,G:G,T:T,G:A,T:G,1,1,1,1
CHAKA/02/02/0299,14,5-8,Children,Male,Protestant,Secondary level,Underweight,Non-Munganda but Ugandan,Single parent alive,high socioecnomic status,No,Yes,Stage 2,Was not a premature at birth,I don’t know,severe stress,controls,260,Normal CD4 range,,,.575870186,,,,10/12,LS,LA/SA,A:A,A:A,C:T,G:A,T:G,G:G,T:T,0,0,0,0
CHAKA/02/02/0420,16,13-17,Adolescent,Female,Protestant,Pre-primary,Overweight,Muganda,Single parent alive,high socioecnomic status,No,Yes,Stage 3,Was not a premature at birth,Yes,moderate stress,cases,1151,Advanced immune compromised,,,.705213949,.727747872,-.022533923,Increased,10/12,LS,SA/LG,A:G,A:A,C:T,G:G,T:G,G:A,T:T,0,0,1,1
CHAKA/02/02/0421,6.9733062,5-8,Children,Male,Catholic,Pre-primary,Underweight,Muganda,Both parents alive,high socioecnomic status,No,Yes,Stage 2,Was not a premature at birth,Yes,moderate stress,cases,563,Advanced immune compromised,138,Suppressed,.400697867,.8777876,-.47708973,Increased,12/12,LL,LA/LA,A:A,A:A,C:T,G:G,T:T,G:A,T:T,0,0,0,0
CHAKA/02/03/0376,11.493498,9-12,Adolescent,Male,Protestant,Pre-primary,Normal weight,Muganda,Both parents alive,low socio-economic status,No,No,Stage 2,Was not a premature at birth,Yes,moderate stress,controls,910,Advanced immune compromised,0,Undetectable,.986742864,,,,12/12,LL,LA/LA,A:A,A:A,C:C,0,T:G,G:G,T:T,0,0,0,0
CHAKA/02/03/0377,7.2060232,5-8,Children,Male,Protestant,Pre-primary,Underweight,Non-Munganda but Ugandan,Both parents alive,high socioecnomic status,No,No,Stage 2,Was not a premature at birth,Yes,moderate stress,cases,755,Advanced immune compromised,0,Undetectable,1.216759017,,,,10/12,LS,LA/SA,A:A,A:A,C:T,G:G,T:G,G:A,T:G,0,0,0,0
CHAKA/02/03/0378,14,9-12,Adolescent,,,,Normal weight,,,high socioecnomic status,,Yes,Stage 2,,,severe stress,controls,661,Advanced immune compromised,0,Undetectable,1.548868034,,,,12/12,LL,LA/LA,A:A,?,C:C,G:A,T:G,A:A,G:G,0,0,0,0
CHAKA/02/03/0379,12.77755,9-12,Adolescent,Female,Catholic,Pre-primary,Underweight,Muganda,Single parent alive,high socioecnomic status,No,No,Stage 2,Was not a premature at birth,No,mild stress,controls,502,Advanced immune compromised,159411,Unsuppressed,1.422728189,.714864336,.70786387,Decreased,12/12,LL,LA/LG,A:G,A:A,C:T,G:A,T:G,A:A,G:G,0,0,0,0
CHAKA/02/03/0382,14,5-8,Children,Male,Catholic,Pre-primary,Obesity,Non-Munganda but Ugandan,Both parents dead,high socioecnomic status,No,Yes,Stage 3,I don’t know,Yes,mild stress,controls,447,Possibly immune compromised,95,Suppressed,1.194162763,.63403038,.56013238,Decreased,10/12,LL,LA/LA,A:A,A:A,C:T,G:A,T:G,A:A,T:T,0,0,1,1
CHAKA/02/03/0383,14,13-17,Adolescent,Male,Catholic,Pre-primary,Underweight,Muganda,Both parents alive,low socio-economic status,No,Yes,Stage 2,Was not a premature at birth,Yes,mild stress,cases,597,Advanced immune compromised,0,Undetectable,,.8840454290000001,,,10/12,LL,LA/LA,A:A,A:A,C:C,G:A,G:G,G:G,G:G,1,0,1,1
CHAKA/02/03/0385,7.6358657,5-8,Children,Male,Muslim,Pre-primary,Underweight,Muganda,Both parents alive,low socio-economic status,No,Yes,Stage 4,Was not a premature at birth,Yes,moderate stress,controls,1568,Advanced immune compromised,0,Undetectable,.772483953,1.051060792,-.27857685,Increased,12/12,LL,LA/LG,A:G,A:A,T:T,G:A,T:G,G:A,T:G,0,0,0,0
CHAKA/02/03/0387,12,9-12,Adolescent,Male,Catholic,Pre-primary,Underweight,Non-Munganda but Ugandan,Both parents alive,low socio-economic status,No,No,Stage 3,Was not a premature at birth,Yes,mild stress,cases,1147,Advanced immune compromised,0,Undetectable,1.122318169,1.408987235,-.28666908,Increased,10/12,LL,LA/LA,A:A,?,C:C,G:G,T:T,G:A,T:G,0,0,1,1
CHAKA/02/03/0388,16,13-17,Adolescent,Male,Catholic,Secondary level,Normal weight,Non-Munganda but Ugandan,Both parents alive,high socioecnomic status,No,Yes,Stage 3,Was not a premature at birth,Yes,moderate stress,controls,781,Advanced immune compromised,0,Undetectable,,,,,10/12,LL,LA/LA,A:A,?,T:T,G:G,0,0,T:G,0,0,0,0
CHAKA/02/03/0389,14,13-17,Adolescent,Female,Born Again,Pre-primary,Underweight,Muganda,Single parent alive,low socio-economic status,No,Yes,Stage 3,Was not a premature at birth,Yes,severe stress,cases,729,Advanced immune compromised,20,Suppressed,1.626686069,,,,12/12,LL,LA/LA,A:A,A:A,C:C,G:A,T:G,A:A,T:G,0,0,1,1
CHAKA/02/03/0391,17,13-17,Adolescent,Female,Born Again,Secondary level,Normal weight,Muganda,Both parents alive,high socioecnomic status,No,Yes,Stage 2,I don’t know,Yes,moderate stress,cases,467,Possibly immune compromised,0,Undetectable,1.221379518,1.465419623,-.2440401,Increased,12/12,LL,LA/LA,A:A,?,C:C,G:G,T:T,G:G,T:T,0,0,1,1
CHAKA/02/03/0392,10.006845,9-12,Adolescent,Female,Born Again,Pre-primary,Underweight,Muganda,Both parents alive,high socioecnomic status,No,Yes,Stage 2,I don’t know,Yes,moderate stress,cases,1010,Advanced immune compromised,0,Undetectable,,.621206868,,,10/12,LL,LA/LA,A:A,?,?,0,T:T,0,G:G,1,0,0,1
CHAKA/02/03/0393,14,13-17,Adolescent,Female,Born Again,Secondary level,Normal weight,Non-Munganda but Ugandan,Both parents alive,low socio-economic status,No,Yes,Stage 2,Was not a premature at birth,Yes,severe stress,cases,338,Normal CD4 range,153493,Unsuppressed,1.376006241,.935336574,.44066966,Decreased,10/12,LL,LA/LA,A:A,A:A,T:T,G:G,T:T,G:A,T:G,1,1,1,1
CHAKA/02/03/0395,7.8302531,5-8,Children,Female,Catholic,Pre-primary,Underweight,Muganda,Single parent alive,low socio-economic status,No,No,Stage 2,Was not a premature at birth,Yes,mild stress,controls,1269,Advanced immune compromised,0,Undetectable,.907165667,.685884923,.22128074,Decreased,10/12,LL,LA/LG,A:G,A:A,C:C,G:A,T:G,A:A,T:G,0,0,0,0
CHAKA/02/03/0397,5.2156057,5-8,Children,Female,Muslim,Pre-primary,Underweight,Muganda,Both parents alive,high socioecnomic status,No,Yes,Stage 3,Was not a premature at birth,Yes,severe stress,controls,1772,Advanced immune compromised,0,Undetectable,1.446316388,1.086366058,.35995033,Decreased,12/12,LS,LA/SA,A:A,A:A,C:T,G:A,T:G,G:A,T:T,0,0,0,0
CHAKA/02/03/0399,9.2046547,9-12,Adolescent,Female,Catholic,Pre-primary,Underweight,Muganda,Both parents alive,low socio-economic status,No,Yes,Stage 2,Was not a premature at birth,Yes,mild stress,controls,905,Advanced immune compromised,10,Suppressed,,1.189883556,,,12/12,LL,LA/LG,A:G,A:A,C:T,G:G,T:T,G:A,T:G,0,0,0,0
CHAKA/02/03/0400,7.581109,13-17,Adolescent,Female,Catholic,Pre-primary,Underweight,Muganda,Single parent alive,high socioecnomic status,No,Yes,Stage 3,I don’t know,Yes,mild stress,cases,1730,Advanced immune compromised,10,Suppressed,1.933330946,,,,12/12,LL,LA/LA,A:A,A:A,C:C,G:A,T:G,G:A,T:G,0,1,0,1
CHAKA/02/03/0405,7.1457906,5-8,Children,Female,Muslim,Pre-primary,Overweight,Non-Munganda but Ugandan,Both parents alive,low socio-economic status,No,Yes,Stage 3,Was not a premature at birth,Yes,moderate stress,cases,1224,Advanced immune compromised,598,Suppressed,1.691321998,2.026647236,-.33532524,Increased,12/12,LS,LA/SA,A:A,?,C:T,G:A,G:G,G:A,T:T,0,0,0,0
CHAKA/02/03/0406,9.7138948,9-12,Adolescent,Male,Muslim,Pre-primary,Underweight,Muganda,Both parents alive,low socio-economic status,No,Yes,Stage 2,Was not a premature at birth,Yes,mild stress,cases,1347,Advanced immune compromised,0,Undetectable,1.171981072,.769313205,.40266788,Decreased,12/12,LS,LA/SA,A:A,A:A,C:C,A:A,G:G,A:A,T:G,0,0,1,1
CHAKA/02/03/0407,7.6002736,9-12,Adolescent,Female,Protestant,Pre-primary,Underweight,Muganda,Single parent alive,high socioecnomic status,No,Yes,Stage 2,I don’t know,Yes,moderate stress,cases,1047,Advanced immune compromised,10,Suppressed,.743468807,.668889622,.074579187,Decreased,12/12,LL,LA/LA,A:A,G:G,C:T,G:G,T:T,A:A,G:G,0,0,0,0
CHAKA/02/03/0408,9.338809,9-12,Adolescent,Male,Muslim,Pre-primary,Underweight,Muganda,Both parents alive,low socio-economic status,No,Yes,Stage 3,Was not a premature at birth,Yes,mild stress,controls,1057,Advanced immune compromised,35,Suppressed,2.063065738,.848448355,1.2146174,Decreased,12/12,LL,LA/LA,A:A,A:A,C:T,G:G,T:T,G:A,T:G,0,0,0,0
CHAKA/02/03/0410,9.6344967,9-12,Adolescent,Female,Catholic,Pre-primary,Underweight,Muganda,Both parents alive,low socio-economic status,No,No,Stage 2,I don’t know,Yes,moderate stress,controls,1758,Advanced immune compromised,2360,Unsuppressed,1.379360332,.898098593,.48126173,Decreased,12/12,LL,LA/LG,A:G,A:A,C:C,G:G,T:G,G:A,T:G,0,0,0,0
CHAKA/02/03/0411,7.6386037,5-8,Children,Female,Catholic,Pre-primary,,Non-Munganda but Ugandan,Single parent alive,low socio-economic status,No,Yes,Stage 3,I don’t know,Yes,moderate stress,controls,1052,Advanced immune compromised,0,Undetectable,1.694047328,.93309522,.76095212,Decreased,12/12,LS,LA/SA,A:A,G:A,C:C,G:G,T:G,G:G,T:G,0,0,0,0
CHAKA/02/03/0413,13.462012,13-17,Adolescent,Male,Protestant,Pre-primary,Normal weight,Non-Munganda but Ugandan,Single parent alive,high socioecnomic status,No,Yes,Stage 2,Was not a premature at birth,Yes,severe stress,controls,872,Advanced immune compromised,,,1.592156077,1.63558532,-.043429244,Increased,10/12,LL,LA/LA,A:A,A:A,C:C,G:G,T:T,A:A,T:G,0,0,1,1
CHAKA/02/03/0414,13.067761,9-12,Adolescent,Male,Catholic,Pre-primary,Normal weight,Muganda,Single parent alive,high socioecnomic status,No,Yes,Stage 2,I don’t know,Yes,moderate stress,controls,1197,Advanced immune compromised,,,1.264270229,.8195676320000001,.4447026,Decreased,12/12,LL,LA/LA,A:A,A:A,C:T,G:A,G:G,G:G,T:G,0,0,0,0
CHAKA/02/03/0415,6.6557155,9-12,Adolescent,Male,Catholic,Pre-primary,Underweight,Muganda,Single parent alive,high socioecnomic status,No,Yes,Stage 2,I don’t know,Yes,severe stress,controls,1722,Advanced immune compromised,0,Undetectable,.446883141,.81738512,-.37050197,Increased,10/10,LS,SA/LG,A:G,A:A,T:T,G:G,G:G,G:G,T:G,0,0,0,0
CHAKA/02/03/0416,8.5886383,9-12,Adolescent,Male,Catholic,Pre-primary,Underweight,Muganda,Single parent alive,low socio-economic status,No,Yes,Stage 2,Was not a premature at birth,Yes,mild stress,controls,1349,Advanced immune compromised,0,Undetectable,.929742632,.715835569,.21390706,Decreased,12/12,LL,LA/LG,A:G,A:A,C:C,G:A,T:G,G:A,T:T,0,0,0,0
CHAKA/02/04/0336,8.3258047,5-8,Children,Female,Muslim,Pre-primary,Underweight,Non-Munganda but Ugandan,Single parent alive,high socioecnomic status,No,Yes,Stage 2,Was not a premature at birth,Yes,moderate stress,cases,694,Advanced immune compromised,36,Suppressed,,,,,12/12,LS,LA/SA,A:A,A:A,C:T,G:G,T:T,G:A,,1,0,0,1
CHAKA/02/04/0453,7.8412046,13-17,Adolescent,Female,Muslim,Pre-primary,Underweight,Muganda,Single parent alive,high socioecnomic status,No,Yes,Stage 1,Was not a premature at birth,No,moderate stress,controls,1219,Advanced immune compromised,0,Undetectable,.92724128,,,,12/12,LL,LA/LA,A:A,A:A,C:C,G:A,G:G,G:A,G:G,0,0,0,0
CHAKA/02/04/0454,13,13-17,Adolescent,Male,Born Again,Pre-primary,Underweight,Non-Munganda but Ugandan,Single parent alive,high socioecnomic status,Yes,Yes,Stage 1,Was not a premature at birth,Yes,severe stress,controls,895,Advanced immune compromised,0,Undetectable,.772896862,,,,10/10,LL,LG/LG,G:G,?,C:T,G:G,T:G,G:G,T:T,1,1,1,1
CHAKA/02/04/0455,,9-12,Adolescent,Female,Born Again,Pre-primary,Underweight,Non-Ugandan,Single parent alive,low socio-economic status,No,Yes,Stage 1,Was not a premature at birth,Yes,severe stress,cases,55,Normal CD4 range,11274,Unsuppressed,1.346998307,,,,10/10,LS,SA/LG,A:G,A:A,T:T,G:A,T:G,G:A,T:G,0,0,0,0
CHAKA/02/04/0457,14,13-17,Adolescent,Female,Protestant,Pre-primary,Underweight,Muganda,Both parents alive,low socio-economic status,No,Yes,Stage 1,Was not a premature at birth,Yes,severe stress,cases,1015,Advanced immune compromised,0,Undetectable,1.557296423,,,,12/12,LL,LA/LA,A:A,?,C:C,G:G,T:G,G:A,T:G,1,1,1,1
CHAKA/02/04/0458,9.7357969,9-12,Adolescent,Female,Catholic,Pre-primary,Underweight,Muganda,Both parents alive,low socio-economic status,No,Yes,Stage 1,Was not a premature at birth,Yes,moderate stress,cases,1377,Advanced immune compromised,0,Undetectable,1.238328358,.943502333,.29482603,Decreased,12/12,LL,LA/LA,A:A,A:A,C:C,G:G,T:T,G:A,G:G,0,0,0,0
CHAKA/02/04/0459,14,13-17,Adolescent,Female,Protestant,Secondary level,Normal weight,Non-Munganda but Ugandan,Single parent alive,high socioecnomic status,No,Yes,Stage 1,Was not a premature at birth,Yes,severe stress,cases,709,Advanced immune compromised,20,Suppressed,.690279706,.817163846,-.12688413,Increased,12/12,LL,LA/LA,A:A,A:A,C:T,G:G,T:T,A:A,T:G,1,1,1,1
CHAKA/02/04/0461,7.4305272,5-8,Children,Male,Catholic,Pre-primary,Underweight,Non-Munganda but Ugandan,Both parents alive,low socio-economic status,No,Yes,Stage 1,Was not a premature at birth,Yes,severe stress,cases,790,Advanced immune compromised,0,Undetectable,1.126580296,,,,12/12,LL,LA/LA,A:A,?,C:T,G:G,T:T,G:G,T:G,0,0,0,0
CHAKA/02/04/0462,15,13-17,Adolescent,Female,Protestant,Pre-primary,Normal weight,Non-Munganda but Ugandan,Both parents alive,high socioecnomic status,No,Yes,Stage 1,Was not a premature at birth,Yes,severe stress,cases,659,Advanced immune compromised,10,Suppressed,1.072345585,1.091672888,-.019327303,Increased,10/12,LL,LA/LG,A:G,?,?,0,0,0,T:G,0,0,0,0
CHAKA/02/04/0463,6.5653663,5-8,Children,Male,Muslim,Pre-primary,Underweight,Muganda,Single parent alive,low socio-economic status,No,Yes,Stage 1,Was not a premature at birth,Yes,severe stress,cases,1459,Advanced immune compromised,25,Suppressed,1.196874834,1.231443193,-.034568358,Increased,12/12,LS,LA/SA,A:A,A:A,T:T,G:G,T:T,A:A,T:G,0,0,0,0
CHAKA/02/04/0464,12,9-12,Adolescent,Male,Protestant,Pre-primary,Underweight,Non-Munganda but Ugandan,Both parents alive,high socioecnomic status,No,Yes,Stage 1,Was not a premature at birth,Yes,severe stress,cases,1926,Advanced immune compromised,0,Undetectable,1.077337956,,,,12/12,LS,LA/SA,A:A,A:A,C:C,G:A,G:G,G:A,T:T,0,0,0,0
CHAKA/02/04/0465,12,9-12,Adolescent,Female,Muslim,Pre-primary,Normal weight,Non-Munganda but Ugandan,Single parent alive,high socioecnomic status,No,Yes,Stage 2,Was not a premature at birth,Yes,severe stress,controls,492,Possibly immune compromised,10,Suppressed,1.356157875,,,,12/12,LL,LA/LA,A:A,A:A,C:T,G:A,T:G,G:A,T:T,0,0,1,1
CHAKA/02/04/0467,11.493498,5-8,Children,Male,Born Again,Pre-primary,Underweight,Muganda,Both parents alive,high socioecnomic status,No,Yes,Stage 1,Was not a premature at birth,Yes,moderate stress,cases,1335,Advanced immune compromised,0,Undetectable,1.26572094,,,,10/10,LL,LA/LG,A:G,A:A,C:C,G:A,T:G,G:A,T:G,0,0,0,0
CHAKA/02/04/0475,8.3093767,5-8,Children,Female,Others,Pre-primary,Underweight,Muganda,Single parent alive,high socioecnomic status,No,Yes,Stage 2,Was not a premature at birth,Yes,mild stress,controls,1315,Advanced immune compromised,0,Undetectable,1.324531568,,,,10/12,LL,LA/LG,A:G,A:A,C:T,G:G,T:T,G:A,T:T,0,0,0,0
CHAKA/02/04/0476,7.0088978,9-12,Adolescent,Male,Catholic,Pre-primary,Underweight,Muganda,Both parents alive,low socio-economic status,No,Yes,Stage 2,Was not a premature at birth,Yes,moderate stress,controls,827,Advanced immune compromised,10,Suppressed,.849656978,,,,12/12,LL,LA/LA,A:A,G:A,C:T,G:G,T:G,G:G,G:G,0,0,0,0
CHAKA/02/04/0479,13,9-12,Adolescent,Female,Muslim,Pre-primary,Underweight,Muganda,Single parent alive,high socioecnomic status,No,Yes,Stage 1,Was not a premature at birth,Yes,severe stress,cases,67,Normal CD4 range,,,1.140599935,,,,12/12,LS,LA/SA,A:A,A:A,C:C,G:G,T:T,G:A,T:G,1,1,1,1
CHAKA/02/04/0482,15,13-17,Adolescent,Female,Catholic,Secondary level,Underweight,Muganda,Single parent alive,high socioecnomic status,No,Yes,Stage 1,Was not a premature at birth,Yes,severe stress,cases,586,Advanced immune compromised,,,1.779229589,.801289819,.97793978,Decreased,12/12,LS,LA/SA,A:A,A:A,C:C,G:A,T:G,G:A,T:T,0,0,1,1
CHAKA/02/04/0483,5.2183437,5-8,Children,Male,Catholic,Pre-primary,Underweight,Non-Munganda but Ugandan,Both parents alive,high socioecnomic status,No,Yes,Stage 1,Was not a premature at birth,Yes,moderate stress,cases,1525,Advanced immune compromised,314,Suppressed,1.12833662,,,,10/10,LL,LA/LG,A:G,A:A,T:T,G:A,T:G,A:A,T:G,0,0,0,0
CHAKA/02/04/0485,15,9-12,Adolescent,Female,Protestant,Secondary level,Normal weight,Non-Munganda but Ugandan,Both parents alive,low socio-economic status,No,Yes,Stage 1,Was not a premature at birth,Yes,severe stress,controls,452,Possibly immune compromised,,,1.031193157,.990617642,.040575515,Decreased,10/12,LL,LA/LG,A:G,A:A,C:C,G:G,T:T,A:A,T:G,0,0,1,1
CHAKA/02/04/0489,7.8631077,9-12,Adolescent,Male,Protestant,Pre-primary,Underweight,Non-Munganda but Ugandan,Both parents alive,low socio-economic status,No,Yes,Stage 4,Was not a premature at birth,Yes,mild stress,controls,928,Advanced immune compromised,0,Undetectable,1.089158345,,,,10/12,LL,LA/LA,A:A,A:A,C:T,G:A,G:G,G:A,G:G,0,0,0,0
CHAKA/02/04/0490,9.6016426,13-17,Adolescent,Female,Catholic,Pre-primary,Normal weight,Muganda,Both parents alive,high socioecnomic status,No,Yes,Stage 1,Was not a premature at birth,Yes,moderate stress,controls,1309,Advanced immune compromised,0,Undetectable,1.092549361,,,,12/12,LL,LA/LA,A:A,A:A,C:T,G:G,T:G,G:A,T:T,0,0,0,0
CHAKA/02/04/0491,9.7029428,9-12,Adolescent,Male,Born Again,Pre-primary,Underweight,Non-Munganda but Ugandan,Single parent alive,high socioecnomic status,No,Yes,Stage 1,Was not a premature at birth,Yes,mild stress,cases,405,Possibly immune compromised,0,Undetectable,1.051772665,,,,12/12,LS,LA/SA,A:A,G:A,C:C,G:G,T:T,G:A,T:G,0,0,1,1
CHAKA/02/04/0492,8.5995893,5-8,Children,Male,Muslim,Pre-primary,Underweight,Muganda,Both parents alive,low socio-economic status,No,Yes,Stage 1,Was not a premature at birth,Yes,moderate stress,cases,1388,Advanced immune compromised,10,Suppressed,,.792705549,,,10/12,LL,LA/LG,A:G,A:A,C:T,G:G,T:G,G:G,T:G,0,0,0,0
CHAKA/02/04/0493,10.937714,9-12,Adolescent,Male,Muslim,Pre-primary,Underweight,Muganda,Both parents alive,low socio-economic status,No,Yes,Stage 1,Was not a premature at birth,Yes,severe stress,cases,932,Advanced immune compromised,10,Suppressed,,.932211263,,,10/12,LS,SA/LG,A:G,G:A,T:T,G:A,T:G,A:A,T:G,1,0,0,1
CHAKA/02/04/0495,7.3018479,5-8,Children,Female,Protestant,Pre-primary,Underweight,Muganda,Both parents alive,high socioecnomic status,No,Yes,Stage 2,Was not a premature at birth,Yes,moderate stress,cases,785,Advanced immune compromised,25318,Unsuppressed,1.376334667,.965904722,.41042995,Decreased,12/12,LL,LA/LG,A:G,A:A,C:T,G:G,T:T,A:A,T:G,0,0,0,0
CHAKA/02/04/0497,9.6262836,9-12,Adolescent,Female,Born Again,Pre-primary,Underweight,Muganda,Both parents alive,high socioecnomic status,No,Yes,Stage 2,Was not a premature at birth,Yes,severe stress,cases,1057,Advanced immune compromised,0,Undetectable,,.627398977,,,12/12,LL,LA/LG,A:G,G:A,C:T,G:G,T:T,G:A,G:G,0,0,0,0
CHAKA/02/04/0498,14,13-17,Adolescent,Male,Born Again,Pre-primary,Normal weight,Muganda,Both parents dead,high socioecnomic status,No,Yes,Stage 2,Was not a premature at birth,Yes,severe stress,controls,623,Advanced immune compromised,30,Suppressed,.956258082,.888230643,.068027437,Decreased,12/12,LS,LA/SA,A:A,G:A,T:T,G:G,T:G,G:G,G:G,0,0,0,0
CHAKA/02/04/0502,6.7268991,5-8,Children,Female,Catholic,Pre-primary,Underweight,Muganda,Both parents alive,high socioecnomic status,No,Yes,Stage 1,Was not a premature at birth,Yes,severe stress,cases,1381,Advanced immune compromised,5354,Unsuppressed,.8735862330000001,.501410386,.37217584,Decreased,10/12,LL,LA/LG,A:G,A:A,C:T,G:G,T:T,G:G,T:G,0,0,0,0
CHAKA/02/04/0510,14,13-17,Adolescent,Male,Muslim,Pre-primary,Underweight,Non-Munganda but Ugandan,Both parents alive,high socioecnomic status,No,Yes,Stage 1,Was not a premature at birth,Yes,severe stress,cases,705,Advanced immune compromised,20,Suppressed,.810123968,,,,12/12,LS,LA/SA,A:A,A:A,C:C,G:A,T:G,G:A,T:T,0,1,0,1
CHAKA/02/04/0511,5.6454482,5-8,Children,Female,Catholic,Pre-primary,Underweight,Muganda,Both parents alive,high socioecnomic status,No,Yes,Stage 1,Was not a premature at birth,Yes,severe stress,controls,146,Normal CD4 range,530,Suppressed,.933471914,,,,12/12,LL,LA/LA,A:A,G:A,C:T,G:A,T:G,G:A,T:T,0,0,1,1
CHAKA/02/04/0512,10.050651,5-8,Children,Female,Catholic,Pre-primary,Underweight,Muganda,Both parents alive,high socioecnomic status,No,Yes,Stage 1,Was not a premature at birth,Yes,moderate stress,controls,861,Advanced immune compromised,290,Suppressed,.804574372,,,,12/12,LL,LA/LA,A:A,A:A,C:C,G:G,T:G,G:A,T:G,0,0,0,0
CHAKA/02/04/1366,10.554415,9-12,Adolescent,Female,Born Again,Pre-primary,Underweight,Muganda,Both parents dead,high socioecnomic status,No,Yes,Stage 2,I don’t know,Yes,moderate stress,controls,1105,Advanced immune compromised,,,1.068023698,.629046694,.438977,Decreased,,LS,LA/SA,A:A,?,C:C,0,0,0,G:G,0,0,0,0
CHAKA/02/04/1367,13,9-12,Adolescent,Male,Born Again,Pre-primary,Normal weight,Muganda,Both parents alive,low socio-economic status,No,Yes,Stage 1,Was not a premature at birth,Yes,moderate stress,cases,942,Advanced immune compromised,,,1.120460909,.805442382,.31501853,Decreased,12/12,LL,LA/LG,A:G,A:A,C:T,G:A,T:G,G:A,T:G,0,0,0,0
CHAKA/02/04/1500,4.5256672,9-12,Adolescent,Female,Muslim,Pre-primary,Underweight,Muganda,Both parents alive,high socioecnomic status,,Yes,Stage 1,Was not a premature at birth,Yes,moderate stress,cases,857,Advanced immune compromised,24,Suppressed,,,,,,LL,,,,,,,,,0,0,0,0
CHAKA/02/09/0449,9.8754282,9-12,Adolescent,Female,Muslim,Pre-primary,Underweight,Non-Munganda but Ugandan,Both parents alive,high socioecnomic status,No,Yes,Stage 1,Was not a premature at birth,Yes,moderate stress,cases,1232,Advanced immune compromised,10,Suppressed,1.966361669,,,,12/12,LL,LA/LG,A:G,?,C:C,G:G,T:T,A:A,T:G,0,0,0,0
CHAKA/02/09/0450,10.253251,9-12,Adolescent,Female,Born Again,Pre-primary,Underweight,Muganda,Both parents alive,low socio-economic status,No,Yes,Stage 2,Was not a premature at birth,Yes,severe stress,cases,675,Advanced immune compromised,0,Undetectable,.68588478,.692399275,-.0065144948,Increased,10/10,LL,LA/LG,A:G,A:A,C:T,G:G,T:T,G:A,T:G,0,0,0,0
CHAKA/02/09/0659,6.2450376,13-17,Adolescent,Male,Catholic,Pre-primary,Underweight,Muganda,Both parents alive,low socio-economic status,No,Yes,Stage 2,Was not a premature at birth,Yes,mild stress,controls,2734,Advanced immune compromised,0,Undetectable,.831399291,.683986862,.14741243,Decreased,12/12,SS,SA/SA,A:A,A:A,T:T,G:G,T:G,G:G,T:T,0,0,0,0
CHAKA/02/09/0660,13,9-12,Adolescent,Female,Born Again,Pre-primary,Underweight,Non-Munganda but Ugandan,Single parent alive,high socioecnomic status,No,Yes,Stage 2,Was not a premature at birth,Yes,moderate stress,controls,503,Advanced immune compromised,10,Suppressed,,.809906759,,,,LL,LA/LG,A:G,A:A,T:T,G:A,T:G,A:A,T:G,0,1,1,1
CHAKA/02/09/0661,9.9301844,9-12,Adolescent,Male,Protestant,Pre-primary,Normal weight,Muganda,Both parents dead,low socio-economic status,No,Yes,Stage 2,Was not a premature at birth,Yes,moderate stress,controls,774,Advanced immune compromised,0,Undetectable,,.628929353,,,,LL,LA/LG,A:G,?,C:C,G:G,T:T,G:A,T:G,0,0,0,0
CHAKA/02/09/0662,10.548939,9-12,Adolescent,Female,Catholic,Pre-primary,Underweight,Muganda,Both parents alive,low socio-economic status,No,Yes,Stage 4,Was not a premature at birth,Yes,mild stress,cases,1325,Advanced immune compromised,0,Undetectable,1.212680788,,,,12/12,LS,SA/LG,A:G,A:A,C:T,G:G,T:G,G:A,T:T,0,0,0,0
CHAKA/02/09/0669,10.247775,9-12,Adolescent,Male,Catholic,Pre-primary,Underweight,Muganda,Single parent alive,low socio-economic status,No,Yes,Stage 1,Was not a premature at birth,Yes,moderate stress,cases,872,Advanced immune compromised,10,Suppressed,.83668677,.943806595,-.10711983,Increased,10/12,LS,LA/SA,A:A,A:A,C:C,G:A,T:G,G:A,T:G,0,0,0,0
CHAKA/02/09/0670,12,9-12,Adolescent,Female,Protestant,Pre-primary,Underweight,Non-Munganda but Ugandan,Both parents alive,high socioecnomic status,No,Yes,Stage 1,Was not a premature at birth,Yes,moderate stress,cases,629,Advanced immune compromised,,,1.13358249,,,,12/12,LL,LA/LA,A:A,A:A,C:C,G:G,T:T,G:A,T:T,0,0,1,1
CHAKA/02/09/0675,8.884326,5-8,Children,Female,Catholic,Pre-primary,Underweight,Non-Munganda but Ugandan,Single parent alive,high socioecnomic status,No,No,Stage 3,Was not a premature at birth,Yes,moderate stress,controls,767,Advanced immune compromised,2539,Unsuppressed,.91352168,.7195879080000001,.19393377,Decreased,,,,,A:A,C:C,G:G,T:T,G:A,G:G,0,0,0,0
CHAKA/02/09/0676,8.5092402,9-12,Adolescent,Male,Protestant,Pre-primary,Normal weight,Non-Munganda but Ugandan,Both parents alive,high socioecnomic status,No,Yes,Stage 1,Was a premature at birth,Yes,moderate stress,controls,1222,Advanced immune compromised,0,Undetectable,1.40131611,,,,10/12,LS,LA/SA,A:A,G:A,T:T,G:G,T:G,G:A,T:T,0,0,0,0
CHAKA/02/09/0677,5.7549624,5-8,Children,Female,Catholic,Pre-primary,Underweight,Non-Munganda but Ugandan,Both parents alive,high socioecnomic status,No,Yes,Stage 2,Was not a premature at birth,Yes,severe stress,cases,720,Advanced immune compromised,116,Suppressed,1.0542171,.596776038,.45744106,Decreased,12/12,LS,SA/LG,A:G,A:A,C:C,G:A,T:G,A:A,T:T,1,0,0,1
CHAKA/02/09/0679,5.5003424,5-8,Children,Male,Protestant,Pre-primary,Underweight,Non-Munganda but Ugandan,Single parent alive,high socioecnomic status,No,Yes,Stage 1,Was not a premature at birth,Yes,moderate stress,cases,1907,Advanced immune compromised,0,Undetectable,.788007977,,,,12/12,LS,LA/SA,A:A,G:A,C:T,G:G,T:T,A:A,T:G,0,0,0,0
CHAKA/02/09/0681,9.8809032,9-12,Adolescent,Female,Born Again,Pre-primary,Underweight,Non-Munganda but Ugandan,Both parents alive,high socioecnomic status,No,Yes,Stage 1,Was not a premature at birth,Yes,severe stress,controls,2159,Advanced immune compromised,10,Suppressed,1.012082449,.850255866,.16182658,Decreased,12/12,LL,LA/LA,A:A,A:A,C:T,G:A,T:G,A:A,G:G,0,0,0,0
CHAKA/02/09/0683,14,13-17,Adolescent,Male,Muslim,Pre-primary,Normal weight,Non-Munganda but Ugandan,Both parents alive,high socioecnomic status,No,Yes,Stage 2,Was not a premature at birth,Yes,severe stress,cases,787,Advanced immune compromised,0,Undetectable,1.183288689,.889500834,.29378787,Decreased,10/10,LL,,,A:A,C:T,G:G,T:G,G:A,T:G,0,0,0,0
CHAKA/02/09/0684,10.475018,9-12,Adolescent,Female,Catholic,Pre-primary,Underweight,Muganda,Both parents alive,high socioecnomic status,Yes,Yes,Stage 4,Was not a premature at birth,Yes,severe stress,cases,2627,Advanced immune compromised,0,Undetectable,1.160239954,.519621523,.64061844,Decreased,12/12,SS,SA/SA,A:A,?,C:T,G:A,G:G,G:G,T:G,0,1,0,1
CHAKA/02/09/0685,6.6913075,13-17,Adolescent,Male,Catholic,Pre-primary,Underweight,Muganda,Both parents alive,high socioecnomic status,No,Yes,Stage 4,Was not a premature at birth,Yes,moderate stress,controls,1491,Advanced immune compromised,19892,Unsuppressed,,.428436653,,,,,,,,,,,,,0,0,0,0
CHAKA/02/09/0686,13.130733,13-17,Adolescent,Male,Catholic,Pre-primary,Underweight,Non-Munganda but Ugandan,Both parents alive,high socioecnomic status,No,Yes,Stage 2,Was not a premature at birth,Yes,severe stress,cases,628,Advanced immune compromised,10,Suppressed,2.042955464,,,,10/12,LL,LA/LG,A:G,A:A,T:T,G:G,T:T,G:A,T:G,1,1,0,1
CHAKA/02/09/0687,13,5-8,Children,Male,Catholic,Pre-primary,Normal weight,Muganda,Single parent alive,high socioecnomic status,No,Yes,Stage 2,Was not a premature at birth,Yes,severe stress,controls,646,Advanced immune compromised,52,Suppressed,.912909332,.872361163,.040548168,Decreased,12/12,LS,LA/SA,A:A,G:G,C:T,A:A,G:G,A:A,G:G,0,0,0,0
CHAKA/02/09/0688,9.3716631,9-12,Adolescent,Female,Catholic,Pre-primary,Underweight,Non-Munganda but Ugandan,Both parents alive,low socio-economic status,,Yes,Stage 1,Was not a premature at birth,Yes,moderate stress,controls,1439,Advanced immune compromised,0,Undetectable,1.050337298,.717121409,.33321589,Decreased,12/12,LL,LA/LA,A:A,A:A,C:C,G:G,T:T,G:G,G:G,0,0,0,0
CHAKA/02/09/0689,9.3716631,5-8,Children,Female,Muslim,Pre-primary,Underweight,Muganda,Both parents alive,high socioecnomic status,No,Yes,Stage 3,Was not a premature at birth,Yes,moderate stress,controls,925,Advanced immune compromised,78,Suppressed,,1.051662417,,,,,,,,,,,,,0,0,0,0
CHAKA/02/09/0690,9.6591377,13-17,Adolescent,Female,Born Again,Pre-primary,Underweight,Non-Munganda but Ugandan,Single parent alive,high socioecnomic status,No,Yes,Stage 1,Was not a premature at birth,Yes,severe stress,controls,1188,Advanced immune compromised,459,Suppressed,.5741680300000001,.7050279430000001,-.13085991,Increased,12/12,LL,LA/LA,A:A,A:A,C:T,G:G,T:T,G:A,T:G,0,0,1,1
CHAKA/02/09/0691,9.776865,9-12,Adolescent,Female,Protestant,Pre-primary,Underweight,Muganda,Both parents alive,high socioecnomic status,No,Yes,Stage 1,Was not a premature at birth,Yes,moderate stress,cases,1110,Advanced immune compromised,10,Suppressed,.974303846,.9758755770000001,-.0015717309,Increased,12/12,LL,LA/LA,A:A,G:A,C:T,G:A,T:G,A:A,G:G,0,0,0,0
CHAKA/02/09/0692,6.0917182,5-8,Children,Female,Protestant,Pre-primary,Underweight,Muganda,Both parents alive,high socioecnomic status,No,Yes,Stage 1,Was not a premature at birth,Yes,severe stress,cases,1673,Advanced immune compromised,61,Suppressed,.162841007,.406341177,-.24350017,Increased,10/12,LS,SA/LG,A:G,G:A,C:C,G:G,T:G,G:G,G:G,0,0,0,0
CHAKA/02/09/0693,8.7063656,5-8,Children,Male,Born Again,Pre-primary,Underweight,Non-Munganda but Ugandan,Both parents dead,high socioecnomic status,No,Yes,Stage 2,Was not a premature at birth,Yes,severe stress,cases,1747,Advanced immune compromised,0,Undetectable,.951869549,,,,12/12,LL,LA/LA,A:A,G:A,C:C,G:G,T:T,G:A,T:T,0,0,0,0
CHAKA/02/09/0694,9.9110203,9-12,Adolescent,Female,Catholic,Pre-primary,Underweight,Muganda,Both parents alive,low socio-economic status,No,Yes,Stage 3,Was not a premature at birth,Yes,moderate stress,controls,601,Advanced immune compromised,0,Undetectable,,.7285049770000001,,,12/12,LL,LA/LA,A:A,A:A,C:T,G:G,T:T,A:A,T:G,0,0,0,0
CHAKA/02/09/0698,9.0650244,9-12,Adolescent,Male,Catholic,Pre-primary,Underweight,Non-Munganda but Ugandan,Both parents alive,low socio-economic status,No,Yes,Stage 2,Was not a premature at birth,Yes,severe stress,controls,199,Normal CD4 range,16183,Unsuppressed,,1.174441531,,,10/12,LL,LA/LG,A:G,?,?,G:G,T:G,G:G,T:G,0,0,0,0
CHAKA/02/09/0699,9.327858,9-12,Adolescent,Male,Catholic,Pre-primary,Underweight,Muganda,Single parent alive,low socio-economic status,Yes,Yes,Stage 1,Was not a premature at birth,Yes,severe stress,cases,2371,Advanced immune compromised,0,Undetectable,1.045248485,,,,12/12,LL,LA/LA,A:A,?,C:C,G:G,T:T,G:G,T:G,0,0,0,0
CHAKA/02/09/0700,11.8987,9-12,Adolescent,Female,Protestant,Pre-primary,Underweight,Non-Munganda but Ugandan,Single parent alive,high socioecnomic status,No,Yes,Stage 2,Was not a premature at birth,Yes,severe stress,cases,1042,Advanced immune compromised,0,Undetectable,,,,,12/12,LL,LA/LA,A:A,?,C:T,G:G,0,0,T:T,0,0,0,0
CHAKA/02/09/0703,15,13-17,Adolescent,Female,Catholic,Secondary level,Normal weight,Muganda,Both parents alive,high socioecnomic status,No,Yes,Stage 1,Was a premature at birth,Yes,moderate stress,cases,536,Advanced immune compromised,0,Undetectable,.869846056,.537690555,.3321555,Decreased,10/12,LL,LA/LG,A:G,A:A,C:T,G:A,T:G,A:A,T:G,0,0,1,1
CHAKA/02/09/0705,15,9-12,Adolescent,Male,Catholic,Secondary level,Underweight,Muganda,Both parents alive,high socioecnomic status,No,Yes,Stage 3,Was not a premature at birth,Yes,moderate stress,cases,958,Advanced immune compromised,10,Suppressed,.9101692850000001,.803154958,.10701433,Decreased,12/12,LS,LA/SA,A:A,G:A,C:C,G:A,G:G,G:A,T:T,0,0,0,0
CHAKA/02/09/0709,9.9466124,9-12,Adolescent,Male,Muslim,Pre-primary,Underweight,Muganda,Both parents alive,high socioecnomic status,No,Yes,Stage 2,Was not a premature at birth,Yes,moderate stress,controls,940,Advanced immune compromised,0,Undetectable,1.240361857,.635949443,.60441244,Decreased,10/12,LL,LA/LG,A:G,A:A,C:C,G:A,G:G,G:A,G:G,0,0,0,0
CHAKA/02/09/0710,10.365503,9-12,Adolescent,Male,Born Again,Pre-primary,Underweight,Muganda,Single parent alive,low socio-economic status,No,Yes,Stage 3,Was a premature at birth,Yes,moderate stress,controls,2272,Advanced immune compromised,0,Undetectable,1.009602097,,,,10/12,LL,LA/LG,A:G,A:A,C:T,G:A,G:G,G:A,T:G,0,0,0,0
CHAKA/02/09/0711,11.578371,5-8,Children,Female,Protestant,Pre-primary,Normal weight,Muganda,Both parents alive,low socio-economic status,No,Yes,Stage 2,Was not a premature at birth,Yes,moderate stress,controls,1153,Advanced immune compromised,0,Undetectable,1.377347429,,,,12/12,LL,LA/LA,A:A,A:A,T:T,G:G,T:T,G:A,T:G,0,0,0,0
CHAKA/02/09/0713,15,13-17,Adolescent,Male,Protestant,Pre-primary,Normal weight,Non-Munganda but Ugandan,Both parents alive,low socio-economic status,No,Yes,Stage 2,Was not a premature at birth,Yes,mild stress,controls,1021,Advanced immune compromised,0,Undetectable,1.271702113,,,,10/12,LL,LA/LG,A:G,A:A,C:T,G:A,T:G,G:A,T:T,1,0,1,1
CHAKA/02/09/0716,10.368241,9-12,Adolescent,Female,Muslim,Pre-primary,Underweight,Muganda,Both parents alive,high socioecnomic status,No,Yes,Stage 2,Was not a premature at birth,Yes,moderate stress,controls,1086,Advanced immune compromised,0,Undetectable,1.391651107,1.182258437,.20939267,Decreased,12/12,LL,LA/LA,A:A,A:A,C:T,G:A,T:G,G:A,T:G,0,0,0,0
CHAKA/02/09/0719,6.9130731,9-12,Adolescent,Female,Catholic,Pre-primary,Underweight,Non-Munganda but Ugandan,Both parents alive,high socioecnomic status,No,Yes,Stage 1,Was not a premature at birth,Yes,mild stress,cases,2295,Advanced immune compromised,0,Undetectable,1.078950064,,,,12/12,LL,LA/LA,A:A,A:A,C:T,G:G,T:G,G:G,T:G,0,0,0,0
CHAKA/02/09/0720,13,13-17,Adolescent,Female,Protestant,Pre-primary,Underweight,Muganda,Single parent alive,high socioecnomic status,No,Yes,Stage 1,Was not a premature at birth,Yes,mild stress,controls,710,Advanced immune compromised,10,Suppressed,1.129356718,.812972381,.31638435,Decreased,12/12,LS,LA/SA,A:A,G:A,T:T,G:G,T:T,G:A,T:G,0,0,0,0
CHAKA/02/09/0722,13,5-8,Children,Male,Catholic,Pre-primary,Underweight,Non-Munganda but Ugandan,Both parents dead,low socio-economic status,No,Yes,Stage 2,Was not a premature at birth,Yes,severe stress,cases,557,Advanced immune compromised,,,,.919482238,,,,,,,,,,,,,0,0,0,0
CHAKA/02/09/0724,7.5947981,5-8,Children,Male,Catholic,Pre-primary,Underweight,Non-Munganda but Ugandan,Single parent alive,low socio-economic status,No,Yes,Stage 2,Was not a premature at birth,Yes,mild stress,controls,1317,Advanced immune compromised,10,Suppressed,1.602920682,,,,12/12,LL,LA/LA,A:A,A:A,C:T,G:G,T:T,G:A,T:G,0,0,0,0
CHAKA/02/09/0725,12,9-12,Adolescent,Male,Protestant,Pre-primary,Underweight,Muganda,Single parent alive,low socio-economic status,No,Yes,Stage 2,Was not a premature at birth,Yes,severe stress,controls,400,Possibly immune compromised,,,1.666124627,.838298947,.82782567,Decreased,12/12,LL,LA/LA,A:A,A:A,C:C,G:G,T:G,G:G,T:T,0,0,0,0
CHAKA/02/09/0728,7.3319645,9-12,Adolescent,Male,Catholic,Pre-primary,Underweight,Muganda,Single parent alive,low socio-economic status,No,Yes,Stage 1,Was not a premature at birth,Yes,moderate stress,controls,1369,Advanced immune compromised,0,Undetectable,1.355694272,.787669543,.56802475,Decreased,12/12,LS,SA/LG,A:G,G:A,C:C,G:G,T:G,G:G,G:G,0,0,0,0
CHAKA/02/09/0730,7.8685832,5-8,Children,Male,SDA,Pre-primary,Underweight,Muganda,Single parent alive,low socio-economic status,No,Yes,Stage 2,Was not a premature at birth,Yes,moderate stress,controls,828,Advanced immune compromised,77,Suppressed,1.192087674,,,,12/12,LL,LA/LA,A:A,A:A,C:T,G:G,G:G,G:G,T:T,0,0,0,0
CHAKA/02/09/0731,7.3073239,9-12,Adolescent,Female,Born Again,Pre-primary,Underweight,Non-Munganda but Ugandan,Both parents alive,low socio-economic status,No,Yes,Stage 2,Was not a premature at birth,Yes,mild stress,controls,1594,Advanced immune compromised,52,Suppressed,.712992289,.644781639,.068210647,Decreased,12/12,LL,LA/LA,A:A,A:A,T:T,G:G,T:G,G:G,T:T,0,0,0,0
CHAKA/02/09/0732,5.0540724,5-8,Children,Male,Catholic,Pre-primary,Underweight,Muganda,Both parents alive,low socio-economic status,No,No,Stage 2,Was not a premature at birth,Yes,mild stress,cases,1729,Advanced immune compromised,10,Suppressed,.8073777720000001,.682189642,.12518813,Decreased,10/12,LS,SA/LG,A:G,A:A,C:T,G:G,T:T,A:A,G:G,0,0,0,0
CHAKA/02/09/0733,15,13-17,Adolescent,Male,Muslim,Pre-primary,Underweight,Muganda,Both parents alive,high socioecnomic status,No,Yes,Stage 3,Was not a premature at birth,Yes,moderate stress,controls,796,Advanced immune compromised,,,1.2716669,,,,10/12,LS,SA/LG,A:G,G:G,C:T,G:A,G:G,G:A,T:T,0,0,0,0
CHAKA/02/09/0734,15,13-17,Adolescent,Female,Protestant,Secondary level,Overweight,Non-Munganda but Ugandan,Both parents alive,low socio-economic status,No,Yes,Stage 2,I don’t know,No,moderate stress,cases,315,Normal CD4 range,,,,.8293902440000001,,,,LS,LA/LA,A:A,?,C:T,G:G,T:G,G:A,T:G,1,0,1,1
CHAKA/02/09/0736,11.181382,9-12,Adolescent,Female,Protestant,Pre-primary,Normal weight,Muganda,Both parents alive,high socioecnomic status,No,Yes,Stage 2,Was not a premature at birth,Yes,moderate stress,cases,1196,Advanced immune compromised,0,Undetectable,1.073877435,,,,12/12,LS,LA/SA,A:A,?,T:T,G:G,T:G,G:A,T:G,0,0,0,0
CHAKA/02/09/0737,9.0020533,9-12,Adolescent,Female,Catholic,Pre-primary,Underweight,Muganda,Single parent alive,low socio-economic status,No,No,Stage 2,Was not a premature at birth,Yes,moderate stress,cases,862,Advanced immune compromised,41378,Unsuppressed,1.391038966,.789517173,.60152179,Decreased,,LL,SA/SA,A:A,G:A,C:C,G:G,T:T,A:A,T:T,0,0,1,1
CHAKA/02/09/0738,10.171116,9-12,Adolescent,Male,Muslim,Pre-primary,Underweight,Muganda,Both parents alive,low socio-economic status,No,Yes,Stage 2,Was not a premature at birth,Yes,moderate stress,cases,1146,Advanced immune compromised,0,Undetectable,1.523843604,.896835756,.62700784,Decreased,12/12,LS,LA/SA,A:A,A:A,C:C,G:G,T:T,G:A,T:G,0,0,0,0
CHAKA/02/09/0739,12,9-12,Adolescent,Male,Protestant,Pre-primary,Normal weight,Muganda,Both parents dead,high socioecnomic status,No,Yes,Stage 2,Was not a premature at birth,Yes,moderate stress,controls,672,Advanced immune compromised,,,1.117792872,,,,10/10,LS,LA/SA,A:A,A:A,T:T,G:G,T:T,G:A,T:G,0,0,0,0
CHAKA/02/09/0740,5.5304585,5-8,Children,Male,Protestant,Pre-primary,Underweight,Muganda,Both parents alive,low socio-economic status,No,Yes,Stage 2,Was not a premature at birth,Yes,severe stress,cases,1944,Advanced immune compromised,0,Undetectable,1.527016005,1.134133911,.39288211,Decreased,12/12,LL,LG/LG,G:G,A:A,C:T,G:A,T:G,A:A,T:G,0,0,0,0
CHAKA/02/09/0744,9.6235456,9-12,Adolescent,Female,Muslim,Pre-primary,Underweight,Muganda,Single parent alive,low socio-economic status,No,Yes,Stage 2,Was not a premature at birth,Yes,moderate stress,controls,953,Advanced immune compromised,31488,Unsuppressed,.86278563,.834881155,.027904475,Decreased,10/12,LL,LA/LG,A:G,A:A,T:T,G:A,T:G,G:A,T:G,0,0,0,0
CHAKA/02/09/0746,12,13-17,Adolescent,Female,Born Again,Pre-primary,Underweight,Muganda,Both parents dead,high socioecnomic status,Yes,Yes,Stage 2,I don’t know,Yes,moderate stress,cases,764,Advanced immune compromised,,,,,,,,,,,,,,,,,0,0,0,0
CHAKA/02/09/0748,7.9698834,5-8,Children,Male,SDA,Pre-primary,Underweight,Muganda,Both parents dead,low socio-economic status,No,Yes,Stage 2,Was not a premature at birth,Yes,moderate stress,cases,1220,Advanced immune compromised,24,Suppressed,1.526707881,.696896942,.82981092,Decreased,10/12,LL,LA/LG,A:G,G:A,T:T,G:G,T:T,G:G,G:G,0,0,1,1
CHAKA/02/09/0749,15,13-17,Adolescent,Male,Born Again,Pre-primary,Underweight,Muganda,Both parents alive,low socio-economic status,No,Yes,Stage 2,Was not a premature at birth,Yes,moderate stress,cases,32,Normal CD4 range,,,1.557228932,.646483241,.91074568,Decreased,10/12,LS,LA/SA,A:A,G:A,C:T,G:A,T:G,A:A,T:G,0,0,0,0
CHAKA/03/05/0751,12,9-12,Adolescent,Female,Catholic,Pre-primary,Underweight,Non-Munganda but Ugandan,Both parents alive,low socio-economic status,No,Yes,Stage 3,Was not a premature at birth,Yes,severe stress,controls,398,Possibly immune compromised,26023,Unsuppressed,.914324624,1.280310689,-.36598608,Increased,12/12,LL,LA/LA,A:A,A:A,C:C,G:A,T:G,G:A,G:G,0,0,0,0
CHAKA/03/05/0752,7.5236139,13-17,Adolescent,Male,Muslim,Pre-primary,Underweight,Non-Munganda but Ugandan,Single parent alive,low socio-economic status,No,Yes,Stage 2,Was not a premature at birth,Yes,mild stress,controls,662,Advanced immune compromised,98754,Unsuppressed,1.21864841,.721146027,.49750239,Decreased,10/12,LL,LG/LG,G:G,A:A,T:T,G:G,T:T,G:A,T:T,0,0,0,0
CHAKA/03/05/0753,7.6440792,5-8,Children,Male,Catholic,Pre-primary,Underweight,Muganda,Both parents alive,high socioecnomic status,No,Yes,Stage 2,Was not a premature at birth,Yes,moderate stress,controls,860,Advanced immune compromised,0,Undetectable,.946219726,.821001957,.12521777,Decreased,12/12,LL,LA/LA,A:A,A:A,C:T,G:A,T:G,A:A,T:G,0,0,0,0
CHAKA/03/05/0757,6.3408623,5-8,Children,Female,Muslim,Pre-primary,Underweight,Muganda,Both parents alive,low socio-economic status,No,Yes,Stage 2,Was not a premature at birth,Yes,moderate stress,controls,807,Advanced immune compromised,206440,Unsuppressed,,.872144731,,,12/12,LL,LA/LA,A:A,A:A,C:C,G:A,G:G,G:A,G:G,0,0,0,0
CHAKA/03/05/0758,8.5201912,5-8,Children,Female,Muslim,Pre-primary,Underweight,Muganda,Single parent alive,low socio-economic status,No,Yes,Stage 2,Was not a premature at birth,Yes,moderate stress,cases,1387,Advanced immune compromised,20878,Unsuppressed,,.662703289,,,10/10,LS,SA/LG,A:G,A:A,C:T,G:G,T:G,G:A,T:T,0,0,0,0
CHAKA/03/05/0759,10.327173,9-12,Adolescent,Male,Catholic,Pre-primary,Underweight,Non-Munganda but Ugandan,Single parent alive,high socioecnomic status,No,Yes,Stage 2,Was not a premature at birth,Yes,severe stress,cases,685,Advanced immune compromised,0,Undetectable,.913303886,.627025756,.28627813,Decreased,12/12,LL,LA/LA,A:A,A:A,C:C,A:A,G:G,G:A,T:G,1,0,0,1
CHAKA/03/05/0761,17,13-17,Adolescent,Female,Protestant,Secondary level,Normal weight,Muganda,Single parent alive,low socio-economic status,No,Yes,Stage 3,Was not a premature at birth,Yes,moderate stress,cases,735,Advanced immune compromised,0,Undetectable,,1.290453299,,,10/12,LL,LA/LG,A:G,?,?,0,G:G,0,T:T,1,1,1,1
CHAKA/03/05/0763,10.466804,9-12,Adolescent,Female,Catholic,Pre-primary,Underweight,Muganda,Single parent alive,low socio-economic status,No,Yes,Stage 2,Was not a premature at birth,Yes,severe stress,cases,565,Advanced immune compromised,0,Undetectable,,.806259343,,,12/12,LS,SA/LG,A:G,?,C:C,G:G,T:T,A:A,T:T,1,0,0,1
CHAKA/03/05/0764,6.2642026,5-8,Children,Female,Catholic,,Underweight,Muganda,Single parent alive,high socioecnomic status,No,Yes,Stage 2,I don’t know,Yes,severe stress,cases,1780,Advanced immune compromised,0,Undetectable,,.737546486,,,10/12,LL,LA/LG,A:G,?,C:T,G:G,T:G,G:G,T:G,0,0,1,1
CHAKA/03/05/0768,15,13-17,Adolescent,Female,Protestant,Secondary level,Normal weight,Muganda,Single parent alive,high socioecnomic status,No,Yes,Stage 2,Was not a premature at birth,Yes,moderate stress,controls,519,Advanced immune compromised,0,Undetectable,,1.091939958,,,10/12,LS,LA/SA,A:A,?,?,0,G:G,0,G:G,0,0,1,1
CHAKA/03/05/0769,16,5-8,Children,Female,Catholic,Pre-primary,Normal weight,Muganda,Single parent alive,low socio-economic status,No,Yes,Stage 2,Was not a premature at birth,Yes,severe stress,cases,726,Advanced immune compromised,10,Suppressed,,1.08116649,,,12/12,LL,LA/LA,A:A,?,?,,,,,0,0,0,0
CHAKA/03/05/0771,13,13-17,Adolescent,Female,Catholic,Pre-primary,Underweight,Muganda,Single parent alive,low socio-economic status,No,Yes,Stage 1,Was not a premature at birth,Yes,severe stress,cases,1505,Advanced immune compromised,0,Undetectable,,1.259068776,,,12/12,LL,LA/LA,A:A,A:A,T:T,G:G,T:T,A:A,T:G,1,0,0,1
CHAKA/03/05/0772,13,13-17,Adolescent,Female,Catholic,Pre-primary,Normal weight,Muganda,Both parents alive,high socioecnomic status,No,Yes,Stage 2,Was not a premature at birth,Yes,moderate stress,cases,369,Possibly immune compromised,24015,Unsuppressed,,.400951618,,,10/12,LS,SA/LG,A:G,?,T:T,G:A,0,A:A,T:G,0,0,0,0
CHAKA/03/05/0773,9.4921284,9-12,Adolescent,Male,Catholic,Pre-primary,Underweight,Muganda,Single parent alive,low socio-economic status,No,Yes,Stage 3,Was not a premature at birth,Yes,severe stress,cases,1545,Advanced immune compromised,24435,Unsuppressed,1.363114244,.526378155,.83673608,Decreased,10/12,LS,SA/LG,A:G,A:A,C:T,G:G,T:T,G:A,T:G,0,0,1,1
CHAKA/03/05/0774,10.507872,5-8,Children,Female,Catholic,Pre-primary,Underweight,Muganda,Both parents alive,low socio-economic status,No,Yes,Stage 2,Was not a premature at birth,Yes,severe stress,controls,1095,Advanced immune compromised,126,Suppressed,.860981808,.986738038,-.12575623,Increased,10/12,LS,SA/LG,A:G,A:A,C:C,G:A,T:G,G:A,T:G,0,1,0,1
CHAKA/03/05/0775,13,13-17,Adolescent,Female,Protestant,Pre-primary,Normal weight,Muganda,Single parent alive,high socioecnomic status,Yes,Yes,Stage 2,Was not a premature at birth,Yes,severe stress,cases,1884,Advanced immune compromised,0,Undetectable,.956399148,1.288250136,-.33185098,Increased,12/12,LS,LA/SA,A:A,G:A,C:T,G:G,T:T,G:A,T:G,0,1,0,1
CHAKA/03/05/0777,7.342916,5-8,Children,Female,Muslim,Pre-primary,Underweight,Muganda,Both parents alive,low socio-economic status,No,Yes,Stage 3,I don’t know,Yes,moderate stress,cases,1647,Advanced immune compromised,0,Undetectable,1.149005728,1.674298922,-.52529317,Increased,12/12,LL,LA/LA,A:A,A:A,C:C,G:G,T:T,G:A,T:T,0,0,0,0
CHAKA/03/05/0778,16,13-17,Adolescent,Male,Catholic,Pre-primary,Underweight,Muganda,Single parent alive,low socio-economic status,No,Yes,Stage 2,Was not a premature at birth,Yes,moderate stress,controls,356,Possibly immune compromised,62,Suppressed,.802953373,,,,10/12,LL,LA/LG,A:G,?,C:C,G:G,T:G,G:G,T:T,0,0,0,0
CHAKA/03/05/0779,17,13-17,Adolescent,Female,Catholic,Secondary level,Obesity,Muganda,Both parents dead,high socioecnomic status,No,Yes,Stage 2,Was not a premature at birth,Yes,severe stress,controls,674,Advanced immune compromised,0,Undetectable,.756905038,.657675129,.099229909,Decreased,10/10,LL,LG/LG,G:G,A:A,C:C,G:A,T:G,G:A,T:G,1,0,1,1
CHAKA/03/05/0782,8.5284052,5-8,Children,Female,Catholic,Pre-primary,Underweight,Muganda,Both parents alive,low socio-economic status,No,Yes,Stage 2,Was not a premature at birth,Yes,severe stress,cases,912,Advanced immune compromised,0,Undetectable,,.901341079,,,12/12,LS,LA/SA,A:A,?,T:T,G:G,T:T,A:A,T:G,0,0,1,1
CHAKA/03/05/0788,6.017796,5-8,Children,Female,Catholic,Pre-primary,Normal weight,Muganda,Both parents alive,high socioecnomic status,No,Yes,Stage 2,Was not a premature at birth,Yes,moderate stress,cases,2419,Advanced immune compromised,20878,Unsuppressed,1.241978956,.90534967,.33662927,Decreased,12/12,LL,LA/LA,A:A,A:A,C:T,G:G,T:T,G:G,G:G,0,0,0,0
CHAKA/03/05/0790,5.0239563,5-8,Children,Female,Catholic,Pre-primary,Underweight,Muganda,Both parents alive,low socio-economic status,No,Yes,Stage 2,Was not a premature at birth,Yes,severe stress,controls,828,Advanced immune compromised,10,Suppressed,1.332184715,.738940766,.59324396,Decreased,10/12,LL,LA/LG,A:G,A:A,T:T,G:G,T:T,A:A,T:T,0,1,0,1
CHAKA/03/05/0791,14,5-8,Children,Female,Catholic,Secondary level,Underweight,Muganda,Single parent alive,high socioecnomic status,No,Yes,Stage 1,Was not a premature at birth,Yes,mild stress,controls,483,Possibly immune compromised,399,Suppressed,1.06605457,.822854244,.24320033,Decreased,10/12,LL,LA/LA,A:A,A:A,C:T,G:A,T:G,G:A,G:G,0,0,1,1
CHAKA/03/05/0792,6.3408623,13-17,Adolescent,Female,Muslim,Pre-primary,Underweight,Muganda,Single parent alive,low socio-economic status,No,Yes,Stage 1,Was not a premature at birth,Yes,moderate stress,cases,391,Possibly immune compromised,1251911,Unsuppressed,,.8348779200000001,,,12/12,LS,LA/SA,A:A,A:A,C:T,G:A,G:G,G:A,T:G,0,0,0,0
CHAKA/03/05/0795,7.0143738,9-12,Adolescent,Female,Protestant,Pre-primary,Underweight,Muganda,Both parents alive,low socio-economic status,No,Yes,Stage 2,Was not a premature at birth,Yes,moderate stress,controls,1290,Advanced immune compromised,100,Suppressed,1.140333643,.7513666570000001,.38896698,Decreased,12/12,LL,LA/LA,A:A,G:A,C:T,G:A,T:G,A:A,G:G,0,0,0,0
CHAKA/03/05/0796,8.6050653,5-8,Children,Female,Protestant,Pre-primary,Underweight,Muganda,Both parents alive,high socioecnomic status,No,Yes,Stage 2,Was not a premature at birth,Yes,severe stress,cases,730,Advanced immune compromised,10,Suppressed,1.715355313,,,,10/12,LS,LA/SA,A:A,A:A,C:C,G:G,T:G,G:G,G:G,0,1,0,1
CHAKA/03/05/0798,14,13-17,Adolescent,Male,Protestant,Pre-primary,Underweight,Muganda,Both parents alive,high socioecnomic status,No,Yes,Stage 2,Was not a premature at birth,Yes,severe stress,cases,31,Normal CD4 range,499017,Unsuppressed,,.873225459,,,10/10,SS,SA/SA,A:A,A:A,T:T,G:A,G:G,G:A,T:T,0,1,0,1
CHAKA/03/05/0802,14,13-17,Adolescent,Male,Catholic,Pre-primary,Underweight,Muganda,Both parents dead,low socio-economic status,No,Yes,Stage 2,Was not a premature at birth,Yes,severe stress,controls,478,Possibly immune compromised,10,Suppressed,.949906263,,,,10/12,LL,LA/LA,A:A,G:A,C:T,G:G,T:G,G:A,T:T,0,0,0,0
CHAKA/03/05/0803,10.822724,5-8,Children,Female,Catholic,Pre-primary,Underweight,Muganda,Single parent alive,low socio-economic status,No,Yes,Stage 1,Was not a premature at birth,No,mild stress,controls,1361,Advanced immune compromised,17437,Unsuppressed,1.960145152,.803738832,1.1564063,Decreased,12/12,LS,LA/SA,A:A,A:A,C:T,G:G,T:T,G:G,T:T,0,0,0,0
CHAKA/03/05/0804,5.7385354,13-17,Adolescent,Male,Catholic,No formal education,Underweight,Muganda,Single parent alive,low socio-economic status,No,Yes,Stage 2,Was not a premature at birth,Yes,moderate stress,controls,906,Advanced immune compromised,68,Suppressed,1.011258471,.82053255,.19072592,Decreased,12/12,LL,LA/LG,A:G,G:A,T:T,G:G,T:G,A:A,T:T,0,0,0,0
CHAKA/03/05/0805,8.9363451,5-8,Children,Female,Muslim,Pre-primary,Underweight,Muganda,Both parents dead,high socioecnomic status,No,Yes,Stage 2,Was not a premature at birth,Yes,mild stress,cases,658,Advanced immune compromised,0,Undetectable,1.61645542,.902285795,.71416962,Decreased,12/12,LL,LA/LG,A:G,A:A,C:T,G:G,G:G,G:G,T:G,0,0,0,0
CHAKA/03/05/0806,9.0458593,9-12,Adolescent,Female,Muslim,Pre-primary,Underweight,Muganda,Both parents alive,high socioecnomic status,No,Yes,Stage 2,Was not a premature at birth,Yes,mild stress,cases,1948,Advanced immune compromised,0,Undetectable,1.570823038,1.032296473,.53852659,Decreased,12/12,LL,LA/LA,A:A,A:A,C:T,A:A,G:G,A:A,T:T,0,0,0,0
CHAKA/03/05/0807,11.983573,5-8,Children,Female,Catholic,Pre-primary,Underweight,Muganda,Single parent alive,low socio-economic status,No,Yes,Stage 2,Was not a premature at birth,Yes,moderate stress,cases,1011,Advanced immune compromised,10,Suppressed,1.396807422,,,,12/12,LL,LA/LA,A:A,A:A,C:C,G:A,G:G,G:A,T:T,0,0,0,0
CHAKA/03/05/0811,9.2265568,9-12,Adolescent,Female,Protestant,No formal education,Obesity,Muganda,Single parent alive,low socio-economic status,No,Yes,Stage 1,Was not a premature at birth,Yes,severe stress,cases,1328,Advanced immune compromised,67,Suppressed,1.805358962,.860588649,.94477034,Decreased,12/12,LS,LA/SA,A:A,A:A,C:T,G:G,T:T,G:G,T:G,0,0,0,0
CHAKA/03/05/0815,7.4086242,5-8,Children,Female,Catholic,Pre-primary,Underweight,Muganda,Both parents alive,low socio-economic status,No,No,Stage 2,Was not a premature at birth,Yes,moderate stress,controls,1502,Advanced immune compromised,5392,Unsuppressed,1.65255983,.835842152,.81671768,Decreased,10/10,LS,SA/LG,A:G,A:A,C:C,G:A,G:G,G:A,T:G,0,0,0,0
CHAKA/03/05/0816,5.0157428,5-8,Children,Male,Catholic,Pre-primary,Underweight,Muganda,Both parents alive,high socioecnomic status,No,Yes,Stage 1,Was not a premature at birth,Yes,mild stress,cases,2259,Advanced immune compromised,0,Undetectable,1.352015032,.768633016,.58338201,Decreased,10/12,LS,LA/SA,A:A,G:A,C:C,G:G,T:G,G:A,G:G,0,0,0,0
CHAKA/03/05/0819,5.1060915,5-8,Children,Female,Catholic,Pre-primary,Underweight,Muganda,Both parents alive,low socio-economic status,No,Yes,Stage 1,Was not a premature at birth,Yes,mild stress,cases,2500,Advanced immune compromised,10,Suppressed,.838951415,1.1904937,-.35154229,Increased,10/12,LS,LA/SA,A:A,G:A,C:T,G:G,T:T,G:A,T:G,0,0,0,0
CHAKA/03/05/0824,10.321697,9-12,Adolescent,Male,Catholic,Pre-primary,Underweight,Muganda,Single parent alive,low socio-economic status,No,Yes,Stage 1,Was not a premature at birth,Yes,mild stress,controls,615,Advanced immune compromised,8329,Unsuppressed,,.937368815,,,12/12,LS,LA/SA,A:A,A:A,C:T,G:A,T:G,A:A,G:G,0,0,0,0
CHAKA/03/05/0825,8.0438061,13-17,Adolescent,Female,Catholic,Pre-primary,Underweight,Muganda,Both parents alive,high socioecnomic status,No,Yes,Stage 2,Was not a premature at birth,Yes,moderate stress,controls,2294,Advanced immune compromised,0,Undetectable,1.177757356,1.117703035,.060054321,Decreased,10/10,LL,LA/LG,A:G,A:A,C:C,G:A,T:G,A:A,T:T,0,0,0,0
CHAKA/03/05/0826,9.0513344,9-12,Adolescent,Male,Catholic,Pre-primary,Underweight,Non-Munganda but Ugandan,Both parents dead,low socio-economic status,No,Yes,Stage 2,Was not a premature at birth,Yes,mild stress,controls,48,Normal CD4 range,553958,Unsuppressed,1.872832211,.934580098,.93825209,Decreased,10/12,LL,LA/SA,A:A,A:A,C:T,G:A,T:G,G:A,T:G,0,0,0,0
CHAKA/03/05/0827,8.6680355,5-8,Children,Male,Protestant,Pre-primary,Underweight,Muganda,Both parents alive,high socioecnomic status,No,Yes,Stage 2,Was not a premature at birth,Yes,mild stress,cases,1153,Advanced immune compromised,0,Undetectable,.9537979800000001,.545859404,.40793857,Decreased,10/12,LS,LA/SA,A:A,A:A,C:C,G:A,G:G,G:G,T:T,0,0,0,0
CHAKA/03/05/0840,13,5-8,Children,Male,Catholic,Pre-primary,Normal weight,Muganda,Both parents dead,low socio-economic status,No,Yes,Stage 2,Was not a premature at birth,Yes,mild stress,controls,899,Advanced immune compromised,47,Suppressed,.978614537,,,,12/12,LL,LA/LG,A:G,G:A,C:C,G:G,T:T,G:A,T:T,0,0,0,0
CHAKA/03/05/0858,11.931554,9-12,Adolescent,Female,Catholic,Pre-primary,Underweight,Muganda,Both parents alive,high socioecnomic status,No,Yes,Stage 2,Was not a premature at birth,Yes,mild stress,controls,263,Normal CD4 range,1037,Unsuppressed,1.187868002,1.639897616,-.45202962,Increased,10/12,LL,LA/LA,A:A,A:A,C:T,G:A,T:G,G:A,T:T,0,0,0,0
CHAKA/03/05/0862,9.0020533,9-12,Adolescent,Female,Protestant,Pre-primary,Underweight,Muganda,Both parents alive,low socio-economic status,No,Yes,Stage 3,Was not a premature at birth,Yes,mild stress,controls,918,Advanced immune compromised,0,Undetectable,.927291434,.6507189839999999,.27657244,Decreased,12/12,LL,LA/LA,A:A,A:A,T:T,G:G,T:T,G:A,G:G,0,0,0,0
CHAKA/03/05/0870,5.8535252,9-12,Adolescent,Male,Born Again,Pre-primary,Underweight,Non-Munganda but Ugandan,,high socioecnomic status,Yes,Yes,Stage 2,Was not a premature at birth,Yes,mild stress,controls,1205,Advanced immune compromised,0,Undetectable,1.106305257,.925778424,.18052684,Decreased,10/12,LL,LA/LG,A:G,A:A,C:T,G:G,T:G,G:A,G:G,0,0,0,0
CHAKA/03/05/0871,11.19781,9-12,Adolescent,Male,Catholic,Pre-primary,Underweight,Non-Munganda but Ugandan,Both parents alive,high socioecnomic status,No,Yes,Stage 2,Was not a premature at birth,Yes,moderate stress,controls,635,Advanced immune compromised,12746,Unsuppressed,.622476955,.697491796,-.075014845,Increased,12/12,LS,LA/SA,A:A,A:A,C:C,G:G,T:T,G:A,G:G,0,0,0,0
CHAKA/03/06/0367,,5-8,Children,Male,Catholic,Pre-primary,Underweight,Muganda,Single parent alive,high socioecnomic status,No,Yes,Stage 2,Was not a premature at birth,Yes,moderate stress,cases,803,Advanced immune compromised,,,.440419398,.610857148,-.17043775,Increased,,LL,LA/LA,A:A,A:A,C:T,G:A,T:G,A:A,T:T,0,0,0,0
CHAKA/03/06/0907,7.9425054,5-8,Children,Female,Catholic,Pre-primary,Underweight,Muganda,Single parent alive,high socioecnomic status,No,Yes,Stage 2,Was not a premature at birth,Yes,moderate stress,controls,1314,Advanced immune compromised,0,Undetectable,.096375372,1.330278239,-1.2339028,Increased,10/10,LL,LA/LG,A:G,A:A,C:T,G:A,G:G,G:A,T:G,0,0,0,0
CHAKA/03/06/0912,12.64887,9-12,Adolescent,Female,Catholic,Pre-primary,Underweight,Muganda,Both parents alive,high socioecnomic status,No,Yes,Stage 3,Was not a premature at birth,Yes,severe stress,controls,1507,Advanced immune compromised,0,Undetectable,.879850222,1.065661522,-.1858113,Increased,10/12,LL,LA/LA,A:A,A:A,C:C,G:A,T:G,G:A,G:G,0,0,0,0
CHAKA/03/06/0913,9.7412729,13-17,Adolescent,Female,Catholic,Pre-primary,Underweight,Muganda,Both parents dead,low socio-economic status,No,Yes,Stage 3,Was not a premature at birth,Yes,moderate stress,controls,433,Possibly immune compromised,31323,Unsuppressed,.901943234,1.863609349,-.96166611,Increased,12/12,LS,SA/LG,A:G,G:G,C:T,G:G,T:G,G:G,G:G,0,0,0,0
CHAKA/03/06/0915,7.3018479,5-8,Children,Male,Protestant,Pre-primary,Underweight,Non-Munganda but Ugandan,Both parents alive,low socio-economic status,No,Yes,Stage 2,Was not a premature at birth,Yes,mild stress,cases,555,Advanced immune compromised,10,Suppressed,.834323791,.522076655,.31224713,Decreased,12/12,LS,LA/SA,A:A,A:A,C:T,G:G,T:T,G:A,T:T,0,0,0,0
CHAKA/03/06/0922,15.055442,13-17,Adolescent,Female,Catholic,Pre-primary,Overweight,Muganda,Single parent alive,high socioecnomic status,No,Yes,Stage 2,Was not a premature at birth,Yes,moderate stress,controls,540,Advanced immune compromised,0,Undetectable,.916060896,.637266967,.27879393,Decreased,12/12,LS,LA/SA,A:A,A:A,T:T,G:G,T:T,G:A,G:G,0,0,0,0
CHAKA/03/06/0923,11.247091,9-12,Adolescent,Female,Born Again,Pre-primary,Underweight,Muganda,Single parent alive,low socio-economic status,No,Yes,Stage 3,Was not a premature at birth,Yes,severe stress,cases,490,Possibly immune compromised,186,Suppressed,1.101223046,.904994874,.19622818,Decreased,12/12,LL,LA/LA,A:A,?,C:T,G:G,G:G,0,T:G,0,0,1,1
CHAKA/03/06/0924,10.162902,9-12,Adolescent,Female,Catholic,Pre-primary,Underweight,Muganda,Both parents alive,low socio-economic status,No,Yes,Stage 2,Was not a premature at birth,Yes,severe stress,cases,54,Normal CD4 range,38874,Unsuppressed,,.627142457,,,12/12,LL,LA/LA,A:A,A:A,C:C,G:G,T:G,G:A,G:G,0,0,1,1
CHAKA/03/06/0925,9.6427107,5-8,Children,Female,Catholic,Pre-primary,Underweight,Muganda,Both parents alive,low socio-economic status,No,Yes,Stage 2,Was not a premature at birth,Yes,mild stress,controls,1318,Advanced immune compromised,0,Undetectable,.794304151,.684717201,.10958695,Decreased,12/12,LL,LA/LA,A:A,G:A,C:T,G:G,T:T,A:A,G:G,0,0,0,0
CHAKA/03/06/0929,10.502396,9-12,Adolescent,Female,Catholic,Pre-primary,Normal weight,Muganda,Single parent alive,high socioecnomic status,No,Yes,Stage 2,Was not a premature at birth,Yes,moderate stress,cases,1563,Advanced immune compromised,10,Suppressed,1.468692158,1.193465761,.27522638,Decreased,10/12,LS,LA/SA,A:A,A:A,C:T,G:G,T:G,G:G,T:G,0,0,1,1
CHAKA/03/06/0934,8.5639973,9-12,Adolescent,Male,Catholic,Pre-primary,Underweight,Non-Munganda but Ugandan,Both parents alive,high socioecnomic status,No,Yes,Stage 2,Was not a premature at birth,Yes,mild stress,controls,530,Advanced immune compromised,10,Suppressed,.936900479,.648699087,.28820139,Decreased,12/12,LL,LA/LA,A:A,A:A,T:T,G:G,T:T,A:A,T:T,0,0,0,0
CHAKA/03/06/0937,7.578371,5-8,Children,Female,Catholic,Pre-primary,Underweight,Muganda,Both parents alive,low socio-economic status,No,Yes,Stage 2,Was not a premature at birth,Yes,mild stress,controls,1851,Advanced immune compromised,0,Undetectable,,1.065608452,,,10/12,LS,LA/SA,A:A,A:A,C:C,G:A,T:G,G:G,T:G,0,0,0,0
CHAKA/03/06/0938,5.1115675,5-8,Children,Male,Born Again,No formal education,Normal weight,Muganda,,low socio-economic status,No,Yes,Stage 2,Was not a premature at birth,Yes,mild stress,controls,2444,Advanced immune compromised,10,Suppressed,.786383821,,,,12/12,LL,LA/LG,A:G,G:A,C:T,G:G,T:T,G:A,T:G,0,0,0,0
CHAKA/03/06/0940,7.9726214,13-17,Adolescent,Female,Muslim,Pre-primary,Underweight,Muganda,Single parent alive,high socioecnomic status,No,Yes,Stage 2,Was not a premature at birth,Yes,mild stress,controls,1187,Advanced immune compromised,10,Suppressed,1.250778482,.720048394,.53073007,Decreased,12/12,LS,SA/LG,A:G,?,C:T,G:G,T:G,G:G,G:G,0,0,0,0
CHAKA/03/06/0941,6.1629024,9-12,Adolescent,Male,Protestant,Pre-primary,Underweight,Muganda,Both parents alive,low socio-economic status,No,Yes,Stage 3,Was not a premature at birth,Yes,moderate stress,controls,1554,Advanced immune compromised,10,Suppressed,1.080409218,.871868811,.20854041,Decreased,12/12,LL,LA/LA,A:A,A:A,C:T,G:A,T:G,G:A,T:T,0,0,0,0
CHAKA/03/06/0943,10.576318,5-8,Children,Male,Muslim,Pre-primary,Normal weight,Muganda,,high socioecnomic status,No,Yes,Stage 2,I don’t know,Yes,moderate stress,cases,1062,Advanced immune compromised,0,Undetectable,.933664215,.774720281,.15894394,Decreased,12/12,LS,LA/SA,A:A,A:A,T:T,G:G,T:T,G:A,T:G,0,0,0,0
CHAKA/03/06/0944,9.5222454,5-8,Children,Female,Born Again,Pre-primary,Underweight,Muganda,,high socioecnomic status,No,Yes,Stage 2,Was not a premature at birth,Yes,moderate stress,controls,1069,Advanced immune compromised,0,Undetectable,1.370140538,.904252781,.46588776,Decreased,12/12,LL,LA/LA,A:A,G:A,T:T,G:G,T:T,G:A,T:T,0,0,0,0
CHAKA/03/06/0948,5.5852156,5-8,Children,Female,Protestant,Pre-primary,Underweight,Muganda,Both parents alive,high socioecnomic status,No,Yes,Stage 2,Was not a premature at birth,Yes,moderate stress,controls,1813,Advanced immune compromised,0,Undetectable,.767892597,.932840806,-.16494821,Increased,10/12,LL,LA/LA,A:A,G:G,C:T,G:G,G:G,G:G,G:G,0,0,0,0
CHAKA/03/06/0951,6.3545518,5-8,Children,Female,Catholic,Pre-primary,Underweight,Muganda,Both parents alive,low socio-economic status,No,Yes,Stage 2,Was not a premature at birth,Yes,moderate stress,cases,685,Advanced immune compromised,10,Suppressed,1.803947386,1.131276756,.6726706,Decreased,10/12,LL,LA/LA,A:A,G:A,C:T,G:G,T:G,G:A,T:T,0,0,0,0
CHAKA/03/06/0952,12.577686,5-8,Children,Male,Catholic,Pre-primary,Underweight,Muganda,Both parents dead,high socioecnomic status,No,Yes,Stage 3,Was not a premature at birth,Yes,mild stress,cases,791,Advanced immune compromised,13049,Unsuppressed,.876374176,,,,10/10,LS,LA/SA,A:A,G:A,C:T,G:A,T:G,A:A,T:G,0,0,0,0
CHAKA/03/06/0956,14.699521,13-17,Adolescent,Male,Muslim,Pre-primary,Normal weight,Muganda,Single parent alive,high socioecnomic status,Yes,Yes,Stage 2,Was not a premature at birth,Yes,mild stress,cases,525,Advanced immune compromised,10,Suppressed,1.787531105,1.118778573,.66875255,Decreased,10/12,LS,LA/SA,A:A,A:A,C:T,G:G,T:G,G:A,T:G,1,0,0,1
CHAKA/03/06/0959,5.1471596,5-8,Children,Female,Muslim,Pre-primary,Underweight,Muganda,Single parent alive,low socio-economic status,No,No,Stage 2,Was a premature at birth,Yes,mild stress,controls,762,Advanced immune compromised,305,Suppressed,1.906962046,,,,12/12,LS,LA/SA,A:A,G:A,C:T,G:G,T:T,G:A,T:T,0,0,0,0
CHAKA/03/06/0965,10.108145,13-17,Adolescent,Female,Catholic,Pre-primary,Underweight,Non-Munganda but Ugandan,Both parents alive,low socio-economic status,No,Yes,Stage 2,Was not a premature at birth,Yes,mild stress,controls,1231,Advanced immune compromised,26,Suppressed,.755393772,,,,12/12,LL,LA/LA,A:A,A:A,C:C,G:A,T:G,A:A,T:T,0,0,0,0
CHAKA/03/06/0967,6.9048595,5-8,Children,Female,Protestant,Pre-primary,Underweight,Non-Munganda but Ugandan,Both parents alive,low socio-economic status,No,Yes,Stage 3,Was not a premature at birth,Yes,severe stress,cases,2089,Advanced immune compromised,0,Undetectable,1.5529636,.85531138,.69765222,Decreased,12/12,LL,,,A:A,C:T,G:G,T:T,A:A,T:T,0,0,0,0
CHAKA/03/06/0970,5.097878,5-8,Children,Female,Muslim,Pre-primary,Underweight,Non-Munganda but Ugandan,Both parents alive,low socio-economic status,No,Yes,Stage 2,Was not a premature at birth,Yes,severe stress,controls,963,Advanced immune compromised,0,Undetectable,.558165114,1.253305355,-.69514024,Increased,12/12,LL,LA/LG,A:G,A:A,C:T,G:A,T:G,A:A,G:G,0,0,0,0
CHAKA/03/06/0972,17.114305,9-12,Adolescent,Male,Catholic,No formal education,Normal weight,Muganda,Both parents dead,high socioecnomic status,No,No,Stage 2,Was not a premature at birth,Yes,mild stress,controls,793,Advanced immune compromised,,,.999425103,1.062257704,-.062832601,Increased,12/12,SS,SA/SA,A:A,A:A,C:T,G:G,T:T,G:A,G:G,1,0,1,1
CHAKA/03/06/0980,16,13-17,Adolescent,Male,Catholic,No formal education,Normal weight,Muganda,Single parent alive,low socio-economic status,Yes,Yes,Stage 2,Was not a premature at birth,Yes,moderate stress,controls,568,Advanced immune compromised,,,,1.765636437,,,10/12,LL,LA/LG,A:G,A:A,C:C,G:G,T:G,G:A,T:G,0,0,0,0
CHAKA/03/06/0982,8.4845991,13-17,Adolescent,Female,Muslim,Pre-primary,Underweight,Muganda,Both parents alive,low socio-economic status,No,Yes,Stage 3,Was not a premature at birth,Yes,moderate stress,controls,354,Possibly immune compromised,400131,Unsuppressed,.700903539,1.075884181,-.37498063,Increased,12/12,LL,LA/LG,A:G,A:A,C:T,G:G,T:T,G:G,G:G,0,0,0,0
CHAKA/03/06/0987,16.621492,9-12,Adolescent,Female,Muslim,Secondary level,Overweight,Muganda,Single parent alive,high socioecnomic status,Yes,Yes,Stage 3,Was not a premature at birth,Yes,mild stress,controls,153,Normal CD4 range,0,Undetectable,,1.136732851,,,12/12,SS,SA/SA,A:A,A:A,T:T,G:G,T:T,G:A,T:G,0,0,1,1
CHAKA/03/06/0998,8.5174541,5-8,Children,Female,Born Again,Pre-primary,Underweight,Muganda,Both parents alive,high socioecnomic status,Yes,Yes,Stage 2,Was not a premature at birth,Yes,mild stress,controls,1057,Advanced immune compromised,28,Suppressed,.8663936800000001,.732268618,.13412507,Decreased,12/12,LL,LA/LG,A:G,A:A,T:T,G:G,T:T,A:A,T:T,0,0,0,0
CHAKA/03/06/0999,10.639288,9-12,Adolescent,Female,Muslim,Pre-primary,Underweight,Non-Ugandan,Single parent alive,low socio-economic status,No,No,Stage 3,Was not a premature at birth,Yes,mild stress,cases,1997,Advanced immune compromised,0,Undetectable,1.62242913,1.434449309,.18797982,Decreased,12/12,LL,LA/LA,A:A,?,C:C,G:G,T:G,G:G,T:T,0,0,0,0
CHAKA/03/06/1017,6.658453,9-12,Adolescent,Female,Born Again,Pre-primary,Underweight,Muganda,Both parents alive,low socio-economic status,No,Yes,Stage 3,Was not a premature at birth,Yes,mild stress,controls,1225,Advanced immune compromised,0,Undetectable,.885033395,.781766508,.10326689,Decreased,10/12,LL,LA/LA,A:A,A:A,C:T,G:A,G:G,G:G,T:T,0,0,0,0
CHAKA/03/06/1018,,5-8,Children,Male,Muslim,Pre-primary,Underweight,Muganda,Both parents alive,low socio-economic status,No,Yes,Stage 2,Was not a premature at birth,Yes,mild stress,controls,616,Advanced immune compromised,21451,Unsuppressed,.795624147,.634626753,.16099739,Decreased,10/10,SS,SA/SA,A:A,A:A,C:T,G:G,T:T,G:G,T:G,0,0,0,0
CHAKA/03/06/1019,,5-8,Children,Female,Catholic,Pre-primary,Underweight,Muganda,Single parent alive,low socio-economic status,No,Yes,Stage 3,Was not a premature at birth,Yes,moderate stress,cases,71,Normal CD4 range,14529,Unsuppressed,1.794383827,.884080787,.91030306,Decreased,10/12,LL,LA/LA,A:A,?,C:T,G:G,T:T,G:A,T:G,0,0,0,0
CHAKA/03/06/1026,16.016428,13-17,Adolescent,Female,Catholic,Secondary level,Normal weight,Muganda,Both parents alive,high socioecnomic status,Yes,Yes,Stage 3,Was not a premature at birth,Yes,mild stress,cases,494,Possibly immune compromised,,,1.024056666,1.009911934,.014144732,Decreased,12/12,LL,LA/LA,A:A,G:A,C:C,G:G,T:G,G:A,G:G,0,1,0,1
CHAKA/03/06/1035,8.8268309,9-12,Adolescent,Female,Catholic,Pre-primary,Underweight,Muganda,Single parent alive,high socioecnomic status,No,Yes,Stage 2,Was not a premature at birth,Yes,mild stress,controls,1660,Advanced immune compromised,10,Suppressed,.929660644,,,,,LS,LA/SA,A:A,A:A,C:T,G:G,T:T,G:A,G:G,0,0,0,0
CHAKA/03/07/0427,10.417522,5-8,Children,Male,Catholic,Pre-primary,Underweight,Muganda,Single parent alive,low socio-economic status,No,Yes,Stage 3,Was not a premature at birth,Yes,mild stress,controls,1313,Advanced immune compromised,79,Suppressed,1.440307345,,,,,LL,LA/LG,A:G,A:A,C:T,G:G,T:G,G:G,G:G,0,0,0,0
CHAKA/03/07/0435,5.0595484,5-8,Children,Male,Catholic,Pre-primary,Underweight,Muganda,Both parents dead,low socio-economic status,No,Yes,Stage 2,Was not a premature at birth,Yes,moderate stress,controls,1163,Advanced immune compromised,10,Suppressed,.716241166,.586503878,.12973729,Decreased,10/12,LS,SA/LG,A:G,A:A,C:T,G:G,T:G,G:A,T:G,0,0,0,0
CHAKA/03/07/1051,13,5-8,Children,Female,Born Again,Pre-primary,Underweight,Muganda,Single parent alive,low socio-economic status,No,Yes,Stage 3,Was not a premature at birth,Yes,severe stress,cases,559,Advanced immune compromised,0,Undetectable,.765697442,.986895385,-.22119795,Increased,12/12,SS,SA/SA,A:A,G:G,C:C,G:G,T:T,G:G,G:G,0,1,1,1
CHAKA/03/07/1058,5.4674878,5-8,Children,Male,Catholic,No formal education,Underweight,Muganda,Both parents alive,low socio-economic status,,Yes,Stage 3,Was not a premature at birth,Yes,moderate stress,controls,1006,Advanced immune compromised,3912,Unsuppressed,,1.082497858,,,12/12,LS,LA/SA,A:A,?,T:T,G:G,T:T,G:G,T:G,0,0,0,0
CHAKA/03/07/1059,10.948666,13-17,Adolescent,Female,Catholic,Pre-primary,Normal weight,Muganda,Both parents dead,high socioecnomic status,No,Yes,Stage 3,Was not a premature at birth,Yes,mild stress,controls,559,Advanced immune compromised,10,Suppressed,1.927662814,.779606247,1.1480566,Decreased,10/12,LS,LA/SA,A:A,G:A,C:T,G:A,G:G,G:A,T:G,0,0,0,0
CHAKA/03/07/1063,10.480493,5-8,Children,Female,Protestant,Pre-primary,Underweight,Non-Munganda but Ugandan,Both parents alive,high socioecnomic status,No,Yes,Stage 2,Was not a premature at birth,Yes,mild stress,controls,1492,Advanced immune compromised,0,Undetectable,1.698793178,.750260413,.94853276,Decreased,12/12,LL,LA/LA,A:A,A:A,C:C,G:A,T:G,G:A,T:G,0,0,0,0
CHAKA/03/07/1066,8.5065022,5-8,Children,Female,Protestant,Pre-primary,Underweight,Non-Munganda but Ugandan,Both parents alive,low socio-economic status,No,Yes,Stage 3,Was not a premature at birth,Yes,mild stress,controls,1320,Advanced immune compromised,10,Suppressed,1.210087071,,,,10/12,LL,LA/LG,A:G,A:A,C:C,G:A,T:G,A:A,T:T,0,0,0,0
CHAKA/03/07/1071,10.190281,9-12,Adolescent,Female,Catholic,Pre-primary,Normal weight,Muganda,Single parent alive,high socioecnomic status,No,Yes,Stage 3,Was not a premature at birth,Yes,mild stress,cases,1123,Advanced immune compromised,0,Undetectable,1.360972198,,,,12/12,LL,LA/LA,A:A,A:A,C:T,G:A,G:G,G:A,T:G,0,0,0,0
CHAKA/03/07/1075,8.457221,5-8,Children,Female,Born Again,Pre-primary,Underweight,Non-Munganda but Ugandan,,low socio-economic status,No,Yes,Stage 3,Was not a premature at birth,Yes,severe stress,cases,1325,Advanced immune compromised,0,Undetectable,1.627962786,.848305019,.77965778,Decreased,10/12,LL,LA/LG,A:G,A:A,C:T,G:A,T:G,A:A,T:G,0,0,0,0
CHAKA/03/07/1077,7.4086242,5-8,Children,Male,Muslim,Pre-primary,Underweight,Non-Munganda but Ugandan,Both parents alive,high socioecnomic status,No,Yes,Stage 4,Was not a premature at birth,Yes,mild stress,cases,850,Advanced immune compromised,10,Suppressed,1.343255539,,,,10/12,LL,LA/LA,A:A,A:A,T:T,G:G,T:T,G:A,G:G,0,0,0,0
CHAKA/03/07/1078,14,5-8,Children,Male,Protestant,Pre-primary,Underweight,Muganda,Both parents alive,low socio-economic status,No,Yes,Stage 3,Was not a premature at birth,Yes,severe stress,controls,1255,Advanced immune compromised,21,Suppressed,.899751666,1.152484343,-.25273266,Increased,12/12,LL,LA/LA,A:A,A:A,C:C,G:G,T:T,G:A,T:G,0,0,0,0
CHAKA/03/07/1079,14,9-12,Adolescent,Male,Catholic,Secondary level,Underweight,Muganda,Both parents alive,high socioecnomic status,No,Yes,Stage 3,Was not a premature at birth,Yes,mild stress,controls,344,Normal CD4 range,10,Suppressed,1.113455653,.695236876,.41821879,Decreased,12/12,LS,LA/SA,A:A,A:A,C:C,G:G,T:T,G:G,T:G,0,0,0,0
CHAKA/03/07/1080,15,13-17,Adolescent,Female,Catholic,Pre-primary,Normal weight,Muganda,Both parents alive,high socioecnomic status,No,Yes,Stage 3,Was not a premature at birth,Yes,moderate stress,controls,577,Advanced immune compromised,0,Undetectable,.804735846,1.011864746,-.2071289,Increased,12/12,LS,LA/SA,A:A,A:A,C:C,G:G,T:T,G:A,T:G,0,0,1,1
CHAKA/03/07/1081,6.7132101,9-12,Adolescent,Female,Catholic,Pre-primary,Underweight,Muganda,Both parents alive,low socio-economic status,No,Yes,Stage 3,Was not a premature at birth,Yes,mild stress,cases,1704,Advanced immune compromised,0,Undetectable,.987050148,,,,12/12,LL,LA/LA,A:A,A:A,C:T,G:A,G:G,G:A,T:G,0,0,0,0
CHAKA/03/07/1082,8.3969879,9-12,Adolescent,Female,Catholic,Pre-primary,Underweight,Muganda,Single parent alive,low socio-economic status,No,Yes,Stage 4,Was not a premature at birth,Yes,severe stress,controls,1280,Advanced immune compromised,0,Undetectable,1.150163041,.684399205,.46576384,Decreased,10/12,LL,LG/LG,G:G,G:A,C:T,G:A,G:G,G:G,G:G,0,0,0,0
CHAKA/03/07/1085,9.2429838,9-12,Adolescent,Female,Muslim,Pre-primary,Underweight,Muganda,Both parents alive,low socio-economic status,No,Yes,Stage 2,Was not a premature at birth,Yes,mild stress,cases,822,Advanced immune compromised,6269,Unsuppressed,1.491369563,,,,12/12,LL,LA/LG,A:G,A:A,C:T,G:A,G:G,G:G,T:T,0,0,0,0
CHAKA/03/07/1086,13,13-17,Adolescent,Male,SDA,Pre-primary,Underweight,Muganda,Both parents dead,high socioecnomic status,No,Yes,Stage 3,Was not a premature at birth,Yes,mild stress,controls,600,Advanced immune compromised,1829,Unsuppressed,1.227972765,.847445142,.38052762,Decreased,12/12,LL,LA/LA,A:A,A:A,T:T,G:A,T:G,G:G,G:G,0,0,0,0
CHAKA/03/07/1089,7.5975361,5-8,Children,Male,Catholic,Pre-primary,Underweight,Muganda,Both parents dead,low socio-economic status,No,Yes,Stage 3,Was a premature at birth,Yes,moderate stress,controls,802,Advanced immune compromised,0,Undetectable,1.195095442,.7473180900000001,.44777736,Decreased,10/12,LL,LA/LA,A:A,A:A,C:C,G:G,T:T,A:A,T:G,0,0,0,0
CHAKA/03/07/1090,7.0910335,5-8,Children,Female,Muslim,Pre-primary,Underweight,Muganda,Single parent alive,low socio-economic status,No,Yes,Stage 3,Was not a premature at birth,Yes,mild stress,cases,2364,Advanced immune compromised,38499,Unsuppressed,1.442409989,1.406454783,.035955206,Decreased,10/12,LL,LA/LA,A:A,A:A,C:T,G:G,T:G,G:G,T:G,0,0,0,0
CHAKA/03/07/1092,13,13-17,Adolescent,Female,Muslim,Pre-primary,Underweight,Muganda,Single parent alive,low socio-economic status,No,Yes,Stage 3,Was not a premature at birth,Yes,severe stress,controls,839,Advanced immune compromised,4648,Unsuppressed,1.215440383,,,,12/12,LL,LA/LA,A:A,A:A,T:T,G:A,T:G,G:A,T:G,0,0,0,0
CHAKA/03/07/1093,10.986995,9-12,Adolescent,Female,Muslim,Pre-primary,Underweight,Non-Ugandan,Both parents alive,low socio-economic status,No,Yes,Stage 3,Was not a premature at birth,Yes,moderate stress,cases,1237,Advanced immune compromised,10,Suppressed,1.200013227,.941725668,.25828755,Decreased,10/12,LS,LA/SA,A:A,A:A,C:C,G:G,G:G,G:G,G:G,0,0,0,0
CHAKA/03/07/1094,8.7693357,5-8,Children,Female,Catholic,Pre-primary,Underweight,Muganda,Both parents alive,high socioecnomic status,No,Yes,Stage 3,Was not a premature at birth,Yes,mild stress,controls,85,Normal CD4 range,2621863,Unsuppressed,.795882776,1.162821759,-.36693898,Increased,10/12,LL,LA/LG,A:G,A:A,C:T,G:A,T:G,G:A,T:G,0,0,0,0
CHAKA/03/07/1095,,5-8,Children,Female,Muslim,Pre-primary,Underweight,Non-Munganda but Ugandan,Both parents alive,high socioecnomic status,No,Yes,Stage 3,Was not a premature at birth,Yes,moderate stress,controls,1459,Advanced immune compromised,41,Suppressed,1.215488385,.691613259,.52387512,Decreased,10/12,LL,LA/LA,A:A,A:A,C:C,G:G,T:T,A:A,,0,0,0,0
CHAKA/03/07/1096,11.400411,9-12,Adolescent,Male,Catholic,Pre-primary,Underweight,Muganda,Single parent alive,low socio-economic status,No,Yes,Stage 3,Was not a premature at birth,Yes,mild stress,cases,1172,Advanced immune compromised,0,Undetectable,1.239737113,1.961564583,-.72182745,Increased,10/10,LS,SA/LG,A:G,A:A,T:T,G:G,T:T,G:G,T:G,0,0,0,0
CHAKA/03/07/1097,,5-8,Children,Female,Muslim,Pre-primary,Underweight,Muganda,Single parent alive,high socioecnomic status,No,Yes,Stage 3,Was not a premature at birth,Yes,mild stress,cases,1080,Advanced immune compromised,0,Undetectable,1.111695063,,,,12/12,LS,LA/SA,A:A,A:A,C:C,G:A,G:G,G:A,,0,0,0,0
CHAKA/03/07/1100,13,13-17,Adolescent,Female,Muslim,Pre-primary,Overweight,Muganda,Both parents dead,high socioecnomic status,No,Yes,Stage 3,Was not a premature at birth,No,moderate stress,controls,323,Normal CD4 range,14718,Unsuppressed,1.462268162,1.30411825,.15814991,Decreased,10/10,LL,LA/LG,A:G,A:A,C:T,G:G,T:T,G:A,G:G,0,0,0,0
CHAKA/03/07/1101,,5-8,Children,Male,Catholic,Pre-primary,Underweight,Non-Munganda but Ugandan,Single parent alive,low socio-economic status,No,Yes,Stage 3,Was not a premature at birth,Yes,moderate stress,controls,1077,Advanced immune compromised,80,Suppressed,1.051276533,.903257765,.14801876,Decreased,10/12,LL,LA/LA,A:A,A:A,C:C,G:G,T:G,G:A,T:G,0,0,0,0
CHAKA/03/07/1103,,5-8,Children,Female,Catholic,Pre-primary,Obesity,Muganda,Single parent alive,high socioecnomic status,No,Yes,Stage 2,Was not a premature at birth,Yes,moderate stress,controls,891,Advanced immune compromised,10,Suppressed,,.961037787,,,12/12,LL,LA/LA,A:A,G:A,C:T,G:G,T:T,A:A,T:G,0,0,0,0
CHAKA/03/07/1104,16,5-8,Children,Female,Protestant,Secondary level,Normal weight,Muganda,Both parents alive,low socio-economic status,No,No,Stage 2,Was not a premature at birth,Yes,severe stress,controls,987,Advanced immune compromised,0,Undetectable,1.008114322,.898216385,.10989793,Decreased,12/12,LL,LA/LA,A:A,A:A,C:C,G:A,T:G,A:A,T:G,1,1,1,1
CHAKA/03/07/1107,14,9-12,Adolescent,Female,Muslim,Secondary level,Normal weight,Muganda,Single parent alive,high socioecnomic status,No,Yes,Stage 3,Was not a premature at birth,Yes,mild stress,controls,494,Possibly immune compromised,369,Suppressed,1.707135603,1.420415626,.28671998,Decreased,12/12,LL,LA/LG,A:G,A:A,C:C,G:G,T:G,G:A,T:G,0,0,0,0
CHAKA/03/07/1108,8.7392197,5-8,Children,Female,Protestant,Pre-primary,Underweight,Non-Munganda but Ugandan,Single parent alive,high socioecnomic status,No,Yes,Stage 2,Was not a premature at birth,Yes,mild stress,controls,992,Advanced immune compromised,0,Undetectable,1.317551639,,,,10/12,LL,LA/LG,A:G,G:A,C:T,G:G,T:T,G:G,T:G,0,0,0,0
CHAKA/03/07/1109,8.9089661,13-17,Adolescent,Male,Protestant,Pre-primary,Underweight,Muganda,Single parent alive,low socio-economic status,No,Yes,Stage 2,Was not a premature at birth,Yes,mild stress,controls,1181,Advanced immune compromised,0,Undetectable,.877522937,.761377653,.11614528,Decreased,12/12,LL,LA/LA,A:A,A:A,C:T,G:G,T:T,A:A,T:G,0,0,0,0
CHAKA/03/07/1120,14,9-12,Adolescent,Male,Catholic,Pre-primary,Underweight,Muganda,Both parents alive,high socioecnomic status,No,Yes,Stage 3,Was not a premature at birth,Yes,severe stress,cases,594,Advanced immune compromised,121,Suppressed,1.147534725,.698239062,.44929567,Decreased,12/12,LL,LA/LA,A:A,A:A,C:T,G:G,T:T,G:G,T:T,0,0,1,1
CHAKA/03/07/1121,12,9-12,Adolescent,Female,Protestant,Pre-primary,Underweight,Non-Munganda but Ugandan,Both parents alive,low socio-economic status,No,Yes,Stage 3,Was not a premature at birth,Yes,severe stress,cases,712,Advanced immune compromised,838,Suppressed,1.105421869,1.138086329,-.032664459,Increased,12/12,LL,LA/LG,A:G,A:A,C:T,G:A,T:G,G:A,G:G,0,0,0,0
CHAKA/03/07/1124,15,13-17,Adolescent,Male,Catholic,Pre-primary,Underweight,Muganda,Both parents alive,high socioecnomic status,No,Yes,Stage 2,Was not a premature at birth,Yes,mild stress,cases,503,Advanced immune compromised,1319,Unsuppressed,1.889984501,1.032763312,.85722119,Decreased,12/12,LL,LA/LA,A:A,A:A,T:T,G:A,T:G,A:A,T:T,1,0,1,1
CHAKA/03/07/1125,8.449008,5-8,Children,Male,Catholic,Pre-primary,Underweight,Muganda,Single parent alive,high socioecnomic status,No,Yes,Stage 2,Was not a premature at birth,Yes,mild stress,cases,365,Possibly immune compromised,45,Suppressed,,.775643002,,,12/12,LL,LA/LA,A:A,A:A,C:T,A:A,G:G,A:A,T:T,0,0,0,0
CHAKA/03/07/1126,,13-17,Adolescent,Female,Born Again,Pre-primary,Underweight,Muganda,Both parents alive,high socioecnomic status,No,Yes,Stage 2,Was not a premature at birth,Yes,mild stress,cases,1380,Advanced immune compromised,0,Undetectable,.985060753,,,,12/12,LL,LA/LA,A:A,A:A,C:T,G:G,T:T,A:A,T:G,0,0,0,0
CHAKA/03/07/1128,10.757016,5-8,Children,Male,Protestant,Pre-primary,Underweight,Muganda,Both parents alive,high socioecnomic status,No,Yes,Stage 2,Was not a premature at birth,Yes,mild stress,cases,981,Advanced immune compromised,10,Suppressed,1.226886408,.874764811,.35212159,Decreased,12/12,LS,LA/SA,A:A,A:A,C:T,G:G,T:T,A:A,G:G,0,0,0,0
CHAKA/03/07/1132,8.0438061,5-8,Children,Female,Catholic,Pre-primary,Underweight,Muganda,Both parents alive,high socioecnomic status,No,Yes,Stage 2,Was not a premature at birth,Yes,mild stress,cases,831,Advanced immune compromised,0,Undetectable,,.839042597,,,12/12,LL,LA/LA,A:A,A:A,T:T,G:G,T:G,G:G,G:G,0,0,0,0
CHAKA/03/07/1133,9.9329224,9-12,Adolescent,Female,Catholic,Pre-primary,Underweight,Muganda,Both parents alive,high socioecnomic status,No,Yes,Stage 2,Was not a premature at birth,Yes,moderate stress,cases,908,Advanced immune compromised,0,Undetectable,,.874247121,,,12/12,LL,,,A:A,C:C,G:G,T:T,G:A,T:T,0,0,1,1
CHAKA/03/07/1134,8.6817245,5-8,Children,Female,Born Again,Pre-primary,Underweight,Muganda,Single parent alive,high socioecnomic status,No,Yes,Stage 1,I don’t know,Yes,mild stress,cases,885,Advanced immune compromised,0,Undetectable,1.180387352,1.532633526,-.35224617,Increased,10/12,LL,LA/LA,A:A,?,C:C,G:A,G:G,G:A,G:G,0,0,0,0
CHAKA/03/07/1136,13,13-17,Adolescent,Male,Catholic,Pre-primary,Underweight,Muganda,Single parent alive,low socio-economic status,No,Yes,Stage 3,Was not a premature at birth,Yes,severe stress,controls,649,Advanced immune compromised,,,,1.015202995,,,10/12,LL,LA/LG,A:G,A:A,T:T,G:G,T:T,G:G,T:T,0,1,0,1
CHAKA/03/07/1141,10.179329,9-12,Adolescent,Female,Catholic,Pre-primary,Underweight,Muganda,Both parents alive,low socio-economic status,No,Yes,Stage 3,Was not a premature at birth,Yes,mild stress,cases,477,Possibly immune compromised,0,Undetectable,1.242561827,.884942814,.35761902,Decreased,10/12,LS,SA/LG,A:G,?,T:T,G:A,G:G,G:A,T:G,0,0,0,0
CHAKA/03/07/1143,,9-12,Adolescent,Male,Muslim,Pre-primary,Underweight,Muganda,Both parents alive,low socio-economic status,No,Yes,Stage 2,Was not a premature at birth,Yes,moderate stress,controls,984,Advanced immune compromised,10,Suppressed,1.819568557,,,,12/12,LL,LA/LA,A:A,A:A,C:C,G:G,T:T,G:G,T:G,0,0,0,0
CHAKA/03/07/1144,,13-17,Adolescent,Female,Catholic,Pre-primary,Underweight,Muganda,Both parents alive,low socio-economic status,No,Yes,Stage 3,Was not a premature at birth,Yes,mild stress,controls,139,Normal CD4 range,629215,Unsuppressed,,.722167212,,,,,,,,,,,,,0,0,0,0
CHAKA/03/07/1147,15,13-17,Adolescent,Female,Born Again,Secondary level,Underweight,Muganda,Single parent alive,low socio-economic status,No,Yes,Stage 3,Was not a premature at birth,Yes,mild stress,cases,571,Advanced immune compromised,82,Suppressed,1.648820022,.865290967,.78352904,Decreased,12/12,LL,LA/LA,A:A,A:A,C:C,G:A,T:G,G:A,G:G,0,0,1,1
CHAKA/03/07/1148,16,5-8,Children,Male,Muslim,Pre-primary,Normal weight,Muganda,Both parents alive,high socioecnomic status,No,Yes,Stage 3,Was not a premature at birth,Yes,severe stress,controls,356,Possibly immune compromised,33596,Unsuppressed,1.395529898,.830356498,.56517339,Decreased,12/12,LL,LA/LG,A:G,A:A,C:T,G:G,G:G,G:G,T:G,0,0,1,1
CHAKA/03/07/1157,8.3312798,5-8,Children,Female,Muslim,Pre-primary,Underweight,Muganda,Both parents alive,low socio-economic status,No,Yes,Stage 3,Was not a premature at birth,Yes,mild stress,cases,1222,Advanced immune compromised,156,Suppressed,1.316051346,.914602695,.40144864,Decreased,12/12,LL,LA/LA,A:A,A:A,C:C,G:G,T:G,G:A,G:G,0,0,0,0
CHAKA/03/07/1159,13,9-12,Adolescent,Female,Muslim,Pre-primary,Normal weight,Muganda,Both parents alive,high socioecnomic status,No,Yes,Stage 3,Was not a premature at birth,Yes,mild stress,controls,599,Advanced immune compromised,,,1.274933728,.8763585780000001,.39857516,Decreased,12/12,LS,LA/SA,A:A,A:A,T:T,G:G,T:T,G:A,T:G,0,0,0,0
CHAKA/03/07/1170,5.7549624,5-8,Children,Male,Catholic,No formal education,Underweight,Muganda,Both parents alive,high socioecnomic status,No,Yes,Stage 3,Was not a premature at birth,Yes,moderate stress,cases,2424,Advanced immune compromised,0,Undetectable,1.340524354,.647869826,.69265455,Decreased,10/12,LL,LA/LA,A:A,A:A,C:C,G:A,T:G,G:G,T:T,0,0,0,0
CHAKA/03/07/1172,13,13-17,Adolescent,Male,Muslim,Pre-primary,Underweight,Muganda,,low socio-economic status,No,Yes,Stage 3,Was not a premature at birth,Yes,severe stress,cases,634,Advanced immune compromised,,,1.253572755,.566999632,.68657315,Decreased,10/12,LS,LA/SA,A:A,A:A,C:C,G:A,T:G,A:A,G:G,0,0,0,0
CHAKA/03/07/1180,16,13-17,Adolescent,Female,Muslim,Secondary level,Underweight,Muganda,Single parent alive,high socioecnomic status,No,Yes,Stage 2,Was not a premature at birth,Yes,moderate stress,cases,257,Normal CD4 range,7652,Unsuppressed,.112096304,.822371185,-.71027488,Increased,12/12,LL,LA/LG,A:G,A:A,T:T,G:A,T:G,G:A,G:G,0,0,1,1
CHAKA/03/07/1192,9.6974678,9-12,Adolescent,Female,Born Again,Pre-primary,Underweight,Muganda,Both parents dead,low socio-economic status,No,Yes,Stage 2,Was not a premature at birth,Yes,mild stress,cases,1336,Advanced immune compromised,0,Undetectable,1.57081727,.626501689,.94431555,Decreased,12/12,LL,LA/LA,A:A,G:A,?,G:G,T:T,A:A,T:G,0,0,0,0
CHAKA/03/07/1197,13,9-12,Adolescent,Male,Muslim,Pre-primary,Normal weight,Muganda,Both parents dead,low socio-economic status,No,Yes,Stage 3,Was not a premature at birth,Yes,severe stress,cases,334,Normal CD4 range,,,,.743447583,,,,,,,,,,,,,0,0,1,1
CHAKA/03/08/0438,8.3559208,9-12,Adolescent,Male,Muslim,Pre-primary,Underweight,Non-Munganda but Ugandan,Both parents alive,low socio-economic status,No,Yes,Stage 3,Was not a premature at birth,Yes,mild stress,controls,1133,Advanced immune compromised,10,Suppressed,.8184812970000001,1.275950727,-.45746943,Increased,,LL,LA/LA,A:A,A:A,C:T,G:G,T:T,G:A,T:G,0,0,0,0
CHAKA/03/08/1201,10.001369,5-8,Children,Female,Catholic,Pre-primary,Underweight,Muganda,Both parents alive,high socioecnomic status,No,Yes,Stage 2,Was not a premature at birth,I don’t know,severe stress,controls,1046,Advanced immune compromised,0,Undetectable,2.179358667,1.036217006,1.1431416,Decreased,12/12,LL,LA/LG,A:G,A:A,T:T,G:A,G:G,G:A,G:G,1,0,0,1
CHAKA/03/08/1202,11.780972,9-12,Adolescent,Female,Catholic,Pre-primary,Obesity,Muganda,Both parents alive,high socioecnomic status,No,Yes,Stage 3,Was a premature at birth,Yes,mild stress,cases,1187,Advanced immune compromised,0,Undetectable,.300281264,.750296127,-.45001486,Increased,12/12,SS,SA/SA,A:A,A:A,C:T,G:G,T:G,G:G,T:T,0,0,0,0
CHAKA/03/08/1204,5.0458589,9-12,Adolescent,Female,Catholic,Pre-primary,Underweight,Muganda,Both parents alive,low socio-economic status,No,Yes,Stage 2,Was not a premature at birth,No,severe stress,cases,1268,Advanced immune compromised,10,Suppressed,.914129559,.656240448,.25788912,Decreased,12/12,LL,LA/LG,A:G,G:A,C:C,G:G,T:G,G:G,T:T,0,0,0,0
CHAKA/03/08/1206,13,13-17,Adolescent,Female,Catholic,Pre-primary,Normal weight,Muganda,Single parent alive,high socioecnomic status,No,Yes,Stage 3,Was not a premature at birth,I don’t know,severe stress,cases,495,Possibly immune compromised,0,Undetectable,1.711997453,,,,12/12,LL,LA/LG,A:G,G:A,C:T,G:A,G:G,G:A,T:G,0,0,0,0
CHAKA/03/08/1207,9.2648869,9-12,Adolescent,Female,Protestant,Pre-primary,Underweight,Muganda,Single parent alive,high socioecnomic status,No,Yes,Stage 2,Was not a premature at birth,Yes,mild stress,controls,1226,Advanced immune compromised,10,Suppressed,1.072164144,,,,10/12,LL,LA/LG,A:G,A:A,T:T,G:G,G:G,G:G,T:T,0,0,0,0
CHAKA/03/08/1208,8.9527721,5-8,Children,Male,Catholic,Pre-primary,Underweight,Non-Munganda but Ugandan,Both parents alive,low socio-economic status,No,Yes,Stage 3,Was not a premature at birth,Yes,moderate stress,cases,14,Normal CD4 range,71247,Unsuppressed,2.085193945,.723907437,1.3612865,Decreased,10/12,LL,LG/LG,G:G,A:A,C:C,G:G,T:G,G:G,G:G,0,0,0,0
CHAKA/03/08/1209,7.0773444,5-8,Children,Male,Muslim,Pre-primary,Underweight,Muganda,Both parents alive,low socio-economic status,No,Yes,Stage 2,Was not a premature at birth,Yes,mild stress,cases,936,Advanced immune compromised,0,Undetectable,.82082638,.791958654,.028867725,Decreased,10/12,LS,LA/SA,A:A,A:A,T:T,G:G,T:T,A:A,T:T,0,0,0,0
CHAKA/03/08/1212,,5-8,Children,Male,Catholic,Pre-primary,Underweight,Non-Munganda but Ugandan,Single parent alive,high socioecnomic status,No,Yes,Stage 3,Was not a premature at birth,Yes,severe stress,cases,776,Advanced immune compromised,0,Undetectable,1.302945269,,,,10/12,LS,LA/SA,A:A,?,C:C,G:G,T:T,G:G,T:G,0,1,1,1
CHAKA/03/08/1215,12,5-8,Children,Female,Catholic,Pre-primary,Underweight,Muganda,Both parents alive,high socioecnomic status,No,Yes,Stage 2,Was not a premature at birth,I don’t know,mild stress,controls,545,Advanced immune compromised,22,Suppressed,.9001124190000001,.897390177,.0027222419,Decreased,12/12,LS,LA/SA,A:A,G:A,T:T,A:A,G:G,G:A,T:G,0,0,0,0
CHAKA/03/08/1216,13,13-17,Adolescent,Male,Catholic,Pre-primary,Underweight,Muganda,Both parents dead,high socioecnomic status,No,Yes,Stage 2,Was not a premature at birth,Yes,moderate stress,controls,871,Advanced immune compromised,,,1.009358977,,,,12/12,LL,LA/LA,A:A,A:A,C:C,G:G,T:T,G:G,G:G,0,0,0,0
CHAKA/03/08/1220,15,9-12,Adolescent,Female,Catholic,Pre-primary,Normal weight,Muganda,Single parent alive,high socioecnomic status,No,Yes,Stage 3,Was not a premature at birth,Yes,mild stress,controls,135,Normal CD4 range,50114,Unsuppressed,.773490228,.785824513,-.012334285,Increased,12/12,LL,LA/LA,A:A,G:A,C:C,G:A,T:G,G:A,T:G,0,0,1,1
CHAKA/03/08/1222,10.710472,9-12,Adolescent,Male,Catholic,Pre-primary,Underweight,Muganda,Single parent alive,low socio-economic status,No,Yes,Stage 3,Was not a premature at birth,Yes,moderate stress,cases,1506,Advanced immune compromised,0,Undetectable,1.752135246,.627053266,1.125082,Decreased,12/12,LL,LA/LG,A:G,A:A,C:T,G:G,T:T,G:A,T:G,0,0,0,0
CHAKA/03/08/1223,15,13-17,Adolescent,Male,Muslim,Secondary level,Underweight,Muganda,Both parents dead,low socio-economic status,No,Yes,Stage 3,Was not a premature at birth,Yes,moderate stress,controls,325,Normal CD4 range,231510,Unsuppressed,1.146745952,1.041182004,.10556395,Decreased,12/12,LS,LA/SA,A:A,A:A,C:C,G:G,T:G,G:G,T:G,0,0,0,0
CHAKA/03/08/1225,14,13-17,Adolescent,Female,Protestant,Pre-primary,Normal weight,Muganda,Both parents alive,low socio-economic status,No,Yes,Stage 2,Was not a premature at birth,No,moderate stress,cases,1108,Advanced immune compromised,0,Undetectable,1.0682467,,,,10/12,LL,LA/LG,A:G,A:A,C:C,A:A,G:G,G:A,T:G,1,0,1,1
CHAKA/03/08/1226,,13-17,Adolescent,Female,Catholic,Pre-primary,Underweight,Muganda,Single parent alive,high socioecnomic status,No,Yes,Stage 2,Was not a premature at birth,Yes,mild stress,cases,1069,Advanced immune compromised,27421,Unsuppressed,1.074698656,.988288561,.086410098,Decreased,12/12,LS,SA/LG,A:G,A:A,C:C,G:A,G:G,G:A,G:G,1,0,0,1
CHAKA/03/08/1229,14,13-17,Adolescent,Male,Born Again,Pre-primary,Underweight,Muganda,Single parent alive,low socio-economic status,Yes,Yes,Stage 3,Was not a premature at birth,No,severe stress,controls,443,Possibly immune compromised,74138,Unsuppressed,.692112669,,,,12/12,LL,LA/LA,A:A,A:A,C:C,G:G,T:G,G:G,T:G,0,0,0,0
CHAKA/03/08/1232,10.442163,9-12,Adolescent,Female,Catholic,Pre-primary,Underweight,Muganda,Single parent alive,low socio-economic status,No,Yes,Stage 3,Was not a premature at birth,Yes,mild stress,controls,1220,Advanced immune compromised,101,Suppressed,1.373414876,.752823146,.62059176,Decreased,12/12,LS,SA/LG,A:G,A:A,C:T,G:G,T:G,G:A,T:T,0,1,0,1
CHAKA/03/08/1233,12,5-8,Children,Female,Protestant,Pre-primary,Normal weight,Muganda,Both parents alive,low socio-economic status,No,Yes,Stage 3,Was not a premature at birth,Yes,severe stress,controls,1094,Advanced immune compromised,0,Undetectable,1.243875443,.859575655,.38429978,Decreased,10/12,SS,SA/SA,A:A,A:A,C:T,G:A,T:G,A:A,T:G,0,0,0,0
CHAKA/03/08/1234,13,13-17,Adolescent,Female,Catholic,Pre-primary,Underweight,Non-Munganda but Ugandan,Both parents alive,low socio-economic status,No,Yes,Stage 3,Was not a premature at birth,Yes,severe stress,controls,856,Advanced immune compromised,,,.930442702,.853965112,.076477587,Decreased,10/12,LL,LA/LA,A:A,A:A,C:T,G:G,T:T,G:A,T:T,0,0,1,1
CHAKA/03/08/1235,13,13-17,Adolescent,Male,Catholic,Pre-primary,Underweight,Muganda,Both parents dead,low socio-economic status,No,Yes,Stage 3,Was not a premature at birth,Yes,mild stress,controls,753,Advanced immune compromised,6455,Unsuppressed,1.295112376,1.559040183,-.26392782,Increased,10/10,LL,LA/LG,A:G,?,C:T,G:A,T:G,G:A,T:T,0,0,0,0
CHAKA/03/08/1239,6.198494,5-8,Children,Female,Catholic,Pre-primary,Underweight,Muganda,Both parents alive,low socio-economic status,No,Yes,Stage 2,Was not a premature at birth,Yes,severe stress,cases,692,Advanced immune compromised,4165,Unsuppressed,1.358632822,.825317282,.53331554,Decreased,12/12,LS,SA/LG,A:G,A:A,C:T,G:G,G:G,G:G,T:G,0,0,0,0
CHAKA/03/08/1243,8.2026014,13-17,Adolescent,Male,Muslim,Pre-primary,Underweight,Muganda,Both parents alive,high socioecnomic status,No,Yes,Stage 3,Was not a premature at birth,Yes,mild stress,cases,668,Advanced immune compromised,0,Undetectable,1.612808883,.938519385,.67428952,Decreased,10/12,LL,LA/LA,A:A,A:A,C:T,G:A,G:G,G:A,G:G,0,0,0,0
CHAKA/03/08/1246,5.6618752,5-8,Children,Female,Catholic,Pre-primary,Underweight,Muganda,Both parents alive,high socioecnomic status,No,Yes,Stage 3,Was not a premature at birth,Yes,moderate stress,controls,3354,Advanced immune compromised,6137,Unsuppressed,1.724901061,.74545052,.97945052,Decreased,12/12,LL,LA/LG,A:G,A:A,C:C,G:G,T:T,A:A,T:G,0,1,0,1
CHAKA/03/08/1247,,9-12,Adolescent,Female,Catholic,Pre-primary,Underweight,Muganda,Single parent alive,low socio-economic status,No,Yes,Stage 2,Was not a premature at birth,Yes,severe stress,cases,757,Advanced immune compromised,10,Suppressed,1.377773918,.845814478,.53195941,Decreased,10/12,LL,LA/LG,A:G,G:A,C:T,G:G,G:G,G:G,T:G,0,0,0,0
CHAKA/03/08/1248,,9-12,Adolescent,Female,Catholic,Pre-primary,Underweight,Muganda,Both parents alive,high socioecnomic status,No,Yes,Stage 3,Was not a premature at birth,I don’t know,mild stress,controls,11,Normal CD4 range,27888,Unsuppressed,,,,,12/12,LL,LA/LA,A:A,A:A,C:T,G:A,G:G,G:A,T:G,0,0,0,0
CHAKA/03/08/1250,6.2915812,13-17,Adolescent,Female,Catholic,No formal education,Underweight,Muganda,Both parents alive,high socioecnomic status,No,Yes,Stage 2,Was not a premature at birth,Yes,mild stress,controls,1925,Advanced immune compromised,10,Suppressed,1.145413739,.413682694,.73173106,Decreased,10/12,LS,SA/LG,A:G,A:A,C:T,G:A,T:G,A:A,G:G,0,0,0,0
CHAKA/03/08/1251,8.9719372,5-8,Children,Male,Muslim,Pre-primary,Normal weight,Muganda,Both parents alive,low socio-economic status,No,Yes,Stage 3,Was not a premature at birth,Yes,mild stress,cases,201,Normal CD4 range,79293,Unsuppressed,1.559263188,,,,10/12,LL,LA/LG,A:G,G:A,C:T,G:G,T:T,G:A,T:G,0,0,0,0
CHAKA/03/08/1258,15,5-8,Children,Female,Born Again,Pre-primary,Normal weight,Muganda,Single parent alive,low socio-economic status,No,Yes,Stage 3,Was not a premature at birth,Yes,mild stress,controls,83,Normal CD4 range,123776,Unsuppressed,.773470266,,,,10/12,LS,LA/SA,A:A,G:A,C:C,G:G,T:G,G:G,G:G,0,0,0,0
CHAKA/03/08/1259,15,5-8,Children,Male,Catholic,Pre-primary,Underweight,Muganda,Both parents alive,high socioecnomic status,No,Yes,Stage 3,Was not a premature at birth,Yes,mild stress,controls,473,Possibly immune compromised,61029,Unsuppressed,1.514388438,.999417071,.51497138,Decreased,10/12,LL,LA/LG,A:G,G:A,C:T,G:G,T:T,A:A,G:G,0,0,0,0
CHAKA/03/08/1260,14,5-8,Children,Female,Muslim,Secondary level,Normal weight,Muganda,Both parents alive,high socioecnomic status,No,Yes,Stage 2,Was not a premature at birth,Yes,mild stress,controls,788,Advanced immune compromised,61029,Unsuppressed,1.2584821,.856348003,.40213409,Decreased,10/12,LL,LA/LA,A:A,A:A,C:T,G:A,T:G,G:A,T:G,0,0,1,1
CHAKA/03/08/1263,10.986995,5-8,Children,Male,Catholic,Pre-primary,Underweight,Muganda,Both parents alive,low socio-economic status,No,Yes,Stage 3,Was not a premature at birth,I don’t know,moderate stress,cases,637,Advanced immune compromised,61,Suppressed,1.129188648,.811212657,.317976,Decreased,10/12,LL,LA/LG,A:G,A:A,C:T,G:A,G:G,G:A,G:G,0,0,0,0
CHAKA/03/08/1266,16,5-8,Children,Female,Catholic,Secondary level,Normal weight,Muganda,Single parent alive,high socioecnomic status,No,Yes,Stage 3,Was not a premature at birth,Yes,mild stress,controls,266,Normal CD4 range,102,Suppressed,1.625319315,1.111048964,.51427037,Decreased,12/12,LL,LA/LA,A:A,G:A,C:C,G:A,T:G,G:A,T:G,0,0,1,1
CHAKA/03/08/1269,15,13-17,Adolescent,Female,Born Again,Secondary level,Normal weight,Non-Munganda but Ugandan,Both parents alive,low socio-economic status,No,Yes,Stage 2,Was not a premature at birth,Yes,moderate stress,cases,,,,,,1.091748331,,,,,,,,,,,,,0,0,1,1
CHAKA/03/08/1275,15,13-17,Adolescent,Female,Catholic,Pre-primary,Underweight,Muganda,Single parent alive,high socioecnomic status,No,Yes,Stage 3,Was not a premature at birth,Yes,moderate stress,controls,254,Normal CD4 range,441565,Unsuppressed,1.081800279,.803627947,.27817234,Decreased,10/10,LS,LA/SA,A:A,A:A,C:C,G:G,T:T,A:A,T:G,0,0,1,1
CHAKA/03/08/1282,8.9445581,5-8,Children,Male,Catholic,Pre-primary,Underweight,Muganda,Both parents alive,high socioecnomic status,No,Yes,Stage 2,Was not a premature at birth,Yes,mild stress,controls,1408,Advanced immune compromised,10,Suppressed,.76472863,.667298631,.097429998,Decreased,12/12,LL,LA/LA,A:A,A:A,C:C,G:G,G:G,G:G,T:G,0,0,0,0
CHAKA/03/08/1283,9.4757013,13-17,Adolescent,Female,Catholic,Pre-primary,Underweight,Muganda,Single parent alive,low socio-economic status,No,Yes,Stage 2,Was not a premature at birth,Yes,mild stress,controls,1089,Advanced immune compromised,10,Suppressed,1.439611661,1.117182125,.32242954,Decreased,12/12,LS,LA/SA,A:A,A:A,C:T,G:G,T:T,G:G,G:G,0,0,0,0
CHAKA/03/08/1284,5.4483232,5-8,Children,Female,Catholic,Pre-primary,Underweight,Muganda,Single parent alive,low socio-economic status,No,Yes,Stage 3,Was not a premature at birth,Yes,moderate stress,controls,2071,Advanced immune compromised,10,Suppressed,1.042034807,.597822047,.44421276,Decreased,10/10,LS,SA/LG,A:G,A:A,T:T,G:A,T:G,G:A,T:G,0,0,0,0
CHAKA/03/08/1291,10.658453,9-12,Adolescent,Female,Catholic,Pre-primary,Underweight,Non-Munganda but Ugandan,Both parents alive,low socio-economic status,No,Yes,Stage 3,Was not a premature at birth,Yes,moderate stress,cases,1199,Advanced immune compromised,10,Suppressed,.413076887,.738992714,-.32591581,Increased,12/12,LS,LA/SA,A:A,G:A,C:T,G:G,T:T,A:A,G:G,0,0,0,0
CHAKA/03/08/1294,11.761807,9-12,Adolescent,Male,Catholic,Pre-primary,Underweight,Muganda,Both parents alive,low socio-economic status,No,Yes,Stage 2,Was not a premature at birth,Yes,moderate stress,cases,959,Advanced immune compromised,10,Suppressed,1.963776273,.9114234450000001,1.0523528,Decreased,12/12,LL,LA/LA,A:A,A:A,C:C,G:G,T:G,G:A,G:G,0,0,0,0
CHAKA/03/08/1297,6.0780287,5-8,Children,Female,Protestant,Pre-primary,Underweight,Muganda,Both parents alive,low socio-economic status,No,Yes,Stage 2,Was not a premature at birth,Yes,mild stress,cases,615,Advanced immune compromised,25652,Unsuppressed,1.362030102,,,,,LL,LA/LG,A:G,A:A,C:C,G:A,T:G,G:A,T:G,0,0,0,0
CHAKA/03/08/1298,10.45859,9-12,Adolescent,Male,Born Again,Pre-primary,Underweight,Muganda,Both parents alive,low socio-economic status,No,Yes,Stage 3,Was not a premature at birth,Yes,severe stress,controls,1476,Advanced immune compromised,0,Undetectable,,.762133252,,,,,,,,,,,,,0,0,0,0
CHAKA/03/08/1299,8.5941133,5-8,Children,Female,Born Again,Pre-primary,Underweight,Muganda,Single parent alive,low socio-economic status,No,Yes,Stage 2,Was not a premature at birth,Yes,severe stress,controls,922,Advanced immune compromised,10,Suppressed,1.372456149,1.351443671,.021012478,Decreased,12/12,LL,LA/LG,A:G,?,C:T,G:G,T:G,G:A,T:G,0,0,0,0
CHAKA/03/08/1303,5.2046542,5-8,Children,Female,Catholic,Pre-primary,Underweight,Non-Munganda but Ugandan,Both parents alive,low socio-economic status,No,Yes,Stage 2,Was not a premature at birth,Yes,mild stress,cases,323,Normal CD4 range,765,Suppressed,.105856013,.683225507,-.57736951,Increased,12/12,LL,LA/LG,A:G,A:A,C:C,G:G,T:T,A:A,T:G,0,0,0,0
CHAKA/03/08/1312,12,5-8,Children,Female,Catholic,Pre-primary,Underweight,Muganda,Single parent alive,low socio-economic status,No,Yes,Stage 3,Was not a premature at birth,Yes,moderate stress,controls,442,Possibly immune compromised,,,.713657321,.642063274,.071594045,Decreased,10/12,LL,LG/LG,G:G,G:A,C:T,G:G,T:T,A:A,T:G,0,0,0,0
CHAKA/03/08/1314,11.367557,9-12,Adolescent,Male,Catholic,Pre-primary,Underweight,Muganda,Both parents alive,high socioecnomic status,No,Yes,Stage 2,Was not a premature at birth,Yes,mild stress,controls,1121,Advanced immune compromised,,,,1.01577767,,,10/12,LL,LA/LG,A:G,A:A,C:T,G:G,T:T,A:A,T:G,0,0,0,0
CHAKA/03/08/1316,15,13-17,Adolescent,Female,Catholic,Pre-primary,Normal weight,Muganda,Single parent alive,low socio-economic status,No,Yes,Stage 3,Was not a premature at birth,Yes,mild stress,cases,710,Advanced immune compromised,,,1.686258424,.874855028,.81140339,Decreased,10/12,LS,SA/LG,A:G,A:A,C:T,G:G,G:G,G:G,T:G,0,0,0,0
CHAKA/03/08/1318,,13-17,Adolescent,Female,Protestant,Pre-primary,Underweight,Non-Munganda but Ugandan,Both parents alive,low socio-economic status,No,Yes,Stage 2,Was a premature at birth,Yes,severe stress,controls,1710,Advanced immune compromised,,,.478154967,.715309813,-.23715484,Increased,12/12,LL,LA/LA,A:A,A:A,C:C,G:G,T:T,G:A,T:G,0,0,0,0
CHAKA/03/08/1327,10.532512,9-12,Adolescent,Male,Catholic,Pre-primary,Underweight,Muganda,Both parents alive,low socio-economic status,No,Yes,Stage 3,Was not a premature at birth,Yes,severe stress,controls,962,Advanced immune compromised,25852,Unsuppressed,,1.107407464,,,,,,,,,,,,,0,0,0,0
CHAKA/03/08/1339,6.2642026,9-12,Adolescent,Male,Protestant,Pre-primary,Underweight,Muganda,Both parents alive,low socio-economic status,No,Yes,Stage 2,Was not a premature at birth,Yes,mild stress,controls,177,Normal CD4 range,4165,Unsuppressed,1.662908061,.907115829,.75579226,Decreased,,LL,LA/LG,A:G,?,C:T,G:G,T:G,G:A,T:T,0,0,0,0
CHAKA/03/08/1340,6.5078712,5-8,Children,Female,Born Again,Pre-primary,Underweight,Muganda,Both parents alive,high socioecnomic status,No,Yes,Stage 2,Was not a premature at birth,Yes,severe stress,controls,1278,Advanced immune compromised,0,Undetectable,.991620256,.761554441,.23006581,Decreased,12/12,LL,LA/LA,A:A,A:A,C:C,G:G,G:G,G:G,T:G,0,0,0,0
CHAKA/03/08/1344,5.8097196,5-8,Children,Male,Catholic,Pre-primary,Underweight,Non-Munganda but Ugandan,Single parent alive,low socio-economic status,No,Yes,Stage 2,Was not a premature at birth,Yes,moderate stress,cases,465,Possibly immune compromised,0,Undetectable,.793262507,.760486777,.03277573,Decreased,10/12,LS,SA/LG,A:G,A:A,C:C,G:G,T:G,G:G,T:T,0,0,0,0
CHAKA/04/05/0785,13,13-17,Adolescent,Male,Catholic,Pre-primary,Underweight,Muganda,Single parent alive,high socioecnomic status,No,Yes,Stage 2,Was not a premature at birth,Yes,severe stress,cases,2294,Advanced immune compromised,,,1.263338966,.625738691,.6376003,Decreased,10/12,LS,SA/LG,A:G,A:A,C:T,G:A,G:G,G:G,G:G,0,1,0,1
CHAKA/04/05/0801,14,13-17,Adolescent,Female,Catholic,Secondary level,Underweight,Muganda,Single parent alive,low socio-economic status,No,Yes,Stage 2,Was not a premature at birth,Yes,mild stress,cases,624,Advanced immune compromised,10,Suppressed,1.131487655,,,,10/12,SS,SA/SA,A:A,A:A,T:T,G:A,G:G,G:A,T:G,0,0,1,1
CHAKA/04/06/0961,13.623546,13-17,Adolescent,Male,Catholic,No formal education,Underweight,Muganda,Both parents alive,low socio-economic status,Yes,Yes,Stage 3,Was not a premature at birth,Yes,severe stress,cases,11,Normal CD4 range,15148,Unsuppressed,1.347104956,.9521881,.39491686,Decreased,10/10,LL,LG/LG,G:G,A:A,C:C,G:A,T:G,G:A,T:T,0,0,0,0
CHAKA/04/06/0969,13.894592,13-17,Adolescent,Male,Muslim,Pre-primary,Normal weight,Non-Munganda but Ugandan,Single parent alive,low socio-economic status,No,Yes,Stage 2,Was not a premature at birth,Yes,moderate stress,controls,419,Possibly immune compromised,,,1.287349974,1.484226366,-.19687639,Increased,12/12,LL,LA/LA,A:A,A:A,C:C,G:A,T:G,G:A,T:T,0,0,0,0
CHAKA/04/07/1069,16,13-17,Adolescent,Male,Catholic,Pre-primary,Normal weight,Muganda,Both parents dead,low socio-economic status,Yes,Yes,Stage 2,Was not a premature at birth,Yes,mild stress,cases,296,Normal CD4 range,54430,Unsuppressed,1.518065561,,,,10/12,LL,LA/LA,A:A,A:A,C:C,G:A,T:G,A:A,T:T,0,0,1,1
CHAKA/04/07/1070,17,13-17,Adolescent,Male,Catholic,Pre-primary,Underweight,Muganda,Single parent alive,high socioecnomic status,No,Yes,Stage 2,Was not a premature at birth,Yes,severe stress,cases,836,Advanced immune compromised,0,Undetectable,1.470718161,,,,12/12,LS,LA/SA,A:A,A:A,C:C,G:G,G:G,G:G,T:G,0,0,0,0
CHAKA/04/07/1072,13,13-17,Adolescent,Male,Catholic,Pre-primary,Underweight,Muganda,Single parent alive,high socioecnomic status,No,Yes,Stage 2,Was not a premature at birth,Yes,mild stress,cases,481,Possibly immune compromised,598,Suppressed,.929241595,.759166687,.17007491,Decreased,12/12,LL,LA/LG,A:G,G:A,C:C,G:A,T:G,G:A,T:T,0,0,1,1
CHAKA/04/07/1113,,5-8,Children,Female,Protestant,Pre-primary,Underweight,Muganda,Single parent alive,low socio-economic status,No,Yes,Stage 1,Was not a premature at birth,No,mild stress,controls,1726,Advanced immune compromised,0,Undetectable,2.089457926,.871560115,1.2178978,Decreased,12/12,LL,LA/LA,A:A,A:A,C:T,G:G,T:T,G:A,G:G,0,0,0,0
CHAKA/04/07/1115,12,9-12,Adolescent,Male,Muslim,Pre-primary,Underweight,Muganda,Single parent alive,low socio-economic status,No,Yes,Stage 3,Was not a premature at birth,Yes,severe stress,cases,1486,Advanced immune compromised,,,1.44460098,1.351409829,.093191154,Decreased,12/12,LL,LA/LG,A:G,A:A,C:C,G:A,G:G,G:A,T:T,0,0,0,0
CHAKA/04/07/1139,15,13-17,Adolescent,Male,Catholic,Pre-primary,Normal weight,Muganda,Both parents dead,low socio-economic status,No,No,Stage 3,Was not a premature at birth,Yes,severe stress,controls,239,Normal CD4 range,68222,Unsuppressed,1.037424184,.987577748,.049846437,Decreased,12/12,LL,LA/LA,A:A,G:A,C:T,G:A,T:G,G:A,T:G,1,0,1,1
CHAKA/04/07/1140,,9-12,Adolescent,Male,Catholic,Pre-primary,Underweight,Muganda,Single parent alive,low socio-economic status,No,Yes,Stage 2,Was not a premature at birth,Yes,mild stress,cases,1172,Advanced immune compromised,0,Undetectable,1.202226557,.767575262,.43465129,Decreased,10/12,LL,,,A:A,C:C,G:G,T:T,G:A,G:G,0,0,0,0
CHAKA/04/08/1253,13,13-17,Adolescent,Male,Catholic,Pre-primary,Normal weight,Muganda,Single parent alive,low socio-economic status,No,Yes,Stage 3,Was not a premature at birth,Yes,moderate stress,cases,803,Advanced immune compromised,,,1.206443158,.9683822680000001,.23806089,Decreased,10/12,LS,SA/LG,A:G,G:A,C:C,G:A,G:G,G:A,T:G,0,0,0,0
CHAKA/04/08/1262,14,13-17,Adolescent,Female,Protestant,Pre-primary,Normal weight,Muganda,Single parent alive,low socio-economic status,Yes,Yes,Stage 1,Was not a premature at birth,Yes,moderate stress,controls,861,Advanced immune compromised,0,Undetectable,1.135071665,.673556241,.46151543,Decreased,10/12,LL,LA/LA,A:A,A:A,C:C,G:G,T:T,A:A,T:T,0,0,1,1
CHAKA/05/05/0504,7.2689939,5-8,Children,Male,Muslim,Pre-primary,Underweight,Muganda,Both parents alive,low socio-economic status,No,Yes,Stage 2,Was not a premature at birth,Yes,moderate stress,cases,1330,Advanced immune compromised,0,Undetectable,.687233325,.590068052,.097165272,Decreased,,,,,A:A,T:T,G:G,G:G,G:G,T:G,1,1,0,1
CHAKA/05/05/0505,9.1937027,9-12,Adolescent,Female,Catholic,Pre-primary,Underweight,Muganda,Both parents alive,low socio-economic status,No,Yes,Stage 1,Was not a premature at birth,Yes,severe stress,cases,1167,Advanced immune compromised,0,Undetectable,.754809932,.682888251,.071921684,Decreased,12/12,LS,LA/SA,A:A,A:A,C:T,G:G,T:T,G:G,G:G,0,0,0,0
CHAKA/05/05/0507,6.5708418,5-8,Children,Male,Muslim,Pre-primary,Underweight,Muganda,Both parents alive,low socio-economic status,No,Yes,Stage 1,Was not a premature at birth,Yes,mild stress,cases,790,Advanced immune compromised,10,Suppressed,.63896673,1.852505094,-1.2135384,Increased,10/12,LL,LA/LG,A:G,A:A,T:T,G:G,G:G,G:G,T:G,0,0,0,0
CHAKA/05/05/0514,12,9-12,Adolescent,Male,Catholic,No formal education,Underweight,Muganda,Both parents dead,low socio-economic status,No,Yes,Stage 2,Was not a premature at birth,Yes,mild stress,controls,783,Advanced immune compromised,124413,Unsuppressed,.738704385,.567181909,.17152248,Decreased,12/12,LS,LA/SA,A:A,A:A,C:T,G:G,T:G,G:G,T:T,0,0,0,0
CHAKA/05/05/0518,9.6673508,9-12,Adolescent,Female,Muslim,Pre-primary,Underweight,Muganda,Both parents alive,high socioecnomic status,No,Yes,Stage 2,Was not a premature at birth,Yes,moderate stress,cases,1564,Advanced immune compromised,142,Suppressed,.801839357,,,,12/12,LS,LA/SA,A:A,G:A,T:T,G:G,T:G,G:G,T:T,0,0,0,0
CHAKA/05/05/0519,8.1149893,5-8,Children,Male,Muslim,Pre-primary,Underweight,Muganda,Both parents alive,low socio-economic status,No,Yes,Stage 2,Was not a premature at birth,Yes,mild stress,cases,1136,Advanced immune compromised,10,Suppressed,.480175385,.387431816,.092743568,Decreased,10/12,LS,SA/LG,A:G,A:A,T:T,G:G,T:G,G:G,T:T,0,0,0,0
CHAKA/05/05/0520,5.7878165,5-8,Children,Female,Muslim,Pre-primary,Underweight,Muganda,Single parent alive,low socio-economic status,No,Yes,Stage 1,Was not a premature at birth,Yes,mild stress,controls,448,Possibly immune compromised,0,Undetectable,1.096198202,.714463027,.38173518,Decreased,12/12,LL,LA/LA,A:A,A:A,T:T,G:G,T:G,G:G,G:G,0,0,0,0
CHAKA/05/05/0522,14,13-17,Adolescent,Female,Catholic,Pre-primary,Normal weight,Muganda,Both parents dead,high socioecnomic status,No,Yes,Stage 1,Was not a premature at birth,Yes,moderate stress,cases,849,Advanced immune compromised,10,Suppressed,.951727657,.86145496,.090272695,Decreased,10/12,LL,LA/LA,A:A,G:A,C:T,G:G,T:G,G:A,T:T,1,0,0,1
CHAKA/05/05/0523,6.8364134,9-12,Adolescent,Male,Catholic,Pre-primary,Underweight,Muganda,Both parents alive,high socioecnomic status,No,Yes,Stage 2,Was not a premature at birth,Yes,mild stress,controls,535,Advanced immune compromised,202,Suppressed,.942984006,.849488827,.093495183,Decreased,,LS,LA/SA,A:A,A:A,C:C,G:G,T:T,G:A,T:G,0,0,0,0
CHAKA/05/05/0524,16,13-17,Adolescent,Female,Catholic,Pre-primary,Underweight,Non-Munganda but Ugandan,Single parent alive,low socio-economic status,No,Yes,Stage 2,Was not a premature at birth,Yes,mild stress,controls,700,Advanced immune compromised,0,Undetectable,.117971976,.434536028,-.31656405,Increased,12/12,LS,LA/SA,A:A,A:A,C:C,G:A,G:G,G:A,T:G,0,0,0,0
CHAKA/05/05/0829,14,9-12,Adolescent,Female,Muslim,Pre-primary,Normal weight,Muganda,Both parents alive,high socioecnomic status,No,Yes,Stage 2,Was not a premature at birth,Yes,moderate stress,controls,387,Possibly immune compromised,,,.937745969,.879617305,.058128662,Decreased,12/12,LS,,,A:A,C:C,A:A,G:G,A:A,T:T,0,0,0,0
CHAKA/05/05/0835,11.849419,9-12,Adolescent,Female,Catholic,Pre-primary,Normal weight,Muganda,Both parents alive,low socio-economic status,No,Yes,Stage 2,Was not a premature at birth,Yes,mild stress,controls,687,Advanced immune compromised,0,Undetectable,.351501489,.5773811,-.22587961,Increased,12/12,LL,LA/LA,A:A,G:A,C:T,G:G,T:T,G:G,T:G,0,0,0,0
CHAKA/05/05/0839,11.920603,9-12,Adolescent,Female,Protestant,Pre-primary,Normal weight,Muganda,Single parent alive,high socioecnomic status,No,Yes,Stage 2,Was not a premature at birth,Yes,mild stress,cases,1607,Advanced immune compromised,0,Undetectable,1.358449326,,,,12/12,LS,SA/LG,A:G,A:A,C:C,G:G,T:G,G:G,G:G,0,0,1,1
CHAKA/05/05/0847,5.0458589,5-8,Children,Male,Catholic,Pre-primary,Underweight,Muganda,Single parent alive,low socio-economic status,No,Yes,Stage 3,Was not a premature at birth,Yes,severe stress,cases,1497,Advanced immune compromised,0,Undetectable,,.936869418,,,10/12,LL,LA/LG,A:G,A:A,C:T,G:G,T:G,G:A,G:G,1,0,1,1
CHAKA/05/05/0849,15,13-17,Adolescent,Female,Born Again,Pre-primary,Underweight,Muganda,Single parent alive,low socio-economic status,No,Yes,Stage 2,Was not a premature at birth,Yes,severe stress,cases,931,Advanced immune compromised,,,1.346120147,.842283052,.50383711,Decreased,10/12,LS,LA/SA,A:A,A:A,C:T,G:G,T:T,G:A,T:G,1,1,1,1
CHAKA/05/05/0850,10.075291,9-12,Adolescent,Female,Catholic,Pre-primary,Underweight,Muganda,Both parents alive,high socioecnomic status,No,Yes,Stage 2,Was not a premature at birth,Yes,mild stress,cases,1545,Advanced immune compromised,36,Suppressed,1.015089324,1.558985368,-.54389602,Increased,12/12,LL,LA/LA,A:A,A:A,T:T,G:A,T:G,G:A,T:G,0,0,0,0
CHAKA/05/05/0851,15,13-17,Adolescent,Male,Muslim,Pre-primary,Underweight,Muganda,Single parent alive,high socioecnomic status,No,Yes,Stage 2,Was not a premature at birth,Yes,severe stress,cases,631,Advanced immune compromised,,,,.947328993,,,12/12,LL,LA/LA,A:A,?,C:T,G:A,T:G,G:A,T:G,1,0,0,1
CHAKA/05/05/0852,12,5-8,Children,Female,Muslim,Pre-primary,Underweight,Muganda,Both parents alive,low socio-economic status,No,Yes,Stage 2,Was not a premature at birth,Yes,severe stress,controls,997,Advanced immune compromised,,,.820596172,.674424671,.1461715,Decreased,10/12,LL,LG/LG,G:G,A:A,T:T,G:G,G:G,G:G,G:G,0,1,0,1
CHAKA/05/05/0853,11.110198,9-12,Adolescent,Male,Catholic,Pre-primary,Underweight,Muganda,Both parents alive,low socio-economic status,No,Yes,Stage 2,Was not a premature at birth,Yes,moderate stress,cases,474,Possibly immune compromised,29532,Unsuppressed,1.623709635,.476106319,1.1476033,Decreased,10/12,LL,LA/LG,A:G,G:A,T:T,G:G,T:G,G:A,T:G,0,0,0,0
CHAKA/05/05/0854,6.7378507,5-8,Children,Male,Muslim,Pre-primary,Underweight,Muganda,Both parents alive,high socioecnomic status,No,Yes,Stage 2,Was not a premature at birth,Yes,moderate stress,cases,1351,Advanced immune compromised,12895,Unsuppressed,1.107249672,.8738818270000001,.23336785,Decreased,10/12,LL,LA/LA,A:A,A:A,T:T,G:A,T:G,A:A,G:G,0,0,0,0
CHAKA/05/05/0855,14,13-17,Adolescent,Female,Catholic,Secondary level,Normal weight,Muganda,Both parents alive,high socioecnomic status,No,Yes,Stage 2,Was not a premature at birth,No,severe stress,cases,534,Advanced immune compromised,,,,.897734469,,,12/12,LS,LA/SA,A:A,A:A,C:T,G:A,G:G,G:A,G:G,0,0,0,0
CHAKA/05/05/0856,17,9-12,Adolescent,Female,Catholic,Pre-primary,Underweight,Muganda,Both parents dead,high socioecnomic status,No,Yes,Stage 2,Was not a premature at birth,Yes,moderate stress,controls,470,Possibly immune compromised,,,1.864431042,.701651876,1.1627792,Decreased,10/10,LL,LA/LG,A:G,A:A,C:C,G:G,T:G,G:A,T:G,0,0,0,0
CHAKA/05/05/0859,13,13-17,Adolescent,Male,Catholic,Pre-primary,Underweight,Muganda,Both parents alive,low socio-economic status,No,Yes,Stage 2,Was not a premature at birth,Yes,severe stress,cases,476,Possibly immune compromised,,,.90203779,.768489395,.13354839,Decreased,12/12,LL,LA/LA,A:A,A:A,C:C,G:A,G:G,G:A,T:G,0,0,0,0
CHAKA/05/05/0861,14,13-17,Adolescent,Male,Born Again,Pre-primary,Underweight,Muganda,Both parents dead,high socioecnomic status,No,Yes,Stage 2,Was not a premature at birth,Yes,severe stress,cases,312,Normal CD4 range,,,,,,,12/12,LL,LA/LG,A:G,?,C:C,G:G,0,G:G,T:G,0,1,0,1
CHAKA/05/05/0869,10.045175,9-12,Adolescent,Male,Born Again,Pre-primary,Underweight,Muganda,Both parents dead,low socio-economic status,No,Yes,Stage 3,Was not a premature at birth,Yes,moderate stress,controls,620,Advanced immune compromised,0,Undetectable,.981513373,1.118638707,-.13712533,Increased,10/12,LL,LA/LA,A:A,G:A,T:T,G:A,T:G,G:A,G:G,0,0,0,0
CHAKA/05/05/0872,7.0116358,5-8,Children,Female,Catholic,Pre-primary,Underweight,Muganda,Both parents alive,high socioecnomic status,No,Yes,Stage 2,Was not a premature at birth,Yes,mild stress,cases,1286,Advanced immune compromised,5023,Unsuppressed,1.097371712,.777066646,.32030508,Decreased,12/12,LL,LG/LG,G:G,G:A,C:C,G:G,G:G,G:G,T:G,0,0,0,0
CHAKA/05/05/0875,10.004107,9-12,Adolescent,Female,Catholic,Pre-primary,Underweight,Muganda,Single parent alive,low socio-economic status,No,Yes,Stage 2,Was not a premature at birth,Yes,moderate stress,controls,380,Possibly immune compromised,27678,Unsuppressed,.851776355,.821085396,.030690959,Decreased,10/12,LL,LA/LA,A:A,A:A,C:T,G:A,G:G,G:A,T:G,0,0,0,0
CHAKA/05/05/0876,10.154689,13-17,Adolescent,Male,Protestant,Pre-primary,Underweight,Non-Munganda but Ugandan,Single parent alive,low socio-economic status,No,Yes,Stage 2,Was not a premature at birth,Yes,mild stress,cases,174,Normal CD4 range,16439,Unsuppressed,.855561973,.738605588,.11695638,Decreased,12/12,LL,LA/LA,A:A,G:A,C:C,G:A,G:G,G:A,G:G,0,0,0,0
CHAKA/05/05/0877,8.3367558,5-8,Children,Female,Muslim,Pre-primary,Underweight,Muganda,Both parents alive,low socio-economic status,No,Yes,Stage 2,Was not a premature at birth,Yes,severe stress,cases,1065,Advanced immune compromised,10,Suppressed,1.079523819,.976571329,.10295249,Decreased,12/12,LS,LA/SA,A:A,G:A,C:C,G:A,T:G,A:A,G:G,0,1,0,1
CHAKA/05/05/0880,5.760438,5-8,Children,Female,Catholic,Pre-primary,Underweight,Muganda,Both parents alive,low socio-economic status,No,Yes,Stage 2,Was not a premature at birth,Yes,mild stress,cases,1999,Advanced immune compromised,620,Suppressed,1.255765576,1.10307409,.15269148,Decreased,12/12,LL,LA/LA,A:A,A:A,C:T,G:G,T:G,G:A,G:G,1,0,0,1
CHAKA/05/05/0888,11.646817,9-12,Adolescent,Male,Catholic,Pre-primary,Underweight,Muganda,Both parents alive,high socioecnomic status,No,Yes,Stage 2,Was not a premature at birth,I don’t know,severe stress,cases,934,Advanced immune compromised,93,Suppressed,.646782592,.917720782,-.27093819,Increased,10/12,SS,SA/SA,A:A,A:A,C:T,A:A,G:G,A:A,T:G,0,1,1,1
CHAKA/05/05/0889,11.926078,5-8,Children,Male,Catholic,Pre-primary,Underweight,Muganda,Both parents dead,low socio-economic status,No,Yes,Stage 1,Was not a premature at birth,Yes,mild stress,controls,1218,Advanced immune compromised,1020,Unsuppressed,1.180183634,.882692908,.29749072,Decreased,,LS,LA/SA,A:A,A:A,C:T,G:A,T:G,G:A,G:G,0,0,0,0
CHAKA/05/05/0891,13,13-17,Adolescent,Female,Catholic,Pre-primary,Underweight,Non-Munganda but Ugandan,Single parent alive,low socio-economic status,No,Yes,Stage 2,Was not a premature at birth,I don’t know,mild stress,controls,602,Advanced immune compromised,0,Undetectable,,.954541894,,,,,,,,,,,,,0,0,1,1
CHAKA/05/05/0893,8.3039017,9-12,Adolescent,Male,Catholic,Pre-primary,Underweight,Muganda,Both parents alive,low socio-economic status,No,Yes,Stage 2,Was not a premature at birth,Yes,mild stress,controls,1311,Advanced immune compromised,10,Suppressed,.929006464,.905083639,.023922825,Decreased,12/12,LL,LA/LA,A:A,A:A,C:C,G:G,T:T,G:A,T:G,0,0,0,0
CHAKA/05/05/0894,15,13-17,Adolescent,Female,Muslim,Secondary level,Normal weight,Muganda,Both parents alive,low socio-economic status,No,Yes,Stage 1,Was not a premature at birth,Yes,mild stress,controls,236,Normal CD4 range,336,Suppressed,.577644519,.864261988,-.28661746,Increased,10/10,SS,SA/SA,A:A,A:A,C:C,G:A,T:G,A:A,T:G,0,0,1,1
CHAKA/05/05/0895,10.094456,9-12,Adolescent,Female,Catholic,Pre-primary,Underweight,Muganda,Single parent alive,low socio-economic status,No,Yes,Stage 3,Was not a premature at birth,Yes,moderate stress,controls,567,Advanced immune compromised,0,Undetectable,,.969312793,,,,,,,,,,,,,0,0,0,0
CHAKA/05/05/0900,8.873374,5-8,Children,Female,Catholic,Pre-primary,Underweight,Muganda,Single parent alive,high socioecnomic status,No,Yes,Stage 2,Was not a premature at birth,I don’t know,mild stress,cases,1638,Advanced immune compromised,,,1.021939405,.921229866,.10070954,Decreased,12/12,LL,LA/LG,A:G,G:A,C:T,G:A,T:G,G:A,G:G,0,0,0,0
CHAKA/05/06/0372,14.157427,9-12,Adolescent,Male,Catholic,Pre-primary,,Muganda,Single parent alive,low socio-economic status,No,Yes,Stage 2,Was not a premature at birth,Yes,mild stress,cases,815,Advanced immune compromised,,,1.437193912,.730763976,.70642996,Decreased,,,,,?,?,0,0,0,T:T,0,0,0,0
CHAKA/05/06/0375,7.8548937,5-8,Children,Female,Catholic,Pre-primary,Obesity,Muganda,Both parents alive,high socioecnomic status,No,Yes,Stage 2,Was not a premature at birth,Yes,severe stress,controls,1126,Advanced immune compromised,50417,Unsuppressed,1.345066159,.766283982,.5787822,Decreased,12/12,LL,LA/LG,A:G,A:A,C:C,G:G,T:T,G:A,T:G,0,0,0,0
CHAKA/05/06/0443,,5-8,Children,Female,Catholic,Pre-primary,Underweight,Muganda,Both parents alive,high socioecnomic status,No,Yes,Stage 2,Was not a premature at birth,Yes,mild stress,controls,1180,Advanced immune compromised,4180,Unsuppressed,.904409391,,,,12/12,LL,LG/LG,G:G,G:A,C:C,G:G,G:G,G:G,T:G,0,0,0,0
CHAKA/05/06/0445,10.206708,9-12,Adolescent,Male,Born Again,Pre-primary,Underweight,Muganda,Both parents alive,low socio-economic status,No,Yes,Stage 2,Was not a premature at birth,Yes,moderate stress,cases,960,Advanced immune compromised,130394,Unsuppressed,.763675307,.470533503,.29314181,Decreased,10/12,LL,LA/LA,A:A,G:A,C:T,G:A,T:G,A:A,T:T,0,0,0,0
CHAKA/05/06/0991,13,5-8,Children,Male,Protestant,Pre-primary,Normal weight,Non-Munganda but Ugandan,Single parent alive,low socio-economic status,No,Yes,Stage 2,Was not a premature at birth,Yes,mild stress,controls,1132,Advanced immune compromised,,,1.568619524,1.227898858,.34072065,Decreased,10/12,LS,LA/SA,A:A,A:A,C:C,G:G,T:T,G:A,T:G,0,0,0,0
CHAKA/05/06/0992,14.61191,13-17,Adolescent,Male,Muslim,Secondary level,Underweight,Muganda,Single parent alive,high socioecnomic status,No,Yes,Stage 2,Was not a premature at birth,Yes,moderate stress,controls,165,Normal CD4 range,,,1.509932934,1.004254414,.50567853,Decreased,12/12,LL,LA/LG,A:G,G:A,T:T,G:A,G:G,G:G,T:G,0,0,0,0
CHAKA/05/06/0994,14.694045,9-12,Adolescent,Female,Catholic,Pre-primary,Underweight,Muganda,Single parent alive,high socioecnomic status,No,Yes,Stage 2,Was not a premature at birth,Yes,moderate stress,controls,736,Advanced immune compromised,,,.822719493,1.221273612,-.39855412,Increased,12/12,LL,LA/SA,A:A,A:A,C:T,G:A,T:G,A:A,T:T,0,0,1,1
CHAKA/05/06/0996,6.7241616,13-17,Adolescent,Female,Catholic,Pre-primary,Underweight,Non-Munganda but Ugandan,Single parent alive,low socio-economic status,No,Yes,Stage 2,Was not a premature at birth,Yes,moderate stress,cases,1627,Advanced immune compromised,0,Undetectable,.332611704,,,,12/12,LL,LA/LA,A:A,G:A,C:C,G:G,G:G,G:G,T:G,0,0,0,0
CHAKA/05/06/1003,6.3162217,5-8,Children,Male,Muslim,Pre-primary,Underweight,Muganda,Single parent alive,high socioecnomic status,No,Yes,Stage 2,Was not a premature at birth,Yes,mild stress,controls,434,Possibly immune compromised,28635,Unsuppressed,1.064071685,.627909659,.43616202,Decreased,10/12,LS,SA/LG,A:G,G:A,C:C,G:A,T:G,G:G,T:T,0,0,0,0
CHAKA/05/06/1004,17,9-12,Adolescent,Female,Catholic,Pre-primary,Overweight,Muganda,Single parent alive,high socioecnomic status,No,Yes,Stage 3,Was not a premature at birth,Yes,severe stress,controls,58,Normal CD4 range,,,1.044848639,,,,10/12,LL,LA/LA,A:A,A:A,C:T,G:G,G:G,G:G,T:G,0,0,0,0
CHAKA/05/06/1006,5.0704994,5-8,Children,Female,Protestant,Pre-primary,Underweight,Non-Munganda but Ugandan,Both parents alive,low socio-economic status,No,Yes,Stage 4,Was not a premature at birth,Yes,mild stress,controls,974,Advanced immune compromised,12808,Unsuppressed,.703468412,.617809639,.085658774,Decreased,12/12,LL,LA/LA,A:A,G:A,C:T,G:G,T:G,G:A,T:G,0,0,0,0
CHAKA/05/06/1007,,9-12,Adolescent,Female,Muslim,Pre-primary,Underweight,Muganda,Both parents alive,low socio-economic status,No,Yes,Stage 2,Was not a premature at birth,Yes,mild stress,controls,1358,Advanced immune compromised,0,Undetectable,1.031104492,.583156056,.44794843,Decreased,12/12,LS,LA/SA,A:A,G:A,C:T,G:G,T:G,G:G,T:T,0,0,0,0
CHAKA/05/06/1008,12,5-8,Children,Male,Catholic,Pre-primary,Underweight,Non-Munganda but Ugandan,Both parents alive,high socioecnomic status,No,Yes,Stage 2,Was not a premature at birth,Yes,mild stress,controls,709,Advanced immune compromised,0,Undetectable,.632843234,.633523254,-.00068002002,Increased,12/12,LL,LA/LG,A:G,A:A,C:T,G:G,T:T,G:A,T:T,0,0,1,1
CHAKA/05/06/1009,,9-12,Adolescent,Female,Muslim,Pre-primary,Underweight,Non-Munganda but Ugandan,Both parents alive,low socio-economic status,No,Yes,Stage 2,Was not a premature at birth,Yes,severe stress,controls,893,Advanced immune compromised,27120,Unsuppressed,.8826382860000001,.808472881,.074165404,Decreased,10/12,LL,LA/LA,A:A,A:A,C:T,G:G,T:G,G:G,T:G,0,0,0,0
CHAKA/05/06/1010,9.8809032,5-8,Children,Female,Protestant,Pre-primary,Underweight,Non-Munganda but Ugandan,Both parents alive,high socioecnomic status,No,Yes,Stage 4,Was not a premature at birth,Yes,mild stress,controls,173,Normal CD4 range,10,Suppressed,.963100349,.910201826,.052898522,Decreased,10/12,LS,SA/LG,A:G,A:A,C:T,G:G,T:T,G:A,T:T,0,0,0,0
CHAKA/05/06/1013,5.8343601,5-8,Children,Female,Protestant,Pre-primary,Underweight,Non-Munganda but Ugandan,Both parents alive,low socio-economic status,No,Yes,Stage 2,Was not a premature at birth,Yes,moderate stress,cases,,,,,,1.029607032,,,,,,,,,,,,,0,0,0,0
CHAKA/05/06/1016,8.5667353,5-8,Children,Male,Muslim,Pre-primary,Underweight,Muganda,Single parent alive,low socio-economic status,No,Yes,Stage 2,Was not a premature at birth,Yes,mild stress,controls,962,Advanced immune compromised,44,Suppressed,.577598286,.753532069,-.17593378,Increased,,LL,LA/LG,A:G,?,T:T,G:G,T:G,0,T:G,0,0,0,0
CHAKA/05/06/1032,9.0869265,9-12,Adolescent,Female,Catholic,Pre-primary,Underweight,Muganda,Single parent alive,low socio-economic status,No,Yes,Stage 2,Was not a premature at birth,Yes,mild stress,controls,932,Advanced immune compromised,10,Suppressed,.493778884,,,,12/12,LL,LA/LA,A:A,A:A,C:T,G:G,T:T,G:G,G:G,0,0,0,0
CHAKA/05/06/1034,6.1437373,9-12,Adolescent,Male,Muslim,Pre-primary,Underweight,Non-Munganda but Ugandan,Both parents alive,low socio-economic status,No,Yes,Stage 2,Was not a premature at birth,Yes,mild stress,controls,1979,Advanced immune compromised,10,Suppressed,.68954233,.5409118160000001,.14863051,Decreased,12/12,LS,LA/SA,A:A,A:A,T:T,G:A,T:G,A:A,G:G,0,0,0,0
CHAKA/05/06/1038,8.010951,5-8,Children,Female,Catholic,Pre-primary,Underweight,Non-Munganda but Ugandan,Single parent alive,high socioecnomic status,No,Yes,Stage 3,Was not a premature at birth,Yes,mild stress,cases,116,Normal CD4 range,1170290,Unsuppressed,1.270225356,1.339716474,-.069491118,Increased,10/12,LL,LA/LA,A:A,G:A,C:T,G:A,T:G,G:A,T:T,0,0,0,0
CHAKA/05/06/1039,4.9993157,9-12,Adolescent,Female,Catholic,Pre-primary,Underweight,Muganda,Both parents alive,low socio-economic status,No,Yes,Stage 2,Was not a premature at birth,Yes,mild stress,controls,1516,Advanced immune compromised,5314,Unsuppressed,.994935251,.802960956,.1919743,Decreased,,LS,LA/SA,A:A,G:A,C:T,G:G,T:T,A:A,T:G,0,0,0,0
CHAKA/05/06/1045,15,5-8,Children,Male,Catholic,Secondary level,Overweight,Muganda,Single parent alive,high socioecnomic status,No,Yes,Stage 2,Was not a premature at birth,Yes,mild stress,controls,609,Advanced immune compromised,0,Undetectable,,1.360214267,,,,LS,LA/SA,A:A,A:A,C:C,0,G:G,A:A,T:T,0,0,1,1
CHAKA/05/06/1047,,13-17,Adolescent,Female,Catholic,Pre-primary,Underweight,Muganda,Both parents alive,high socioecnomic status,No,Yes,Stage 2,Was not a premature at birth,Yes,moderate stress,controls,1318,Advanced immune compromised,0,Undetectable,,1.151503329,,,,SS,,,A:A,T:T,G:G,T:T,A:A,T:G,0,0,0,0
CHAKA/05/07/0422,11.315537,9-12,Adolescent,Male,Born Again,Pre-primary,Underweight,Muganda,Both parents alive,high socioecnomic status,No,Yes,Stage 2,Was not a premature at birth,Yes,moderate stress,cases,757,Advanced immune compromised,73681,Unsuppressed,.622648423,,,,12/12,LL,LA/LG,A:G,A:A,C:T,G:G,T:T,G:G,T:G,0,0,0,0
CHAKA/05/07/0424,6.223135,5-8,Children,Female,Catholic,Pre-primary,Underweight,Muganda,Both parents alive,high socioecnomic status,No,Yes,Stage 2,Was not a premature at birth,Yes,moderate stress,controls,404,Possibly immune compromised,71524,Unsuppressed,1.066119332,1.089583569,-.023464236,Increased,10/12,LS,LA/SA,A:A,A:A,C:C,A:A,G:G,A:A,T:T,0,0,0,0
CHAKA/05/07/0426,15,5-8,Children,Female,Catholic,Pre-primary,Underweight,Muganda,Both parents dead,high socioecnomic status,,Yes,Stage 2,Was not a premature at birth,Yes,moderate stress,controls,749,Advanced immune compromised,10,Suppressed,.918554285,.780336972,.13821732,Decreased,,LL,LA/LA,A:A,A:A,C:T,G:G,G:G,G:G,G:G,0,0,1,1
CHAKA/05/07/0428,10.045175,9-12,Adolescent,Male,Catholic,Pre-primary,Underweight,Muganda,Single parent alive,high socioecnomic status,No,Yes,Stage 2,Was not a premature at birth,Yes,moderate stress,cases,1551,Advanced immune compromised,0,Undetectable,1.339829803,.587887166,.75194263,Decreased,10/10,LL,LA/LG,A:G,G:A,T:T,G:G,T:T,G:G,T:T,0,0,0,0
CHAKA/05/07/0429,17,13-17,Adolescent,Female,Muslim,No formal education,Normal weight,Muganda,Single parent alive,high socioecnomic status,Yes,Yes,Stage 2,Was not a premature at birth,Yes,mild stress,cases,317,Normal CD4 range,0,Undetectable,.72511375,1.197766295,-.47265255,Increased,10/12,LL,LA/LG,A:G,A:A,C:T,G:A,T:G,A:A,T:T,0,0,0,0
CHAKA/05/07/0430,10.699521,13-17,Adolescent,Female,Catholic,Pre-primary,Underweight,Muganda,Both parents alive,high socioecnomic status,No,Yes,Stage 2,Was not a premature at birth,Yes,moderate stress,cases,925,Advanced immune compromised,,,1.274726466,.832985581,.44174087,Decreased,,LL,LA/LA,A:A,A:A,C:T,G:A,T:G,A:A,T:T,0,0,0,0
CHAKA/05/07/0431,11.515401,9-12,Adolescent,Female,Catholic,Pre-primary,Underweight,Muganda,Both parents alive,low socio-economic status,No,Yes,Stage 2,Was not a premature at birth,Yes,severe stress,cases,1479,Advanced immune compromised,10,Suppressed,.760509668,.912091952,-.15158229,Increased,10/10,LL,LA/LG,A:G,A:A,C:T,G:G,T:G,G:G,T:G,0,0,0,0
CHAKA/05/07/0432,6.1629024,5-8,Children,Female,Muslim,Pre-primary,Underweight,Muganda,Both parents alive,low socio-economic status,No,Yes,Stage 2,Was not a premature at birth,Yes,severe stress,controls,350,Normal CD4 range,118939,Unsuppressed,.97751342,.973687526,.0038258941,Decreased,12/12,LL,LA/LA,A:A,A:A,T:T,G:G,T:T,G:A,T:G,0,0,0,0
CHAKA/05/07/0433,14,5-8,Children,Male,Born Again,Pre-primary,Underweight,Non-Munganda but Ugandan,Single parent alive,high socioecnomic status,No,Yes,Stage 2,Was not a premature at birth,Yes,severe stress,cases,231,Normal CD4 range,,,1.19410734,1.077436621,.11667072,Decreased,,,,,?,?,0,0,0,G:G,0,0,1,1
CHAKA/05/07/0437,6.6995211,5-8,Children,Male,Catholic,Pre-primary,Underweight,Muganda,Both parents alive,high socioecnomic status,No,Yes,Stage 2,Was not a premature at birth,Yes,mild stress,controls,1617,Advanced immune compromised,,,.723723013,.710823115,.012899898,Decreased,10/12,LL,LA/LG,A:G,A:A,C:T,G:G,T:G,G:G,T:G,0,0,0,0
CHAKA/05/07/1146,16,13-17,Adolescent,Female,Catholic,Pre-primary,Underweight,Muganda,Both parents alive,high socioecnomic status,No,Yes,Stage 3,Was not a premature at birth,Yes,severe stress,controls,1347,Advanced immune compromised,0,Undetectable,1.462753298,.50435889,.95839441,Decreased,10/12,LL,LA/LA,A:A,G:A,C:T,G:G,T:G,G:G,G:G,0,0,0,0
CHAKA/05/07/1147,15,9-12,Adolescent,Female,Born Again,Secondary level,Underweight,Muganda,Single parent alive,low socio-economic status,No,Yes,Stage 3,Was not a premature at birth,Yes,mild stress,controls,571,Advanced immune compromised,82,Suppressed,1.648820022,.865290967,.78352904,Decreased,12/12,LL,LA/LA,A:A,,,,,,,0,0,1,1
CHAKA/05/07/1153,,9-12,Adolescent,Male,Born Again,Pre-primary,Underweight,Muganda,Single parent alive,low socio-economic status,No,Yes,Stage 3,Was not a premature at birth,Yes,mild stress,cases,481,Possibly immune compromised,5283,Unsuppressed,.953292273,1.298916113,-.34562385,Increased,10/12,SS,LA/LA,A:A,A:A,C:T,G:G,T:T,G:A,T:G,0,0,0,0
CHAKA/05/07/1154,,9-12,Adolescent,Female,Muslim,Pre-primary,Underweight,Muganda,Single parent alive,high socioecnomic status,No,Yes,Stage 2,Was not a premature at birth,Yes,mild stress,cases,1495,Advanced immune compromised,170241,Unsuppressed,1.78068223,1.21217517,.56850708,Decreased,10/12,SS,LA/LA,A:A,A:A,C:T,G:G,T:G,G:A,T:G,0,0,0,0
CHAKA/05/07/1155,15,13-17,Adolescent,Female,Catholic,Secondary level,Normal weight,Muganda,Both parents alive,low socio-economic status,No,Yes,Stage 2,Was not a premature at birth,Yes,mild stress,cases,402,Possibly immune compromised,,,1.341390882,1.651020119,-.30962923,Increased,10/12,LS,LA/SG,A:G,A:A,C:C,G:A,T:G,A:A,T:G,0,0,1,1
CHAKA/05/07/1160,,5-8,Children,Female,Protestant,Pre-primary,Underweight,Muganda,Single parent alive,low socio-economic status,No,Yes,Stage 2,Was not a premature at birth,Yes,mild stress,cases,984,Advanced immune compromised,10,Suppressed,1.042070491,.604134353,.43793613,Decreased,10/10,LL,LA/LA,A:A,A:A,C:T,G:A,T:G,A:A,G:G,0,0,0,0
CHAKA/05/07/1161,8.9336071,5-8,Children,Male,Muslim,Pre-primary,Underweight,Muganda,Both parents alive,low socio-economic status,No,Yes,Stage 2,Was not a premature at birth,Yes,moderate stress,cases,1476,Advanced immune compromised,11905,Unsuppressed,.14211937,1.333763314,-1.191644,Increased,10/10,LS,LA/SA,A:A,A:A,C:C,A:A,G:G,G:A,T:G,0,0,0,0
CHAKA/05/07/1162,5.1854892,5-8,Children,Male,Catholic,Pre-primary,Underweight,Non-Munganda but Ugandan,Both parents alive,low socio-economic status,No,Yes,Stage 2,Was not a premature at birth,Yes,severe stress,cases,1686,Advanced immune compromised,0,Undetectable,,,,,12/12,LL,LA/LG,A:G,?,C:C,G:G,T:G,G:A,T:G,0,1,0,1
CHAKA/05/07/1163,16,9-12,Adolescent,Male,Muslim,Secondary level,Normal weight,Muganda,Single parent alive,low socio-economic status,No,Yes,Stage 2,Was not a premature at birth,Yes,mild stress,controls,199,Normal CD4 range,,,,.847172177,,,10/10,LL,LG/LG,G:G,G:A,C:C,G:G,T:G,G:A,T:T,0,0,1,1
CHAKA/05/07/1166,,5-8,Children,Male,Muslim,Pre-primary,Underweight,Muganda,Both parents alive,low socio-economic status,No,Yes,Stage 2,Was a premature at birth,Yes,severe stress,cases,1144,Advanced immune compromised,8666,Unsuppressed,1.058288151,.889916021,.16837212,Decreased,12/12,LL,LA/LG,A:G,G:A,C:T,G:G,T:G,G:A,T:T,0,0,1,1
CHAKA/05/07/1167,5.0814509,13-17,Adolescent,Male,Muslim,Pre-primary,Underweight,Non-Munganda but Ugandan,Both parents alive,low socio-economic status,No,Yes,Stage 2,Was not a premature at birth,Yes,mild stress,cases,1000,Advanced immune compromised,10,Suppressed,1.962959054,.713142628,1.2498164,Decreased,10/12,LL,LG/LG,G:G,A:A,C:T,G:G,T:G,G:A,T:T,0,0,0,0
CHAKA/05/07/1168,17,13-17,Adolescent,Female,Protestant,Secondary level,Overweight,Muganda,Both parents alive,high socioecnomic status,No,Yes,Stage 2,Was not a premature at birth,Yes,moderate stress,cases,1173,Advanced immune compromised,,,1.507123686,.747931262,.75919241,Decreased,12/12,LL,LA/LG,A:G,A:A,C:C,G:G,T:G,G:A,T:G,0,0,1,1
CHAKA/05/07/1169,14,5-8,Children,Female,Catholic,Pre-primary,Normal weight,Muganda,Both parents dead,low socio-economic status,No,Yes,Stage 2,Was not a premature at birth,Yes,moderate stress,controls,1230,Advanced immune compromised,,,1.026938161,.762490806,.26444736,Decreased,12/12,LL,LA/LA,A:A,A:A,C:T,G:A,G:G,G:A,T:G,0,0,1,1
CHAKA/05/07/1174,13,13-17,Adolescent,Male,Catholic,Pre-primary,Underweight,Non-Munganda but Ugandan,Single parent alive,high socioecnomic status,No,Yes,Stage 2,Was not a premature at birth,Yes,moderate stress,cases,573,Advanced immune compromised,10,Suppressed,1.11784436,1.183969714,-.066125356,Increased,12/12,LL,LA/LG,A:G,A:A,C:T,G:G,T:T,G:A,T:G,0,0,0,0
CHAKA/05/07/1175,17,5-8,Children,Male,Muslim,Secondary level,Underweight,Muganda,Single parent alive,high socioecnomic status,No,Yes,Stage 2,Was not a premature at birth,No,mild stress,controls,31,Normal CD4 range,,,.730354944,.717177634,.01317731,Decreased,10/12,LL,LA/LA,A:A,G:A,C:C,G:G,T:G,G:A,T:T,0,0,1,1
CHAKA/05/07/1176,,5-8,Children,Female,Catholic,Pre-primary,Underweight,Muganda,Both parents alive,high socioecnomic status,No,Yes,Stage 2,Was not a premature at birth,Yes,mild stress,cases,1905,Advanced immune compromised,10,Suppressed,1.640167729,1.210648878,.42951885,Decreased,12/12,LL,LA/LG,A:G,G:A,C:T,G:A,T:G,G:A,G:G,0,0,0,0
CHAKA/05/07/1177,15,5-8,Children,Female,Catholic,Pre-primary,Underweight,Muganda,Single parent alive,high socioecnomic status,No,Yes,Stage 2,Was not a premature at birth,Yes,mild stress,controls,1400,Advanced immune compromised,,,1.10484209,.597246508,.5075956,Decreased,10/12,LL,LA/LG,A:G,A:A,C:C,G:G,G:G,G:G,,0,0,0,0
CHAKA/05/07/1182,,5-8,Children,Female,Catholic,Pre-primary,Underweight,Muganda,Both parents alive,low socio-economic status,No,Yes,Stage 2,Was not a premature at birth,Yes,mild stress,cases,2455,Advanced immune compromised,10,Suppressed,1.174757767,1.115893945,.058863822,Decreased,12/12,LL,LA/LG,A:G,A:A,C:C,G:A,T:G,A:A,T:G,0,0,0,0
CHAKA/05/07/1183,5.8042436,9-12,Adolescent,Male,Catholic,Pre-primary,Underweight,Muganda,Both parents alive,high socioecnomic status,No,Yes,Stage 2,Was not a premature at birth,Yes,moderate stress,controls,978,Advanced immune compromised,78,Suppressed,.895513143,.6295087190000001,.26600441,Decreased,10/12,LL,LA/LG,A:G,A:A,C:T,G:G,T:G,G:A,T:G,0,0,0,0
CHAKA/05/07/1184,7.8959618,5-8,Children,Male,Protestant,Pre-primary,Underweight,Muganda,Both parents alive,low socio-economic status,No,Yes,Stage 2,Was not a premature at birth,Yes,mild stress,cases,1105,Advanced immune compromised,64,Suppressed,1.28608548,1.018405491,.26767999,Decreased,12/12,LL,LA/LG,A:G,A:A,C:T,A:A,G:G,G:A,T:G,0,0,0,0
CHAKA/05/07/1185,,5-8,Children,Male,Catholic,Pre-primary,Underweight,Muganda,Single parent alive,high socioecnomic status,No,Yes,Stage 2,Was not a premature at birth,Yes,moderate stress,cases,1037,Advanced immune compromised,188215,Unsuppressed,.991427743,,,,12/12,LL,LA/LA,A:A,A:A,?,G:G,T:G,G:A,T:T,0,0,0,0
CHAKA/05/07/1186,9.9082823,13-17,Adolescent,Female,Catholic,Pre-primary,Underweight,Muganda,Both parents alive,low socio-economic status,No,Yes,Stage 2,Was not a premature at birth,I don’t know,mild stress,controls,804,Advanced immune compromised,1593,Unsuppressed,.800915862,.629844961,.1710709,Decreased,10/10,LS,SA/LG,A:G,G:A,C:T,G:A,T:G,G:A,T:T,0,0,1,1
CHAKA/05/07/1188,7.0143738,5-8,Children,Male,Born Again,Pre-primary,Underweight,Muganda,Single parent alive,high socioecnomic status,No,Yes,Stage 2,Was not a premature at birth,Yes,mild stress,controls,1051,Advanced immune compromised,68,Suppressed,.886944488,.558957168,.32798731,Decreased,,LS,LA/SA,A:A,?,C:T,0,G:G,0,T:G,0,0,0,0
CHAKA/05/07/1190,9.1143055,9-12,Adolescent,Male,Catholic,Pre-primary,Underweight,Muganda,Both parents alive,high socioecnomic status,No,Yes,Stage 2,Was not a premature at birth,Yes,mild stress,controls,1145,Advanced immune compromised,72,Suppressed,1.016765134,.7106004030000001,.30616474,Decreased,10/12,LL,LA/LG,A:G,A:A,C:T,G:A,T:G,G:A,G:G,0,0,0,0
CHAKA/05/07/1191,,5-8,Children,Female,Muslim,Pre-primary,Underweight,Muganda,Single parent alive,high socioecnomic status,No,Yes,Stage 2,Was not a premature at birth,Yes,mild stress,cases,714,Advanced immune compromised,157,Suppressed,.650127935,.577462809,.072665125,Decreased,12/12,LS,LA/SA,A:A,A:A,C:T,G:A,0,A:A,T:G,0,0,0,0
CHAKA/05/07/1194,11.635866,9-12,Adolescent,Male,Muslim,Pre-primary,Underweight,Muganda,Both parents alive,high socioecnomic status,No,Yes,Stage 2,Was not a premature at birth,Yes,mild stress,cases,424,Possibly immune compromised,128109,Unsuppressed,.938147625,.574558967,.36358866,Decreased,12/12,LL,LA/LG,A:G,A:A,C:C,G:A,T:G,A:A,G:G,0,0,0,0
CHAKA/05/07/1195,13,9-12,Adolescent,Male,Catholic,Pre-primary,Overweight,Muganda,Single parent alive,low socio-economic status,No,Yes,Stage 2,Was not a premature at birth,Yes,severe stress,cases,747,Advanced immune compromised,,,,.692318193,,,12/12,LS,LA/SA,A:A,A:A,C:T,G:G,T:T,G:G,G:G,0,1,0,1
CHAKA/05/07/1196,,13-17,Adolescent,Male,Catholic,Pre-primary,Underweight,Muganda,Single parent alive,low socio-economic status,No,Yes,Stage 2,Was not a premature at birth,Yes,severe stress,controls,1752,Advanced immune compromised,10,Suppressed,1.021460184,.929052713,.092407472,Decreased,,LL,LA/LA,A:A,A:A,C:C,G:A,T:G,A:A,T:T,0,0,0,0
CHAKA/05/07/1198,14,13-17,Adolescent,Male,Catholic,Pre-primary,Underweight,Muganda,Single parent alive,high socioecnomic status,No,Yes,Stage 4,Was not a premature at birth,Yes,severe stress,controls,924,Advanced immune compromised,0,Undetectable,,.626933265,,,,,,,,,,,,,1,0,0,1
CHAKA/05/07/1199,7.5838466,5-8,Children,Male,Catholic,Pre-primary,Underweight,Muganda,Both parents alive,high socioecnomic status,No,Yes,Stage 2,Was not a premature at birth,Yes,mild stress,cases,749,Advanced immune compromised,0,Undetectable,,.788697544,,,,,,,,,,,,,0,0,0,0
CHAKA/05/07/1200,13,13-17,Adolescent,Female,Catholic,Pre-primary,Underweight,Muganda,Single parent alive,high socioecnomic status,No,Yes,Stage 4,Was not a premature at birth,Yes,severe stress,controls,839,Advanced immune compromised,89,Suppressed,.6047941570000001,1.017283231,-.41248909,Increased,,LL,LA/LA,A:A,A:A,C:C,G:G,T:T,G:A,T:G,0,0,1,1
CHAKA/05/08/0370,9.1690626,13-17,Adolescent,Male,Catholic,Pre-primary,Underweight,Non-Munganda but Ugandan,Both parents alive,low socio-economic status,No,Yes,Stage 2,Was not a premature at birth,Yes,mild stress,cases,1185,Advanced immune compromised,4106,Unsuppressed,.7702366000000001,.614077042,.15615956,Decreased,,LL,LA/LA,A:A,A:A,C:C,G:A,T:G,A:A,G:G,0,0,0,0
CHAKA/05/08/0447,5.0266938,13-17,Adolescent,Female,Catholic,Pre-primary,Underweight,Non-Munganda but Ugandan,Both parents alive,high socioecnomic status,No,Yes,Stage 2,Was not a premature at birth,Yes,mild stress,controls,2005,Advanced immune compromised,0,Undetectable,1.265580239,.583396642,.68218362,Decreased,,LL,LA/LA,A:A,A:A,C:T,G:A,T:G,A:A,T:T,0,0,0,0
CHAKA/05/08/1279,,5-8,Children,Male,Muslim,Pre-primary,Underweight,Muganda,Both parents alive,high socioecnomic status,No,Yes,Stage 2,Was not a premature at birth,Yes,mild stress,controls,476,Possibly immune compromised,1279,Unsuppressed,1.605432234,.8271775890000001,.77825463,Decreased,12/12,LS,LA/SA,A:A,A:A,C:T,G:A,T:G,A:A,G:G,0,0,0,0
CHAKA/05/08/1288,6.3326488,5-8,Children,Male,Muslim,Pre-primary,Underweight,Non-Munganda but Ugandan,Single parent alive,low socio-economic status,No,Yes,Stage 2,Was not a premature at birth,Yes,moderate stress,controls,1275,Advanced immune compromised,10,Suppressed,1.402202034,1.207195609,.19500643,Decreased,10/12,LL,LG/LG,G:G,G:A,T:T,G:G,T:T,G:A,G:G,0,0,0,0
CHAKA/05/08/1289,11.370295,9-12,Adolescent,Male,Muslim,Pre-primary,Underweight,Muganda,Both parents alive,high socioecnomic status,No,Yes,Stage 2,Was not a premature at birth,No,mild stress,controls,,,10,Suppressed,1.206252875,1.713417016,-.50716412,Increased,12/12,LL,LA/LG,A:G,A:A,C:T,G:A,T:G,G:A,T:G,0,0,0,0
CHAKA/05/08/1293,15,13-17,Adolescent,Female,Catholic,Pre-primary,Underweight,Muganda,Both parents alive,low socio-economic status,No,Yes,Stage 3,Was not a premature at birth,Yes,severe stress,controls,275,Normal CD4 range,,,1.090725474,.576181567,.51454389,Decreased,10/12,LS,LA/SA,A:A,A:A,C:T,G:G,T:T,G:G,T:T,0,0,0,0
CHAKA/05/08/1301,10.830937,9-12,Adolescent,Male,Muslim,Pre-primary,Underweight,Non-Munganda but Ugandan,Single parent alive,high socioecnomic status,No,Yes,Stage 2,Was not a premature at birth,Yes,mild stress,controls,1227,Advanced immune compromised,0,Undetectable,.636198427,.733982061,-.097783633,Increased,12/12,LS,LA/SA,A:A,G:A,C:T,0,T:G,G:G,T:G,0,0,0,0
CHAKA/05/08/1302,10.370978,9-12,Adolescent,Female,Catholic,Pre-primary,Underweight,Muganda,Both parents alive,low socio-economic status,No,Yes,Stage 2,Was not a premature at birth,Yes,mild stress,cases,1079,Advanced immune compromised,0,Undetectable,,1.123006034,,,12/12,LL,LA/LA,A:A,G:A,C:C,G:A,T:G,G:G,T:G,0,0,0,0
CHAKA/05/08/1306,,5-8,Children,Female,Catholic,Pre-primary,Underweight,Muganda,Single parent alive,low socio-economic status,No,Yes,Stage 2,Was not a premature at birth,Yes,mild stress,cases,1271,Advanced immune compromised,0,Undetectable,.998310622,,,,12/12,LS,LA/SA,A:A,G:A,C:C,G:A,T:G,A:A,T:G,0,0,0,0
CHAKA/05/08/1310,,5-8,Children,Female,Protestant,Pre-primary,Underweight,Non-Munganda but Ugandan,Both parents alive,high socioecnomic status,No,Yes,Stage 2,Was not a premature at birth,Yes,mild stress,cases,1437,Advanced immune compromised,10,Suppressed,1.386513159,.626963405,.75954974,Decreased,12/12,LS,LA/SA,A:A,A:A,C:T,G:G,T:G,G:G,T:T,0,0,0,0
CHAKA/05/08/1319,7.2717319,5-8,Children,Female,Catholic,Pre-primary,Underweight,Muganda,Both parents alive,low socio-economic status,No,Yes,Stage 2,Was not a premature at birth,Yes,severe stress,cases,1163,Advanced immune compromised,0,Undetectable,.391116015,1.457017479,-1.0659015,Increased,10/12,LS,LA/SA,A:A,G:A,C:T,G:A,T:G,G:G,,0,1,0,1
CHAKA/05/08/1321,6.0561261,5-8,Children,Female,Catholic,Pre-primary,Underweight,Muganda,Both parents alive,low socio-economic status,No,Yes,Stage 2,Was not a premature at birth,Yes,mild stress,cases,1066,Advanced immune compromised,10,Suppressed,1.735802079,.81390463,.92189747,Decreased,10/12,LS,LA/SA,A:A,G:A,C:C,G:A,T:G,A:A,T:G,0,0,0,0
CHAKA/05/08/1322,,9-12,Adolescent,Male,SDA,Pre-primary,Underweight,Muganda,Single parent alive,high socioecnomic status,No,Yes,Stage 2,Was not a premature at birth,Yes,mild stress,cases,1191,Advanced immune compromised,10,Suppressed,1.023600489,1.036079998,-.012479509,Increased,10/12,LS,LA/SA,A:A,A:A,C:C,G:G,T:T,G:A,,0,0,0,0
CHAKA/05/08/1323,11.893224,9-12,Adolescent,Male,Catholic,Pre-primary,Underweight,Muganda,Both parents alive,high socioecnomic status,No,Yes,Stage 3,Was not a premature at birth,Yes,mild stress,cases,981,Advanced immune compromised,10,Suppressed,.783283873,.8730734530000001,-.089789577,Increased,10/12,LL,LA/LG,A:G,G:A,C:C,G:G,T:G,G:G,,0,0,0,0
CHAKA/05/08/1326,8.6324434,5-8,Children,Male,Catholic,Pre-primary,Underweight,Muganda,Single parent alive,low socio-economic status,No,Yes,Stage 2,Was not a premature at birth,Yes,moderate stress,cases,1003,Advanced immune compromised,104072,Unsuppressed,1.092114265,.852140695,.23997357,Decreased,12/12,LL,LA/LA,A:A,A:A,C:T,G:A,T:G,G:A,T:G,0,0,0,0
CHAKA/05/08/1333,13,13-17,Adolescent,Female,Protestant,Pre-primary,Underweight,Muganda,Both parents dead,low socio-economic status,No,Yes,Stage 3,Was not a premature at birth,Yes,mild stress,controls,859,Advanced immune compromised,10,Suppressed,,.687615505,,,,,,,,,,,,,0,1,0,1
CHAKA/05/08/1334,6.6940451,5-8,Children,Female,Catholic,Pre-primary,Underweight,Non-Munganda but Ugandan,Both parents alive,low socio-economic status,No,Yes,Stage 2,Was not a premature at birth,Yes,mild stress,controls,1963,Advanced immune compromised,0,Undetectable,1.352531163,.543389806,.80914134,Decreased,10/12,LL,LA/LA,A:A,A:A,C:C,G:A,T:G,A:A,T:G,0,0,0,0
CHAKA/05/08/1341,6.877481,5-8,Children,Female,Catholic,Pre-primary,Underweight,Non-Munganda but Ugandan,Both parents alive,high socioecnomic status,No,Yes,Stage 2,Was not a premature at birth,Yes,mild stress,cases,1257,Advanced immune compromised,,,.920008838,1.059125153,-.13911632,Increased,10/12,LS,LA/SA,A:A,A:A,C:C,G:A,G:G,G:A,T:G,0,0,0,0
CHAKA/05/08/1345,,9-12,Adolescent,Female,Catholic,Pre-primary,Underweight,Muganda,Both parents alive,low socio-economic status,No,Yes,Stage 2,Was not a premature at birth,Yes,mild stress,cases,506,Advanced immune compromised,0,Undetectable,.901998222,.792979697,.10901853,Decreased,10/10,SS,SA/SA,A:A,G:A,C:T,G:G,T:T,G:A,G:G,0,0,0,0
CHAKA/05/08/1346,,9-12,Adolescent,Female,Catholic,Pre-primary,Underweight,Muganda,Both parents alive,high socioecnomic status,No,Yes,Stage 2,Was not a premature at birth,Yes,moderate stress,controls,19,Normal CD4 range,,,1.200401556,.907098126,.29330343,Decreased,,LL,LA/LA,A:A,A:A,C:T,G:G,T:G,G:G,T:T,0,0,0,0
CHAKA/05/08/1350,14,9-12,Adolescent,Male,Muslim,Secondary level,Underweight,Muganda,Both parents alive,low socio-economic status,No,Yes,Stage 3,Was not a premature at birth,Yes,mild stress,cases,288,Normal CD4 range,4234,Unsuppressed,,.871385288,,,,LS,LA/SA,A:A,?,T:T,0,G:G,A:A,T:G,0,0,0,0
CHAKA/08/05/0521,7.978097,5-8,Children,Female,Catholic,Pre-primary,Underweight,Muganda,Both parents alive,high socioecnomic status,No,Yes,Stage 2,Was not a premature at birth,Yes,mild stress,controls,999,Advanced immune compromised,10,Suppressed,.7201597790000001,.723555582,-.003395803,Increased,12/12,LL,LA/LA,A:A,G:A,C:T,G:G,T:T,G:A,G:G,0,0,0,0
