Age,agecatak,AgeCategory,Gender_of_Child,Religion,Childs_Education_Level,BMI_category,childtrib1,orphanhood,Socio_Economic_Status,Child_Takes_ART,Worst_HIV_Stage,Premature_Birth,Born_with_HIV,Stress,GroupCategory,cd4takeoff1,CD4_category,Viralload,Viralload_Category,Baseline_telomere_length,Telomere_length_12Months,tldiff,telomere_length_change,stin2vntr_,httlpr1_polymorphism,HTTLPRrs35531,rs35531_polymorphism,Rs10482605_polymorphism,Rs1360780_polymorphism,rs1386494_polymorphism,rs1843809_polymorphism,rs34517220_polymorphism,rs4570625_polymorphism,IMDs,gadall,mddall,ptsdall
14,5-8,Children,Male,Born Again,Pre-primary,Underweight,Non-Munganda but Ugandan,Single parent alive,high socioecnomic status,Yes,Stage 2,Was not a premature at birth,Yes,severe stress,cases,231,Normal CD4 range,,,1.19410734,1.077436621,0.11667072,Decreased,,,,,,,,,,G:G,1,0,0,1
10.885695,5-8,Children,Male,Catholic,Pre-primary,Underweight,Muganda,Both parents alive,low socio-economic status,Yes,Stage 1,Was not a premature at birth,Yes,mild stress,cases,961,Advanced immune compromised,0,Undetectable,1.360019299,0.71056725,0.64945203,Decreased,,LL,LA/LA,A:A,A:A,C:C,A:A,G:G,A:A,G:G,1,0,0,1
13,5-8,Children,Male,Catholic,Pre-primary,Normal weight,Muganda,Single parent alive,high socioecnomic status,Yes,Stage 2,Was not a premature at birth,Yes,severe stress,controls,646,Advanced immune compromised,52,Suppressed,0.912909332,0.872361163,0.040548168,Decreased,12/12,LS,LA/SA,A:A,G:G,C:T,A:A,G:G,A:A,G:G,0,0,0,0
7.6960983,5-8,Children,Female,Protestant,Pre-primary,Underweight,Muganda,Single parent alive,low socio-economic status,Yes,Stage 3,I don’t know,Yes,severe stress,cases,1207,Advanced immune compromised,10,Suppressed,1.093070528,0.772196388,0.32087415,Decreased,12/12,LS,LA/SA,A:A,A:A,T:T,A:A,G:G,A:A,G:G,1,0,0,1
5.2429843,5-8,Children,Female,Catholic,Pre-primary,Underweight,Non-Munganda but Ugandan,,high socioecnomic status,Yes,Stage 2,Was not a premature at birth,Yes,severe stress,controls,1683,Advanced immune compromised,104,Suppressed,1.682923021,0.914862867,0.76806015,Decreased,12/12,LS,SA/LG,A:G,A:A,C:C,G:A,T:G,A:A,G:G,0,0,0,0
8.3367558,5-8,Children,Female,Muslim,Pre-primary,Underweight,Muganda,Both parents alive,low socio-economic status,Yes,Stage 2,Was not a premature at birth,Yes,severe stress,cases,1065,Advanced immune compromised,10,Suppressed,1.079523819,0.976571329,0.10295249,Decreased,12/12,LS,LA/SA,A:A,G:A,C:C,G:A,T:G,A:A,G:G,1,0,1,0
,5-8,Children,Female,Protestant,Pre-primary,Underweight,Muganda,Single parent alive,low socio-economic status,Yes,Stage 2,Was not a premature at birth,Yes,mild stress,cases,984,Advanced immune compromised,10,Suppressed,1.042070491,0.604134353,0.43793613,Decreased,10/10,LL,LA/LA,A:A,A:A,C:T,G:A,T:G,A:A,G:G,0,0,0,0
6.7542777,5-8,Children,Female,Catholic,Pre-primary,Underweight,Non-Munganda but Ugandan,,low socio-economic status,Yes,Stage 3,Was not a premature at birth,Yes,severe stress,controls,941,Advanced immune compromised,15605,Unsuppressed,1.388831245,0.630227271,0.75860399,Decreased,10/12,LL,LA/LA,A:A,A:A,C:T,G:A,T:G,A:A,G:G,1,0,0,1
10.179329,5-8,Children,Male,Muslim,Pre-primary,Underweight,Muganda,,high socioecnomic status,Yes,Stage 3,Was not a premature at birth,Yes,moderate stress,controls,1280,Advanced immune compromised,1450,Unsuppressed,0.909703788,,,,12/12,LL,LA/LA,A:A,A:A,C:T,G:A,T:G,A:A,G:G,0,0,0,0
7.3702941,5-8,Children,Male,Catholic,Pre-primary,Underweight,Non-Munganda but Ugandan,Both parents alive,low socio-economic status,Yes,Stage 3,Was not a premature at birth,Yes,moderate stress,controls,1006,Advanced immune compromised,35481,Unsuppressed,,0.615599857,,,12/12,LL,LA/LA,A:A,A:A,C:T,G:A,T:G,A:A,G:G,0,0,0,0
,5-8,Children,Male,Muslim,Pre-primary,Underweight,Muganda,Both parents alive,high socioecnomic status,Yes,Stage 2,Was not a premature at birth,Yes,mild stress,controls,476,Possibly immune compromised,1279,Unsuppressed,1.605432234,0.827177589,0.77825463,Decreased,12/12,LS,LA/SA,A:A,A:A,C:T,G:A,T:G,A:A,G:G,0,0,0,0
5.097878,5-8,Children,Female,Muslim,Pre-primary,Underweight,Non-Munganda but Ugandan,Both parents alive,low socio-economic status,Yes,Stage 2,Was not a premature at birth,Yes,severe stress,controls,963,Advanced immune compromised,0,Undetectable,0.558165114,1.253305355,-0.69514024,Increased,12/12,LL,LA/LG,A:G,A:A,C:T,G:A,T:G,A:A,G:G,0,0,0,0
6.7378507,5-8,Children,Male,Muslim,Pre-primary,Underweight,Muganda,Both parents alive,high socioecnomic status,Yes,Stage 2,Was not a premature at birth,Yes,moderate stress,cases,1351,Advanced immune compromised,12895,Unsuppressed,1.107249672,0.873881827,0.23336785,Decreased,10/12,LL,LA/LA,A:A,A:A,T:T,G:A,T:G,A:A,G:G,0,0,0,0
7.0362763,5-8,Children,Male,Catholic,Pre-primary,Underweight,Muganda,Both parents alive,high socioecnomic status,Yes,Stage 3,Was not a premature at birth,Yes,moderate stress,controls,1164,Advanced immune compromised,10,Suppressed,0.98579052,0.854122936,0.13166758,Decreased,12/12,LL,LA/LA,A:A,A:A,C:C,G:G,T:T,A:A,G:G,0,0,0,0
5.3442845,5-8,Children,Male,Catholic,Pre-primary,Underweight,Non-Munganda but Ugandan,Both parents alive,high socioecnomic status,Yes,Stage 2,Was not a premature at birth,Yes,mild stress,controls,753,Advanced immune compromised,10,Suppressed,1.18431249,0.727389474,0.45692301,Decreased,12/12,LL,LA/LG,A:G,A:A,C:C,G:G,T:T,A:A,G:G,0,0,0,0
7.545517,5-8,Children,Male,Catholic,Pre-primary,Underweight,Muganda,Both parents alive,low socio-economic status,No,Stage 2,Was not a premature at birth,Yes,severe stress,cases,883,Advanced immune compromised,0,Undetectable,1.268033494,,,,,LL,,,G:A,C:C,G:G,T:T,A:A,G:G,1,0,1,0
10.757016,5-8,Children,Male,Protestant,Pre-primary,Underweight,Muganda,Both parents alive,high socioecnomic status,Yes,Stage 2,Was not a premature at birth,Yes,mild stress,cases,981,Advanced immune compromised,10,Suppressed,1.226886408,0.874764811,0.35212159,Decreased,12/12,LS,LA/SA,A:A,A:A,C:T,G:G,T:T,A:A,G:G,0,0,0,0
11.189596,5-8,Children,Male,Catholic,Pre-primary,Underweight,Muganda,Both parents alive,high socioecnomic status,Yes,Stage 1,Was not a premature at birth,Yes,severe stress,controls,953,Advanced immune compromised,0,Undetectable,0.966233938,,,,10/12,LL,LA/LG,A:G,A:A,C:T,G:G,T:T,A:A,G:G,1,0,0,1
5.0540724,5-8,Children,Male,Catholic,Pre-primary,Underweight,Muganda,Both parents alive,low socio-economic status,No,Stage 2,Was not a premature at birth,Yes,mild stress,cases,1729,Advanced immune compromised,10,Suppressed,0.807377772,0.682189642,0.12518813,Decreased,10/12,LS,SA/LG,A:G,A:A,C:T,G:G,T:T,A:A,G:G,0,0,0,0
9.6427107,5-8,Children,Female,Catholic,Pre-primary,Underweight,Muganda,Both parents alive,low socio-economic status,Yes,Stage 2,Was not a premature at birth,Yes,mild stress,controls,1318,Advanced immune compromised,0,Undetectable,0.794304151,0.684717201,0.10958695,Decreased,12/12,LL,LA/LA,A:A,G:A,C:T,G:G,T:T,A:A,G:G,0,0,0,0
15,5-8,Children,Male,Catholic,Pre-primary,Underweight,Muganda,Both parents alive,high socioecnomic status,Yes,Stage 3,Was not a premature at birth,Yes,mild stress,controls,473,Possibly immune compromised,61029,Unsuppressed,1.514388438,0.999417071,0.51497138,Decreased,10/12,LL,LA/LG,A:G,G:A,C:T,G:G,T:T,A:A,G:G,0,0,0,0
12,5-8,Children,Female,Catholic,Pre-primary,Underweight,Muganda,Single parent alive,high socioecnomic status,Yes,Stage 3,Was not a premature at birth,Yes,mild stress,controls,1046,Advanced immune compromised,,,1.081925726,,,,10/12,LS,LA/SA,A:A,A:A,T:T,G:G,T:T,A:A,G:G,1,0,0,1
8.6817245,5-8,Children,Female,Born Again,Pre-primary,Underweight,Muganda,Single parent alive,high socioecnomic status,Yes,Stage 1,I don’t know,Yes,mild stress,cases,885,Advanced immune compromised,0,Undetectable,1.180387352,1.532633526,-0.35224617,Increased,10/12,LL,LA/LA,A:A,,C:C,G:A,G:G,G:A,G:G,0,0,0,0
6.3408623,5-8,Children,Female,Muslim,Pre-primary,Underweight,Muganda,Both parents alive,low socio-economic status,Yes,Stage 2,Was not a premature at birth,Yes,moderate stress,controls,807,Advanced immune compromised,206440,Unsuppressed,,0.872144731,,,12/12,LL,LA/LA,A:A,A:A,C:C,G:A,G:G,G:A,G:G,0,0,0,0
6.236824,5-8,Children,Female,Catholic,Pre-primary,Normal weight,Muganda,Both parents alive,high socioecnomic status,Yes,Stage 2,Was not a premature at birth,Yes,mild stress,cases,983,Advanced immune compromised,0,Undetectable,1.304538797,2.096840744,-0.79230195,Increased,12/12,LS,SA/LG,A:G,,C:T,G:A,G:G,G:A,G:G,0,0,0,0
10.986995,5-8,Children,Male,Catholic,Pre-primary,Underweight,Muganda,Both parents alive,low socio-economic status,Yes,Stage 3,Was not a premature at birth,I don’t know,moderate stress,cases,637,Advanced immune compromised,61,Suppressed,1.129188648,0.811212657,0.317976,Decreased,10/12,LL,LA/LG,A:G,A:A,C:T,G:A,G:G,G:A,G:G,0,0,0,0
10.001369,5-8,Children,Female,Catholic,Pre-primary,Underweight,Muganda,Both parents alive,high socioecnomic status,Yes,Stage 2,Was not a premature at birth,I don’t know,severe stress,controls,1046,Advanced immune compromised,0,Undetectable,2.179358667,1.036217006,1.1431416,Decreased,12/12,LL,LA/LG,A:G,A:A,T:T,G:A,G:G,G:A,G:G,1,1,0,0
14,5-8,Children,Female,Catholic,Secondary level,Underweight,Muganda,Single parent alive,high socioecnomic status,Yes,Stage 1,Was not a premature at birth,Yes,mild stress,controls,483,Possibly immune compromised,399,Suppressed,1.06605457,0.822854244,0.24320033,Decreased,10/12,LL,LA/LA,A:A,A:A,C:T,G:A,T:G,G:A,G:G,1,0,0,1
11.926078,5-8,Children,Male,Catholic,Pre-primary,Underweight,Muganda,Both parents dead,low socio-economic status,Yes,Stage 1,Was not a premature at birth,Yes,mild stress,controls,1218,Advanced immune compromised,1020,Unsuppressed,1.180183634,0.882692908,0.29749072,Decreased,,LS,LA/SA,A:A,A:A,C:T,G:A,T:G,G:A,G:G,0,0,0,0
7.7043123,5-8,Children,Female,Catholic,Pre-primary,Underweight,Non-Munganda but Ugandan,Single parent alive,high socioecnomic status,Yes,Stage 2,Was not a premature at birth,Yes,mild stress,controls,853,Advanced immune compromised,10,Suppressed,1.068188014,0.926553924,0.14163409,Decreased,12/12,LL,LA/LG,A:G,G:A,C:T,G:A,T:G,G:A,G:G,0,0,0,0
8.873374,5-8,Children,Female,Catholic,Pre-primary,Underweight,Muganda,Single parent alive,high socioecnomic status,Yes,Stage 2,Was not a premature at birth,I don’t know,mild stress,cases,1638,Advanced immune compromised,,,1.021939405,0.921229866,0.10070954,Decreased,12/12,LL,LA/LG,A:G,G:A,C:T,G:A,T:G,G:A,G:G,0,0,0,0
,5-8,Children,Female,Catholic,Pre-primary,Underweight,Muganda,Both parents alive,high socioecnomic status,Yes,Stage 2,Was not a premature at birth,Yes,mild stress,cases,1905,Advanced immune compromised,10,Suppressed,1.640167729,1.210648878,0.42951885,Decreased,12/12,LL,LA/LG,A:G,G:A,C:T,G:A,T:G,G:A,G:G,0,0,0,0
8.9336071,5-8,Children,Male,Muslim,Pre-primary,Underweight,Muganda,Both parents alive,high socioecnomic status,Yes,Stage 3,Was not a premature at birth,Yes,mild stress,controls,599,Advanced immune compromised,26,Suppressed,1.530304299,0.334023228,1.1962811,Decreased,10/12,LL,LA/LG,A:G,G:A,T:T,G:A,T:G,G:A,G:G,0,0,0,0
8.7529087,5-8,Children,Male,Muslim,Pre-primary,Underweight,Non-Munganda but Ugandan,Single parent alive,high socioecnomic status,No,Stage 1,Was not a premature at birth,Yes,severe stress,cases,927,Advanced immune compromised,13210,Unsuppressed,,0.19117871,,,10/12,LL,LA/LA,A:A,A:A,C:C,G:G,T:G,G:A,G:G,0,0,0,0
6.0670772,5-8,Children,Female,Catholic,Pre-primary,Underweight,Muganda,,low socio-economic status,Yes,Stage 2,Was not a premature at birth,Yes,mild stress,controls,2093,Advanced immune compromised,53,Suppressed,1.601106881,0.74761797,0.85348892,Decreased,12/12,LL,LA/LA,A:A,A:A,C:C,G:G,T:G,G:A,G:G,0,0,0,0
8.3312798,5-8,Children,Female,Muslim,Pre-primary,Underweight,Muganda,Both parents alive,low socio-economic status,Yes,Stage 3,Was not a premature at birth,Yes,mild stress,cases,1222,Advanced immune compromised,156,Suppressed,1.316051346,0.914602695,0.40144864,Decreased,12/12,LL,LA/LA,A:A,A:A,C:C,G:G,T:G,G:A,G:G,0,0,0,0
7.4086242,5-8,Children,Female,Catholic,Pre-primary,Underweight,Muganda,Both parents alive,high socioecnomic status,Yes,Stage 3,Was not a premature at birth,Yes,mild stress,controls,593,Advanced immune compromised,336981,Unsuppressed,,0.882291039,,,12/12,SS,SA/SA,A:A,A:A,C:C,G:G,T:G,G:A,G:G,0,0,0,0
5.0157428,5-8,Children,Male,Catholic,Pre-primary,Underweight,Muganda,Both parents alive,high socioecnomic status,Yes,Stage 1,Was not a premature at birth,Yes,mild stress,cases,2259,Advanced immune compromised,0,Undetectable,1.352015032,0.768633016,0.58338201,Decreased,10/12,LS,LA/SA,A:A,G:A,C:C,G:G,T:G,G:A,G:G,0,0,0,0
5.760438,5-8,Children,Female,Catholic,Pre-primary,Underweight,Muganda,Both parents alive,low socio-economic status,Yes,Stage 2,Was not a premature at birth,Yes,mild stress,cases,1999,Advanced immune compromised,620,Suppressed,1.255765576,1.10307409,0.15269148,Decreased,12/12,LL,LA/LA,A:A,A:A,C:T,G:G,T:G,G:A,G:G,1,1,0,0
5.0458589,5-8,Children,Male,Catholic,Pre-primary,Underweight,Muganda,Single parent alive,low socio-economic status,Yes,Stage 3,Was not a premature at birth,Yes,severe stress,cases,1497,Advanced immune compromised,0,Undetectable,,0.936869418,,,10/12,LL,LA/LG,A:G,A:A,C:T,G:G,T:G,G:A,G:G,1,1,0,1
7.5017114,5-8,Children,Female,Born Again,Pre-primary,Underweight,Non-Munganda but Ugandan,Single parent alive,low socio-economic status,Yes,Stage 2,Was not a premature at birth,Yes,mild stress,controls,1728,Advanced immune compromised,602,Suppressed,1.755904669,0.909651464,0.84625322,Decreased,10/12,LS,SA/LG,A:G,A:A,C:C,G:G,T:T,G:A,G:G,0,0,0,0
8.884326,5-8,Children,Female,Catholic,Pre-primary,Underweight,Non-Munganda but Ugandan,Single parent alive,high socioecnomic status,No,Stage 3,Was not a premature at birth,Yes,moderate stress,controls,767,Advanced immune compromised,2539,Unsuppressed,0.91352168,0.719587908,0.19393377,Decreased,,,,,A:A,C:C,G:G,T:T,G:A,G:G,0,0,0,0
,5-8,Children,Female,Protestant,Pre-primary,Underweight,Muganda,Single parent alive,low socio-economic status,Yes,Stage 1,Was not a premature at birth,No,mild stress,controls,1726,Advanced immune compromised,0,Undetectable,2.089457926,0.871560115,1.2178978,Decreased,12/12,LL,LA/LA,A:A,A:A,C:T,G:G,T:T,G:A,G:G,0,0,0,0
7.978097,5-8,Children,Female,Catholic,Pre-primary,Underweight,Muganda,Both parents alive,high socioecnomic status,Yes,Stage 2,Was not a premature at birth,Yes,mild stress,controls,999,Advanced immune compromised,10,Suppressed,0.720159779,0.723555582,-0.003395803,Increased,12/12,LL,LA/LA,A:A,G:A,C:T,G:G,T:T,G:A,G:G,0,0,0,0
7.4086242,5-8,Children,Male,Muslim,Pre-primary,Underweight,Non-Munganda but Ugandan,Both parents alive,high socioecnomic status,Yes,Stage 4,Was not a premature at birth,Yes,mild stress,cases,850,Advanced immune compromised,10,Suppressed,1.343255539,,,,10/12,LL,LA/LA,A:A,A:A,T:T,G:G,T:T,G:A,G:G,0,0,0,0
6.3326488,5-8,Children,Male,Muslim,Pre-primary,Underweight,Non-Munganda but Ugandan,Single parent alive,low socio-economic status,Yes,Stage 2,Was not a premature at birth,Yes,moderate stress,controls,1275,Advanced immune compromised,10,Suppressed,1.402202034,1.207195609,0.19500643,Decreased,10/12,LL,LG/LG,G:G,G:A,T:T,G:G,T:T,G:A,G:G,0,0,0,0
6.6967831,5-8,Children,Male,Catholic,Pre-primary,Underweight,Muganda,Both parents alive,high socioecnomic status,Yes,Stage 2,Was not a premature at birth,Yes,severe stress,cases,237,Normal CD4 range,286834,Unsuppressed,1.602989813,,,,10/12,LS,LA/SA,A:A,A:A,T:T,G:A,G:G,G:G,G:G,0,0,0,0
15,5-8,Children,Female,Catholic,Secondary level,Normal weight,Muganda,Both parents alive,high socioecnomic status,Yes,Stage 1,I don’t know,Yes,severe stress,cases,496,Possibly immune compromised,,,1.070612323,0.62795663,0.44265568,Decreased,10/12,LS,LA/SA,A:A,A:A,C:C,G:G,G:G,G:G,G:G,0,0,0,0
15,5-8,Children,Female,Catholic,Pre-primary,Underweight,Muganda,Both parents dead,high socioecnomic status,Yes,Stage 2,Was not a premature at birth,Yes,moderate stress,controls,749,Advanced immune compromised,10,Suppressed,0.918554285,0.780336972,0.13821732,Decreased,,LL,LA/LA,A:A,A:A,C:T,G:G,G:G,G:G,G:G,1,0,0,1
5.322382,5-8,Children,Male,Catholic,Pre-primary,Underweight,Muganda,Both parents alive,high socioecnomic status,Yes,Stage 2,Was not a premature at birth,Yes,moderate stress,cases,1401,Advanced immune compromised,21,Suppressed,2.130282147,0.995948652,1.1343335,Decreased,10/12,LL,LA/LG,A:G,A:A,C:T,G:G,G:G,G:G,G:G,0,0,0,0
5.5852156,5-8,Children,Female,Protestant,Pre-primary,Underweight,Muganda,Both parents alive,high socioecnomic status,Yes,Stage 2,Was not a premature at birth,Yes,moderate stress,controls,1813,Advanced immune compromised,0,Undetectable,0.767892597,0.932840806,-0.16494821,Increased,10/12,LL,LA/LA,A:A,G:G,C:T,G:G,G:G,G:G,G:G,0,0,0,0
12,5-8,Children,Female,Muslim,Pre-primary,Underweight,Muganda,Both parents alive,low socio-economic status,Yes,Stage 2,Was not a premature at birth,Yes,severe stress,controls,997,Advanced immune compromised,,,0.820596172,0.674424671,0.1461715,Decreased,10/12,LL,LG/LG,G:G,A:A,T:T,G:G,G:G,G:G,G:G,1,0,1,0
8.4298429,5-8,Children,Male,Muslim,Pre-primary,Underweight,Muganda,Both parents alive,high socioecnomic status,Yes,Stage 3,Was not a premature at birth,Yes,severe stress,controls,635,Advanced immune compromised,73,Suppressed,0.019943151,,,,10/12,LS,LA/SA,A:A,A:A,C:C,G:G,T:G,G:G,G:G,1,0,1,0
8.6050653,5-8,Children,Female,Protestant,Pre-primary,Underweight,Muganda,Both parents alive,high socioecnomic status,Yes,Stage 2,Was not a premature at birth,Yes,severe stress,cases,730,Advanced immune compromised,10,Suppressed,1.715355313,,,,10/12,LS,LA/SA,A:A,A:A,C:C,G:G,T:G,G:G,G:G,1,0,1,0
8.9527721,5-8,Children,Male,Catholic,Pre-primary,Underweight,Non-Munganda but Ugandan,Both parents alive,low socio-economic status,Yes,Stage 3,Was not a premature at birth,Yes,moderate stress,cases,14,Normal CD4 range,71247,Unsuppressed,2.085193945,0.723907437,1.3612865,Decreased,10/12,LL,LG/LG,G:G,A:A,C:C,G:G,T:G,G:G,G:G,0,0,0,0
15,5-8,Children,Female,Born Again,Pre-primary,Normal weight,Muganda,Single parent alive,low socio-economic status,Yes,Stage 3,Was not a premature at birth,Yes,mild stress,controls,83,Normal CD4 range,123776,Unsuppressed,0.773470266,,,,10/12,LS,LA/SA,A:A,G:A,C:C,G:G,T:G,G:G,G:G,0,0,0,0
6.0917182,5-8,Children,Female,Protestant,Pre-primary,Underweight,Muganda,Both parents alive,high socioecnomic status,Yes,Stage 1,Was not a premature at birth,Yes,severe stress,cases,1673,Advanced immune compromised,61,Suppressed,0.162841007,0.406341177,-0.24350017,Increased,10/12,LS,SA/LG,A:G,G:A,C:C,G:G,T:G,G:G,G:G,0,0,0,0
10.417522,5-8,Children,Male,Catholic,Pre-primary,Underweight,Muganda,Single parent alive,low socio-economic status,Yes,Stage 3,Was not a premature at birth,Yes,mild stress,controls,1313,Advanced immune compromised,79,Suppressed,1.440307345,,,,,LL,LA/LG,A:G,A:A,C:T,G:G,T:G,G:G,G:G,0,0,0,0
8.0438061,5-8,Children,Female,Catholic,Pre-primary,Underweight,Muganda,Both parents alive,high socioecnomic status,Yes,Stage 2,Was not a premature at birth,Yes,mild stress,cases,831,Advanced immune compromised,0,Undetectable,,0.839042597,,,12/12,LL,LA/LA,A:A,A:A,T:T,G:G,T:G,G:G,G:G,0,0,0,0
5.7878165,5-8,Children,Female,Muslim,Pre-primary,Underweight,Muganda,Single parent alive,low socio-economic status,Yes,Stage 1,Was not a premature at birth,Yes,mild stress,controls,448,Possibly immune compromised,0,Undetectable,1.096198202,0.714463027,0.38173518,Decreased,12/12,LL,LA/LA,A:A,A:A,T:T,G:G,T:G,G:G,G:G,0,0,0,0
7.9041753,5-8,Children,Male,Muslim,Pre-primary,Underweight,Muganda,Both parents alive,high socioecnomic status,Yes,Stage 2,Was not a premature at birth,Yes,mild stress,cases,76,Normal CD4 range,596152,Unsuppressed,0.70629912,0.685090853,0.021208268,Decreased,12/12,LL,LA/LA,A:A,G:A,T:T,G:G,T:G,G:G,G:G,0,0,0,0
13,5-8,Children,Female,Born Again,Pre-primary,Underweight,Muganda,Single parent alive,low socio-economic status,Yes,Stage 3,Was not a premature at birth,Yes,severe stress,cases,559,Advanced immune compromised,0,Undetectable,0.765697442,0.986895385,-0.22119795,Increased,12/12,SS,SA/SA,A:A,G:G,C:C,G:G,T:T,G:G,G:G,1,0,1,1
6.017796,5-8,Children,Female,Catholic,Pre-primary,Normal weight,Muganda,Both parents alive,high socioecnomic status,Yes,Stage 2,Was not a premature at birth,Yes,moderate stress,cases,2419,Advanced immune compromised,20878,Unsuppressed,1.241978956,0.90534967,0.33662927,Decreased,12/12,LL,LA/LA,A:A,A:A,C:T,G:G,T:T,G:G,G:G,0,0,0,0
9.6071186,5-8,Children,Male,Muslim,Pre-primary,Underweight,Non-Ugandan,Both parents alive,low socio-economic status,Yes,Stage 2,Was not a premature at birth,Yes,severe stress,controls,767,Advanced immune compromised,0,Undetectable,,,,,10/12,LS,SA/LG,A:G,A:A,C:T,G:G,T:T,G:G,G:G,0,0,0,0
7.9698834,5-8,Children,Male,SDA,Pre-primary,Underweight,Muganda,Both parents dead,low socio-economic status,Yes,Stage 2,Was not a premature at birth,Yes,moderate stress,cases,1220,Advanced immune compromised,24,Suppressed,1.526707881,0.696896942,0.82981092,Decreased,10/12,LL,LA/LG,A:G,G:A,T:T,G:G,T:T,G:G,G:G,1,0,0,1
7.0143738,5-8,Children,Male,Born Again,Pre-primary,Underweight,Muganda,Single parent alive,high socioecnomic status,Yes,Stage 2,Was not a premature at birth,Yes,mild stress,controls,1051,Advanced immune compromised,68,Suppressed,0.886944488,0.558957168,0.32798731,Decreased,,LS,LA/SA,A:A,,C:T,,G:G,,T:G,0,0,0,0
8.5667353,5-8,Children,Male,Muslim,Pre-primary,Underweight,Muganda,Single parent alive,low socio-economic status,Yes,Stage 2,Was not a premature at birth,Yes,mild stress,controls,962,Advanced immune compromised,44,Suppressed,0.577598286,0.753532069,-0.17593378,Increased,,LL,LA/LG,A:G,,T:T,G:G,T:G,,T:G,0,0,0,0
,5-8,Children,Female,Muslim,Pre-primary,Underweight,Muganda,Single parent alive,high socioecnomic status,Yes,Stage 2,Was not a premature at birth,Yes,mild stress,cases,714,Advanced immune compromised,157,Suppressed,0.650127935,0.577462809,0.072665125,Decreased,12/12,LS,LA/SA,A:A,A:A,C:T,G:A,,A:A,T:G,0,0,0,0
8.6023273,5-8,Children,Female,Protestant,Pre-primary,Underweight,Muganda,Single parent alive,high socioecnomic status,Yes,Stage 2,Was not a premature at birth,Yes,mild stress,cases,922,Advanced immune compromised,10,Suppressed,1.367111856,1.11740141,0.24971044,Decreased,10/12,LS,SA/LG,A:G,A:A,C:C,A:A,G:G,A:A,T:G,1,0,0,1
6.3928814,5-8,Children,Male,Born Again,Pre-primary,Normal weight,Muganda,Both parents alive,high socioecnomic status,Yes,Stage 1,Was not a premature at birth,Yes,severe stress,cases,870,Advanced immune compromised,0,Undetectable,1.202526134,0.432419019,0.77010709,Decreased,12/12,LL,LA/LA,A:A,,C:C,G:A,T:G,A:A,T:G,0,0,0,0
6.6940451,5-8,Children,Female,Catholic,Pre-primary,Underweight,Non-Munganda but Ugandan,Both parents alive,low socio-economic status,Yes,Stage 2,Was not a premature at birth,Yes,mild stress,controls,1963,Advanced immune compromised,0,Undetectable,1.352531163,0.543389806,0.80914134,Decreased,10/12,LL,LA/LA,A:A,A:A,C:C,G:A,T:G,A:A,T:G,0,0,0,0
16,5-8,Children,Female,Protestant,Secondary level,Normal weight,Muganda,Both parents alive,low socio-economic status,No,Stage 2,Was not a premature at birth,Yes,severe stress,controls,987,Advanced immune compromised,0,Undetectable,1.008114322,0.898216385,0.10989793,Decreased,12/12,LL,LA/LA,A:A,A:A,C:C,G:A,T:G,A:A,T:G,1,1,1,1
6.9924707,5-8,Children,Male,Catholic,Pre-primary,Underweight,Muganda,Both parents alive,high socioecnomic status,Yes,Stage 2,Was not a premature at birth,Yes,moderate stress,cases,2606,Advanced immune compromised,21,Suppressed,1.014012476,0.904354898,0.10965758,Decreased,12/12,LS,LA/SA,A:A,A:A,C:C,G:A,T:G,A:A,T:G,0,0,0,0
7.8302531,5-8,Children,Female,Catholic,Pre-primary,Underweight,Muganda,Single parent alive,low socio-economic status,No,Stage 2,Was not a premature at birth,Yes,mild stress,controls,1269,Advanced immune compromised,0,Undetectable,0.907165667,0.685884923,0.22128074,Decreased,10/12,LL,LA/LG,A:G,A:A,C:C,G:A,T:G,A:A,T:G,0,0,0,0
14,5-8,Children,Female,Muslim,Pre-primary,Underweight,Muganda,Both parents alive,high socioecnomic status,Yes,Stage 3,Was not a premature at birth,Yes,severe stress,controls,608,Advanced immune compromised,,,0.771251821,,,,12/12,LL,LA/LG,A:G,A:A,C:C,G:A,T:G,A:A,T:G,0,0,0,0
,5-8,Children,Female,Catholic,Pre-primary,Underweight,Muganda,Both parents alive,low socio-economic status,Yes,Stage 2,Was not a premature at birth,Yes,mild stress,cases,2455,Advanced immune compromised,10,Suppressed,1.174757767,1.115893945,0.058863822,Decreased,12/12,LL,LA/LG,A:G,A:A,C:C,G:A,T:G,A:A,T:G,0,0,0,0
7.7180014,5-8,Children,Female,Protestant,Pre-primary,Underweight,Muganda,Both parents alive,low socio-economic status,Yes,Stage 2,Was not a premature at birth,Yes,severe stress,cases,1377,Advanced immune compromised,0,Undetectable,1.313696121,,,,12/12,LL,LA/LA,A:A,G:A,C:C,G:A,T:G,A:A,T:G,0,0,0,0
6.0561261,5-8,Children,Female,Catholic,Pre-primary,Underweight,Muganda,Both parents alive,low socio-economic status,Yes,Stage 2,Was not a premature at birth,Yes,mild stress,cases,1066,Advanced immune compromised,10,Suppressed,1.735802079,0.81390463,0.92189747,Decreased,10/12,LS,LA/SA,A:A,G:A,C:C,G:A,T:G,A:A,T:G,0,0,0,0
,5-8,Children,Female,Catholic,Pre-primary,Underweight,Muganda,Single parent alive,low socio-economic status,Yes,Stage 2,Was not a premature at birth,Yes,mild stress,cases,1271,Advanced immune compromised,0,Undetectable,0.998310622,,,,12/12,LS,LA/SA,A:A,G:A,C:C,G:A,T:G,A:A,T:G,0,0,0,0
14,5-8,Children,Male,Catholic,Pre-primary,Underweight,Non-Munganda but Ugandan,Single parent alive,low socio-economic status,Yes,Stage 2,Was not a premature at birth,Yes,severe stress,cases,714,Advanced immune compromised,,,1.092696474,0.952641964,0.14005451,Decreased,12/12,LL,LA/LA,A:A,A:A,C:T,G:A,T:G,A:A,T:G,1,0,0,1
7.6440792,5-8,Children,Male,Catholic,Pre-primary,Underweight,Muganda,Both parents alive,high socioecnomic status,Yes,Stage 2,Was not a premature at birth,Yes,moderate stress,controls,860,Advanced immune compromised,0,Undetectable,0.946219726,0.821001957,0.12521777,Decreased,12/12,LL,LA/LA,A:A,A:A,C:T,G:A,T:G,A:A,T:G,0,0,0,0
12,5-8,Children,Female,Protestant,Pre-primary,Normal weight,Muganda,Both parents alive,low socio-economic status,Yes,Stage 3,Was not a premature at birth,Yes,severe stress,controls,1094,Advanced immune compromised,0,Undetectable,1.243875443,0.859575655,0.38429978,Decreased,10/12,SS,SA/SA,A:A,A:A,C:T,G:A,T:G,A:A,T:G,0,0,0,0
8.457221,5-8,Children,Female,Born Again,Pre-primary,Underweight,Non-Munganda but Ugandan,,low socio-economic status,Yes,Stage 3,Was not a premature at birth,Yes,severe stress,cases,1325,Advanced immune compromised,0,Undetectable,1.627962786,0.848305019,0.77965778,Decreased,10/12,LL,LA/LG,A:G,A:A,C:T,G:A,T:G,A:A,T:G,0,0,0,0
5.5304585,5-8,Children,Male,Protestant,Pre-primary,Underweight,Muganda,Both parents alive,low socio-economic status,Yes,Stage 2,Was not a premature at birth,Yes,severe stress,cases,1944,Advanced immune compromised,0,Undetectable,1.527016005,1.134133911,0.39288211,Decreased,12/12,LL,LG/LG,G:G,A:A,C:T,G:A,T:G,A:A,T:G,0,0,0,0
12.577686,5-8,Children,Male,Catholic,Pre-primary,Underweight,Muganda,Both parents dead,high socioecnomic status,Yes,Stage 3,Was not a premature at birth,Yes,mild stress,cases,791,Advanced immune compromised,13049,Unsuppressed,0.876374176,,,,10/10,LS,LA/SA,A:A,G:A,C:T,G:A,T:G,A:A,T:G,0,0,0,0
5.2183437,5-8,Children,Male,Catholic,Pre-primary,Underweight,Non-Munganda but Ugandan,Both parents alive,high socioecnomic status,Yes,Stage 1,Was not a premature at birth,Yes,moderate stress,cases,1525,Advanced immune compromised,314,Suppressed,1.12833662,,,,10/10,LL,LA/LG,A:G,A:A,T:T,G:A,T:G,A:A,T:G,0,0,0,0
7.8193021,5-8,Children,Female,Muslim,Pre-primary,Underweight,Muganda,Both parents alive,low socio-economic status,Yes,Stage 3,Was not a premature at birth,Yes,moderate stress,cases,849,Advanced immune compromised,21,Suppressed,,0.821022237,,,12/12,LL,LA/LA,A:A,,C:C,G:G,T:T,A:A,T:G,0,0,0,0
7.3264885,5-8,Children,Male,Catholic,Pre-primary,Underweight,Muganda,Both parents alive,low socio-economic status,Yes,Stage 1,Was not a premature at birth,Yes,severe stress,controls,1365,Advanced immune compromised,10,Suppressed,,,,,10/12,SS,SA/SA,A:A,,C:C,G:G,T:T,A:A,T:G,0,0,0,0
8.019165,5-8,Children,Male,Catholic,Pre-primary,Underweight,Muganda,Both parents alive,low socio-economic status,Yes,Stage 2,Was not a premature at birth,Yes,moderate stress,cases,1210,Advanced immune compromised,0,Undetectable,,1.869550866,,,10/12,LL,LA/LG,A:G,,C:C,G:G,T:T,A:A,T:G,0,0,0,0
7.5975361,5-8,Children,Male,Catholic,Pre-primary,Underweight,Muganda,Both parents dead,low socio-economic status,Yes,Stage 3,Was a premature at birth,Yes,moderate stress,controls,802,Advanced immune compromised,0,Undetectable,1.195095442,0.74731809,0.44777736,Decreased,10/12,LL,LA/LA,A:A,A:A,C:C,G:G,T:T,A:A,T:G,0,0,0,0
7.323751,5-8,Children,Male,Protestant,Pre-primary,Underweight,Non-Munganda but Ugandan,Both parents alive,high socioecnomic status,Yes,Stage 3,Was not a premature at birth,Yes,mild stress,controls,193,Normal CD4 range,44216,Unsuppressed,1.441053906,0.837295361,0.60375857,Decreased,12/12,LL,LA/LA,A:A,A:A,C:C,G:G,T:T,A:A,T:G,0,0,0,0
6.4093089,5-8,Children,Male,Protestant,Pre-primary,Underweight,Non-Munganda but Ugandan,Single parent alive,high socioecnomic status,Yes,Stage 3,Was not a premature at birth,Yes,mild stress,controls,1098,Advanced immune compromised,10,Suppressed,1.147269639,0.722971923,0.42429772,Decreased,12/12,SS,SA/SA,A:A,A:A,C:C,G:G,T:T,A:A,T:G,0,0,0,0
5.6618752,5-8,Children,Female,Catholic,Pre-primary,Underweight,Muganda,Both parents alive,high socioecnomic status,Yes,Stage 3,Was not a premature at birth,Yes,moderate stress,controls,3354,Advanced immune compromised,6137,Unsuppressed,1.724901061,0.74545052,0.97945052,Decreased,12/12,LL,LA/LG,A:G,A:A,C:C,G:G,T:T,A:A,T:G,1,0,1,0
5.2046542,5-8,Children,Female,Catholic,Pre-primary,Underweight,Non-Munganda but Ugandan,Both parents alive,low socio-economic status,Yes,Stage 2,Was not a premature at birth,Yes,mild stress,cases,323,Normal CD4 range,765,Suppressed,0.105856013,0.683225507,-0.57736951,Increased,12/12,LL,LA/LG,A:G,A:A,C:C,G:G,T:T,A:A,T:G,0,0,0,0
13,5-8,Children,Female,Catholic,Pre-primary,Underweight,Muganda,Single parent alive,high socioecnomic status,Yes,Stage 1,Was not a premature at birth,Yes,mild stress,cases,771,Advanced immune compromised,,,1.196081556,0.858447075,0.33763447,Decreased,12/12,LL,LA/LA,A:A,A:A,C:T,G:G,T:T,A:A,T:G,0,0,0,0
7.4551678,5-8,Children,Male,Catholic,Pre-primary,Underweight,Muganda,Both parents alive,high socioecnomic status,Yes,Stage 2,Was not a premature at birth,Yes,mild stress,controls,256,Normal CD4 range,847993,Unsuppressed,1.095531495,,,,12/12,LS,LA/SA,A:A,A:A,C:T,G:G,T:T,A:A,T:G,0,0,0,0
7.3018479,5-8,Children,Female,Protestant,Pre-primary,Underweight,Muganda,Both parents alive,high socioecnomic status,Yes,Stage 2,Was not a premature at birth,Yes,moderate stress,cases,785,Advanced immune compromised,25318,Unsuppressed,1.376334667,0.965904722,0.41042995,Decreased,12/12,LL,LA/LG,A:G,A:A,C:T,G:G,T:T,A:A,T:G,0,0,0,0
,5-8,Children,Female,Catholic,Pre-primary,Obesity,Muganda,Single parent alive,high socioecnomic status,Yes,Stage 2,Was not a premature at birth,Yes,moderate stress,controls,891,Advanced immune compromised,10,Suppressed,,0.961037787,,,12/12,LL,LA/LA,A:A,G:A,C:T,G:G,T:T,A:A,T:G,0,0,0,0
5.5003424,5-8,Children,Male,Protestant,Pre-primary,Underweight,Non-Munganda but Ugandan,Single parent alive,high socioecnomic status,Yes,Stage 1,Was not a premature at birth,Yes,moderate stress,cases,1907,Advanced immune compromised,0,Undetectable,0.788007977,,,,12/12,LS,LA/SA,A:A,G:A,C:T,G:G,T:T,A:A,T:G,0,0,0,0
8.1971254,5-8,Children,Male,Protestant,Pre-primary,Underweight,Muganda,Single parent alive,high socioecnomic status,Yes,Stage 2,Was not a premature at birth,No,moderate stress,cases,1064,Advanced immune compromised,0,Undetectable,0.887483846,1.129002627,-0.24151878,Increased,10/12,LS,SA/LG,A:G,G:A,C:T,G:G,T:T,A:A,T:G,0,0,0,0
12,5-8,Children,Female,Catholic,Pre-primary,Underweight,Muganda,Single parent alive,low socio-economic status,Yes,Stage 3,Was not a premature at birth,Yes,moderate stress,controls,442,Possibly immune compromised,,,0.713657321,0.642063274,0.071594045,Decreased,10/12,LL,LG/LG,G:G,G:A,C:T,G:G,T:T,A:A,T:G,0,0,0,0
6.0616016,5-8,Children,Female,Muslim,Pre-primary,Underweight,Muganda,Both parents alive,high socioecnomic status,Yes,Stage 2,Was not a premature at birth,Yes,mild stress,cases,972,Advanced immune compromised,0,Undetectable,1.252386329,1.033779201,0.21860713,Decreased,12/12,LL,LA/LA,A:A,,T:T,G:G,T:T,A:A,T:G,0,0,0,0
8.5284052,5-8,Children,Female,Catholic,Pre-primary,Underweight,Muganda,Both parents alive,low socio-economic status,Yes,Stage 2,Was not a premature at birth,Yes,severe stress,cases,912,Advanced immune compromised,0,Undetectable,,0.901341079,,,12/12,LS,LA/SA,A:A,,T:T,G:G,T:T,A:A,T:G,1,0,0,1
6.5653663,5-8,Children,Male,Muslim,Pre-primary,Underweight,Muganda,Single parent alive,low socio-economic status,Yes,Stage 1,Was not a premature at birth,Yes,severe stress,cases,1459,Advanced immune compromised,25,Suppressed,1.196874834,1.231443193,-0.034568358,Increased,12/12,LS,LA/SA,A:A,A:A,T:T,G:G,T:T,A:A,T:G,0,0,0,0
8.9336071,5-8,Children,Male,Muslim,Pre-primary,Underweight,Muganda,Both parents alive,low socio-economic status,Yes,Stage 2,Was not a premature at birth,Yes,moderate stress,cases,1476,Advanced immune compromised,11905,Unsuppressed,0.14211937,1.333763314,-1.191644,Increased,10/10,LS,LA/SA,A:A,A:A,C:C,A:A,G:G,G:A,T:G,0,0,0,0
7.8959618,5-8,Children,Male,Protestant,Pre-primary,Underweight,Muganda,Both parents alive,low socio-economic status,Yes,Stage 2,Was not a premature at birth,Yes,mild stress,cases,1105,Advanced immune compromised,64,Suppressed,1.28608548,1.018405491,0.26767999,Decreased,12/12,LL,LA/LG,A:G,A:A,C:T,A:A,G:G,G:A,T:G,0,0,0,0
12,5-8,Children,Female,Catholic,Pre-primary,Underweight,Muganda,Both parents alive,high socioecnomic status,Yes,Stage 2,Was not a premature at birth,I don’t know,mild stress,controls,545,Advanced immune compromised,22,Suppressed,0.900112419,0.897390177,0.002722242,Decreased,12/12,LS,LA/SA,A:A,G:A,T:T,A:A,G:G,G:A,T:G,0,0,0,0
8.7173166,5-8,Children,Female,Protestant,Pre-primary,Underweight,Muganda,Single parent alive,high socioecnomic status,Yes,Stage 3,Was not a premature at birth,Yes,mild stress,cases,1022,Advanced immune compromised,10,Suppressed,1.315371088,0.844034937,0.47133616,Decreased,12/12,LL,LA/LA,A:A,A:A,,G:A,G:G,G:A,T:G,0,0,0,0
6.877481,5-8,Children,Female,Catholic,Pre-primary,Underweight,Non-Munganda but Ugandan,Both parents alive,high socioecnomic status,Yes,Stage 2,Was not a premature at birth,Yes,mild stress,cases,1257,Advanced immune compromised,,,0.920008838,1.059125153,-0.13911632,Increased,10/12,LS,LA/SA,A:A,A:A,C:C,G:A,G:G,G:A,T:G,0,0,0,0
6.4804926,5-8,Children,Male,Catholic,Pre-primary,Underweight,Non-Munganda but Ugandan,,low socio-economic status,Yes,Stage 3,Was not a premature at birth,Yes,mild stress,cases,832,Advanced immune compromised,4937,Unsuppressed,1.121994701,,,,12/12,LS,LA/SA,A:A,A:A,C:C,G:A,G:G,G:A,T:G,0,0,0,0
7.4086242,5-8,Children,Female,Catholic,Pre-primary,Underweight,Muganda,Both parents alive,low socio-economic status,No,Stage 2,Was not a premature at birth,Yes,moderate stress,controls,1502,Advanced immune compromised,5392,Unsuppressed,1.65255983,0.835842152,0.81671768,Decreased,10/10,LS,SA/LG,A:G,A:A,C:C,G:A,G:G,G:A,T:G,0,0,0,0
7.761807,5-8,Children,Male,Protestant,Pre-primary,Underweight,Non-Munganda but Ugandan,Both parents dead,low socio-economic status,Yes,Stage 3,Was not a premature at birth,Yes,mild stress,cases,1304,Advanced immune compromised,0,Undetectable,1.230485945,0.770843085,0.45964286,Decreased,10/12,LL,LA/LA,A:A,A:A,C:T,G:A,G:G,G:A,T:G,0,0,0,0
6.2559891,5-8,Children,Female,Catholic,Pre-primary,Underweight,Muganda,Both parents alive,high socioecnomic status,Yes,Stage 3,Was not a premature at birth,Yes,mild stress,controls,1152,Advanced immune compromised,61255,Unsuppressed,0.898326922,0.823912361,0.074414559,Decreased,12/12,LL,LA/LA,A:A,A:A,C:T,G:A,G:G,G:A,T:G,0,0,0,0
14,5-8,Children,Female,Catholic,Pre-primary,Normal weight,Muganda,Both parents dead,low socio-economic status,Yes,Stage 2,Was not a premature at birth,Yes,moderate stress,controls,1230,Advanced immune compromised,,,1.026938161,0.762490806,0.26444736,Decreased,12/12,LL,LA/LA,A:A,A:A,C:T,G:A,G:G,G:A,T:G,1,0,0,1
7.9425054,5-8,Children,Female,Catholic,Pre-primary,Underweight,Muganda,Single parent alive,high socioecnomic status,Yes,Stage 2,Was not a premature at birth,Yes,moderate stress,controls,1314,Advanced immune compromised,0,Undetectable,0.096375372,1.330278239,-1.2339028,Increased,10/10,LL,LA/LG,A:G,A:A,C:T,G:A,G:G,G:A,T:G,0,0,0,0
8.5037642,5-8,Children,Male,Catholic,Pre-primary,Underweight,Muganda,Single parent alive,high socioecnomic status,Yes,Stage 2,Was not a premature at birth,Yes,mild stress,controls,745,Advanced immune compromised,10,Suppressed,1.329941222,1.33274843,-0.002807208,Increased,10/12,LS,SA/LG,A:G,A:A,C:T,G:A,G:G,G:A,T:G,0,0,0,0
5.538672,5-8,Children,Male,Muslim,Pre-primary,Underweight,Non-Munganda but Ugandan,Both parents alive,low socio-economic status,No,Stage 1,Was not a premature at birth,Yes,mild stress,cases,81,Normal CD4 range,1086436,Unsuppressed,1.23958186,1.350959488,-0.11137763,Increased,,LS,LA/LA,A:A,A:A,T:T,G:A,G:G,G:A,T:G,0,0,0,0
7.2032852,5-8,Children,Female,Protestant,Pre-primary,Underweight,Non-Munganda but Ugandan,Both parents alive,low socio-economic status,Yes,Stage 2,Was not a premature at birth,Yes,moderate stress,controls,691,Advanced immune compromised,10,Suppressed,0.142510589,0.739879863,-0.59736925,Increased,10/12,LL,LA/LA,A:A,A:A,C:C,G:A,T:G,G:A,T:G,0,0,0,0
10.480493,5-8,Children,Female,Protestant,Pre-primary,Underweight,Non-Munganda but Ugandan,Both parents alive,high socioecnomic status,Yes,Stage 2,Was not a premature at birth,Yes,mild stress,controls,1492,Advanced immune compromised,0,Undetectable,1.698793178,0.750260413,0.94853276,Decreased,12/12,LL,LA/LA,A:A,A:A,C:C,G:A,T:G,G:A,T:G,0,0,0,0
11.493498,5-8,Children,Male,Born Again,Pre-primary,Underweight,Muganda,Both parents alive,high socioecnomic status,Yes,Stage 1,Was not a premature at birth,Yes,moderate stress,cases,1335,Advanced immune compromised,0,Undetectable,1.26572094,,,,10/10,LL,LA/LG,A:G,A:A,C:C,G:A,T:G,G:A,T:G,0,0,0,0
6.0780287,5-8,Children,Female,Protestant,Pre-primary,Underweight,Muganda,Both parents alive,low socio-economic status,Yes,Stage 2,Was not a premature at birth,Yes,mild stress,cases,615,Advanced immune compromised,25652,Unsuppressed,1.362030102,,,,,LL,LA/LG,A:G,A:A,C:C,G:A,T:G,G:A,T:G,0,0,0,0
10.507872,5-8,Children,Female,Catholic,Pre-primary,Underweight,Muganda,Both parents alive,low socio-economic status,Yes,Stage 2,Was not a premature at birth,Yes,severe stress,controls,1095,Advanced immune compromised,126,Suppressed,0.860981808,0.986738038,-0.12575623,Increased,10/12,LS,SA/LG,A:G,A:A,C:C,G:A,T:G,G:A,T:G,1,0,1,0
16,5-8,Children,Female,Catholic,Secondary level,Normal weight,Muganda,Single parent alive,high socioecnomic status,Yes,Stage 3,Was not a premature at birth,Yes,mild stress,controls,266,Normal CD4 range,102,Suppressed,1.625319315,1.111048964,0.51427037,Decreased,12/12,LL,LA/LA,A:A,G:A,C:C,G:A,T:G,G:A,T:G,1,0,0,1
14,5-8,Children,Female,Muslim,Secondary level,Normal weight,Muganda,Both parents alive,high socioecnomic status,Yes,Stage 2,Was not a premature at birth,Yes,mild stress,controls,788,Advanced immune compromised,61029,Unsuppressed,1.2584821,0.856348003,0.40213409,Decreased,10/12,LL,LA/LA,A:A,A:A,C:T,G:A,T:G,G:A,T:G,1,0,0,1
8.6324434,5-8,Children,Male,Catholic,Pre-primary,Underweight,Muganda,Single parent alive,low socio-economic status,Yes,Stage 2,Was not a premature at birth,Yes,moderate stress,cases,1003,Advanced immune compromised,104072,Unsuppressed,1.092114265,0.852140695,0.23997357,Decreased,12/12,LL,LA/LA,A:A,A:A,C:T,G:A,T:G,G:A,T:G,0,0,0,0
8.7693357,5-8,Children,Female,Catholic,Pre-primary,Underweight,Muganda,Both parents alive,high socioecnomic status,Yes,Stage 3,Was not a premature at birth,Yes,mild stress,controls,85,Normal CD4 range,2621863,Unsuppressed,0.795882776,1.162821759,-0.36693898,Increased,10/12,LL,LA/LG,A:G,A:A,C:T,G:A,T:G,G:A,T:G,0,0,0,0
6.8008213,5-8,Children,Male,Catholic,Pre-primary,Underweight,Non-Munganda but Ugandan,Both parents alive,low socio-economic status,Yes,Stage 1,Was a premature at birth,Yes,severe stress,cases,968,Advanced immune compromised,7568,Unsuppressed,1.295148984,,,,10/12,LL,LA/LA,A:A,G:A,C:T,G:A,T:G,G:A,T:G,1,0,1,0
12,5-8,Children,Male,Protestant,Pre-primary,Underweight,Muganda,Both parents alive,high socioecnomic status,Yes,Stage 2,Was not a premature at birth,Yes,severe stress,cases,1492,Advanced immune compromised,0,Undetectable,1.579414245,1.270843471,0.30857077,Decreased,10/12,LL,LG/LG,G:G,G:A,C:T,G:A,T:G,G:A,T:G,0,0,0,0
5.5934291,5-8,Children,Female,Muslim,Pre-primary,Underweight,Non-Munganda but Ugandan,Single parent alive,low socio-economic status,Yes,Stage 3,Was not a premature at birth,Yes,moderate stress,cases,1294,Advanced immune compromised,64295,Unsuppressed,2.077559917,,,,10/12,LL,LA/LG,A:G,A:A,T:T,G:A,T:G,G:A,T:G,0,0,0,0
7.6358657,5-8,Children,Male,Muslim,Pre-primary,Underweight,Muganda,Both parents alive,low socio-economic status,Yes,Stage 4,Was not a premature at birth,Yes,moderate stress,controls,1568,Advanced immune compromised,0,Undetectable,0.772483953,1.051060792,-0.27857685,Increased,12/12,LL,LA/LG,A:G,A:A,T:T,G:A,T:G,G:A,T:G,0,0,0,0
5.4483232,5-8,Children,Female,Catholic,Pre-primary,Underweight,Muganda,Single parent alive,low socio-economic status,Yes,Stage 3,Was not a premature at birth,Yes,moderate stress,controls,2071,Advanced immune compromised,10,Suppressed,1.042034807,0.597822047,0.44421276,Decreased,10/10,LS,SA/LG,A:G,A:A,T:T,G:A,T:G,G:A,T:G,0,0,0,0
5.1854892,5-8,Children,Male,Catholic,Pre-primary,Underweight,Non-Munganda but Ugandan,Both parents alive,low socio-economic status,Yes,Stage 2,Was not a premature at birth,Yes,severe stress,cases,1686,Advanced immune compromised,0,Undetectable,,,,,12/12,LL,LA/LG,A:G,,C:C,G:G,T:G,G:A,T:G,1,0,1,0
,5-8,Children,Male,Catholic,Pre-primary,Underweight,Non-Munganda but Ugandan,Single parent alive,low socio-economic status,Yes,Stage 3,Was not a premature at birth,Yes,moderate stress,controls,1077,Advanced immune compromised,80,Suppressed,1.051276533,0.903257765,0.14801876,Decreased,10/12,LL,LA/LA,A:A,A:A,C:C,G:G,T:G,G:A,T:G,0,0,0,0
10.050651,5-8,Children,Female,Catholic,Pre-primary,Underweight,Muganda,Both parents alive,high socioecnomic status,Yes,Stage 1,Was not a premature at birth,Yes,moderate stress,controls,861,Advanced immune compromised,290,Suppressed,0.804574372,,,,12/12,LL,LA/LA,A:A,A:A,C:C,G:G,T:G,G:A,T:G,0,0,0,0
11.181382,5-8,Children,Female,Catholic,Pre-primary,Underweight,Muganda,Both parents alive,high socioecnomic status,Yes,Stage 2,Was not a premature at birth,Yes,mild stress,controls,1022,Advanced immune compromised,10,Suppressed,1.003698237,0.725181448,0.2785168,Decreased,12/12,LS,LA/SA,A:A,A:A,C:C,G:G,T:G,G:A,T:G,0,0,0,0
8.5941133,5-8,Children,Female,Born Again,Pre-primary,Underweight,Muganda,Single parent alive,low socio-economic status,Yes,Stage 2,Was not a premature at birth,Yes,severe stress,controls,922,Advanced immune compromised,10,Suppressed,1.372456149,1.351443671,0.021012478,Decreased,12/12,LL,LA/LG,A:G,,C:T,G:G,T:G,G:A,T:G,0,0,0,0
7.2060232,5-8,Children,Male,Protestant,Pre-primary,Underweight,Non-Munganda but Ugandan,Both parents alive,high socioecnomic status,No,Stage 2,Was not a premature at birth,Yes,moderate stress,cases,755,Advanced immune compromised,0,Undetectable,1.216759017,,,,10/12,LS,LA/SA,A:A,A:A,C:T,G:G,T:G,G:A,T:G,0,0,0,0
5.0595484,5-8,Children,Male,Catholic,Pre-primary,Underweight,Muganda,Both parents dead,low socio-economic status,Yes,Stage 2,Was not a premature at birth,Yes,moderate stress,controls,1163,Advanced immune compromised,10,Suppressed,0.716241166,0.586503878,0.12973729,Decreased,10/12,LS,SA/LG,A:G,A:A,C:T,G:G,T:G,G:A,T:G,0,0,0,0
5.0704994,5-8,Children,Female,Protestant,Pre-primary,Underweight,Non-Munganda but Ugandan,Both parents alive,low socio-economic status,Yes,Stage 4,Was not a premature at birth,Yes,mild stress,controls,974,Advanced immune compromised,12808,Unsuppressed,0.703468412,0.617809639,0.085658774,Decreased,12/12,LL,LA/LA,A:A,G:A,C:T,G:G,T:G,G:A,T:G,0,0,0,0
11.854894,5-8,Children,Female,Catholic,Pre-primary,Normal weight,Muganda,Single parent alive,high socioecnomic status,Yes,Stage 1,I don’t know,Yes,mild stress,cases,751,Advanced immune compromised,10,Suppressed,1.141668921,0.632468567,0.50920033,Decreased,12/12,LL,LA/LA,A:A,A:A,T:T,G:G,T:G,G:A,T:G,0,0,0,0
14,5-8,Children,Male,Protestant,Pre-primary,Underweight,Muganda,Both parents alive,low socio-economic status,Yes,Stage 3,Was not a premature at birth,Yes,severe stress,controls,1255,Advanced immune compromised,21,Suppressed,0.899751666,1.152484343,-0.25273266,Increased,12/12,LL,LA/LA,A:A,A:A,C:C,G:G,T:T,G:A,T:G,0,0,0,0
13,5-8,Children,Male,Protestant,Pre-primary,Normal weight,Non-Munganda but Ugandan,Single parent alive,low socio-economic status,Yes,Stage 2,Was not a premature at birth,Yes,mild stress,controls,1132,Advanced immune compromised,,,1.568619524,1.227898858,0.34072065,Decreased,10/12,LS,LA/SA,A:A,A:A,C:C,G:G,T:T,G:A,T:G,0,0,0,0
7.8548937,5-8,Children,Female,Catholic,Pre-primary,Obesity,Muganda,Both parents alive,high socioecnomic status,Yes,Stage 2,Was not a premature at birth,Yes,severe stress,controls,1126,Advanced immune compromised,50417,Unsuppressed,1.345066159,0.766283982,0.5787822,Decreased,12/12,LL,LA/LG,A:G,A:A,C:C,G:G,T:T,G:A,T:G,0,0,0,0
,5-8,Children,Female,Catholic,Pre-primary,Underweight,Muganda,Single parent alive,low socio-economic status,Yes,Stage 3,Was not a premature at birth,Yes,moderate stress,cases,71,Normal CD4 range,14529,Unsuppressed,1.794383827,0.884080787,0.91030306,Decreased,10/12,LL,LA/LA,A:A,,C:T,G:G,T:T,G:A,T:G,0,0,0,0
14,5-8,Children,Female,Muslim,Pre-primary,Normal weight,Non-Munganda but Ugandan,Single parent alive,low socio-economic status,Yes,Stage 2,Was not a premature at birth,Yes,severe stress,controls,919,Advanced immune compromised,,,0.636911279,0.507826196,0.12908508,Decreased,10/12,LL,LA/LA,A:A,A:A,C:T,G:G,T:T,G:A,T:G,1,0,0,1
7.5947981,5-8,Children,Male,Catholic,Pre-primary,Underweight,Non-Munganda but Ugandan,Single parent alive,low socio-economic status,Yes,Stage 2,Was not a premature at birth,Yes,mild stress,controls,1317,Advanced immune compromised,10,Suppressed,1.602920682,,,,12/12,LL,LA/LA,A:A,A:A,C:T,G:G,T:T,G:A,T:G,0,0,0,0
7.5920601,5-8,Children,Female,Catholic,Pre-primary,Underweight,Muganda,,high socioecnomic status,Yes,Stage 2,Was not a premature at birth,Yes,mild stress,controls,791,Advanced immune compromised,0,Undetectable,1.501219806,,,,10/12,SS,SA/SA,A:A,A:A,C:T,G:G,T:T,G:A,T:G,0,0,0,0
7.6030116,5-8,Children,Female,Muslim,Pre-primary,Underweight,Muganda,Both parents alive,high socioecnomic status,Yes,Stage 2,Was not a premature at birth,Yes,mild stress,cases,1673,Advanced immune compromised,0,Undetectable,1.01671087,1.454851119,-0.43814024,Increased,10/10,LS,SA/LG,A:G,A:A,C:T,G:G,T:T,G:A,T:G,0,0,0,0
12,5-8,Children,Female,Catholic,Pre-primary,Normal weight,Muganda,Single parent alive,high socioecnomic status,Yes,Stage 1,Was not a premature at birth,Yes,severe stress,cases,557,Advanced immune compromised,198,Suppressed,1.108354813,,,,10/10,LL,LG/LG,G:G,A:A,C:T,G:G,T:T,G:A,T:G,1,0,0,1
5.1060915,5-8,Children,Female,Catholic,Pre-primary,Underweight,Muganda,Both parents alive,low socio-economic status,Yes,Stage 1,Was not a premature at birth,Yes,mild stress,cases,2500,Advanced immune compromised,10,Suppressed,0.838951415,1.1904937,-0.35154229,Increased,10/12,LS,LA/SA,A:A,G:A,C:T,G:G,T:T,G:A,T:G,0,0,0,0
8.9719372,5-8,Children,Male,Muslim,Pre-primary,Normal weight,Muganda,Both parents alive,low socio-economic status,Yes,Stage 3,Was not a premature at birth,Yes,mild stress,cases,201,Normal CD4 range,79293,Unsuppressed,1.559263188,,,,10/12,LL,LA/LG,A:G,G:A,C:T,G:G,T:T,G:A,T:G,0,0,0,0
5.1115675,5-8,Children,Male,Born Again,No formal education,Normal weight,Muganda,,low socio-economic status,Yes,Stage 2,Was not a premature at birth,Yes,mild stress,controls,2444,Advanced immune compromised,10,Suppressed,0.786383821,,,,12/12,LL,LA/LG,A:G,G:A,C:T,G:G,T:T,G:A,T:G,0,0,0,0
11.578371,5-8,Children,Female,Protestant,Pre-primary,Normal weight,Muganda,Both parents alive,low socio-economic status,Yes,Stage 2,Was not a premature at birth,Yes,moderate stress,controls,1153,Advanced immune compromised,0,Undetectable,1.377347429,,,,12/12,LL,LA/LA,A:A,A:A,T:T,G:G,T:T,G:A,T:G,0,0,0,0
6.1629024,5-8,Children,Female,Muslim,Pre-primary,Underweight,Muganda,Both parents alive,low socio-economic status,Yes,Stage 2,Was not a premature at birth,Yes,severe stress,controls,350,Normal CD4 range,118939,Unsuppressed,0.97751342,0.973687526,0.003825894,Decreased,12/12,LL,LA/LA,A:A,A:A,T:T,G:G,T:T,G:A,T:G,0,0,0,0
10.576318,5-8,Children,Male,Muslim,Pre-primary,Normal weight,Muganda,,high socioecnomic status,Yes,Stage 2,I don’t know,Yes,moderate stress,cases,1062,Advanced immune compromised,0,Undetectable,0.933664215,0.774720281,0.15894394,Decreased,12/12,LS,LA/SA,A:A,A:A,T:T,G:G,T:T,G:A,T:G,0,0,0,0
8.3066397,5-8,Children,Male,Catholic,Pre-primary,Underweight,Muganda,Both parents alive,low socio-economic status,No,Stage 3,Was not a premature at birth,Yes,mild stress,controls,1162,Advanced immune compromised,2792,Unsuppressed,1.277604155,,,,10/12,LS,SA/LG,A:G,A:A,T:T,G:G,T:T,G:A,T:G,0,0,0,0
6.5544147,5-8,Children,Female,SDA,Pre-primary,Underweight,Non-Munganda but Ugandan,Single parent alive,high socioecnomic status,No,Stage 2,Was not a premature at birth,Yes,mild stress,controls,893,Advanced immune compromised,30758,Unsuppressed,0.719107919,0.751898212,-0.032790292,Increased,12/12,LL,LA/LA,A:A,A:A,C:C,G:G,G:G,G:G,T:G,0,0,0,0
8.9445581,5-8,Children,Male,Catholic,Pre-primary,Underweight,Muganda,Both parents alive,high socioecnomic status,Yes,Stage 2,Was not a premature at birth,Yes,mild stress,controls,1408,Advanced immune compromised,10,Suppressed,0.76472863,0.667298631,0.097429998,Decreased,12/12,LL,LA/LA,A:A,A:A,C:C,G:G,G:G,G:G,T:G,0,0,0,0
6.5078712,5-8,Children,Female,Born Again,Pre-primary,Underweight,Muganda,Both parents alive,high socioecnomic status,Yes,Stage 2,Was not a premature at birth,Yes,severe stress,controls,1278,Advanced immune compromised,0,Undetectable,0.991620256,0.761554441,0.23006581,Decreased,12/12,LL,LA/LA,A:A,A:A,C:C,G:G,G:G,G:G,T:G,0,0,0,0
7.0116358,5-8,Children,Female,Catholic,Pre-primary,Underweight,Muganda,Both parents alive,high socioecnomic status,Yes,Stage 2,Was not a premature at birth,Yes,mild stress,cases,1286,Advanced immune compromised,5023,Unsuppressed,1.097371712,0.777066646,0.32030508,Decreased,12/12,LL,LG/LG,G:G,G:A,C:C,G:G,G:G,G:G,T:G,0,0,0,0
,5-8,Children,Female,Catholic,Pre-primary,Underweight,Muganda,Both parents alive,high socioecnomic status,Yes,Stage 2,Was not a premature at birth,Yes,mild stress,controls,1180,Advanced immune compromised,4180,Unsuppressed,0.904409391,,,,12/12,LL,LG/LG,G:G,G:A,C:C,G:G,G:G,G:G,T:G,0,0,0,0
5.4811773,5-8,Children,Male,Catholic,Pre-primary,Underweight,Non-Munganda but Ugandan,Both parents alive,high socioecnomic status,Yes,Stage 2,Was not a premature at birth,Yes,moderate stress,cases,984,Advanced immune compromised,0,Undetectable,1.323963825,1.247051934,0.076911889,Decreased,12/12,LL,LA/LA,A:A,A:A,C:T,G:G,G:G,G:G,T:G,1,1,0,0
8.9363451,5-8,Children,Female,Muslim,Pre-primary,Underweight,Muganda,Both parents dead,high socioecnomic status,Yes,Stage 2,Was not a premature at birth,Yes,mild stress,cases,658,Advanced immune compromised,0,Undetectable,1.61645542,0.902285795,0.71416962,Decreased,12/12,LL,LA/LG,A:G,A:A,C:T,G:G,G:G,G:G,T:G,0,0,0,0
16,5-8,Children,Male,Muslim,Pre-primary,Normal weight,Muganda,Both parents alive,high socioecnomic status,Yes,Stage 3,Was not a premature at birth,Yes,severe stress,controls,356,Possibly immune compromised,33596,Unsuppressed,1.395529898,0.830356498,0.56517339,Decreased,12/12,LL,LA/LG,A:G,A:A,C:T,G:G,G:G,G:G,T:G,1,0,0,1
6.198494,5-8,Children,Female,Catholic,Pre-primary,Underweight,Muganda,Both parents alive,low socio-economic status,Yes,Stage 2,Was not a premature at birth,Yes,severe stress,cases,692,Advanced immune compromised,4165,Unsuppressed,1.358632822,0.825317282,0.53331554,Decreased,12/12,LS,SA/LG,A:G,A:A,C:T,G:G,G:G,G:G,T:G,0,0,0,0
6.5708418,5-8,Children,Male,Muslim,Pre-primary,Underweight,Muganda,Both parents alive,low socio-economic status,Yes,Stage 1,Was not a premature at birth,Yes,mild stress,cases,790,Advanced immune compromised,10,Suppressed,0.63896673,1.852505094,-1.2135384,Increased,10/12,LL,LA/LG,A:G,A:A,T:T,G:G,G:G,G:G,T:G,0,0,0,0
7.2689939,5-8,Children,Male,Muslim,Pre-primary,Underweight,Muganda,Both parents alive,low socio-economic status,Yes,Stage 2,Was not a premature at birth,Yes,moderate stress,cases,1330,Advanced immune compromised,0,Undetectable,0.687233325,0.590068052,0.097165272,Decreased,,,,,A:A,T:T,G:G,G:G,G:G,T:G,1,1,1,0
7.578371,5-8,Children,Female,Catholic,Pre-primary,Underweight,Muganda,Both parents alive,low socio-economic status,Yes,Stage 2,Was not a premature at birth,Yes,mild stress,controls,1851,Advanced immune compromised,0,Undetectable,,1.065608452,,,10/12,LS,LA/SA,A:A,A:A,C:C,G:A,T:G,G:G,T:G,0,0,0,0
14.81451,5-8,Children,Female,Muslim,Pre-primary,Underweight,Muganda,Both parents alive,low socio-economic status,Yes,Stage 1,Was not a premature at birth,Yes,mild stress,controls,689,Advanced immune compromised,10,Suppressed,0.731310691,,,,12/12,LL,LA/LG,A:G,A:A,C:C,G:A,T:G,G:G,T:G,0,0,0,0
10.015059,5-8,Children,Male,Catholic,Pre-primary,Underweight,Muganda,Single parent alive,high socioecnomic status,Yes,Stage 3,Was not a premature at birth,Yes,mild stress,controls,1033,Advanced immune compromised,0,Undetectable,0.91418161,1.832415906,-0.91823429,Increased,,LL,LA/LG,A:G,,,G:G,T:G,G:G,T:G,0,0,0,0
7.6386037,5-8,Children,Female,Catholic,Pre-primary,,Non-Munganda but Ugandan,Single parent alive,low socio-economic status,Yes,Stage 3,I don’t know,Yes,moderate stress,controls,1052,Advanced immune compromised,0,Undetectable,1.694047328,0.93309522,0.76095212,Decreased,12/12,LS,LA/SA,A:A,G:A,C:C,G:G,T:G,G:G,T:G,0,0,0,0
6.2642026,5-8,Children,Female,Catholic,,Underweight,Muganda,Single parent alive,high socioecnomic status,Yes,Stage 2,I don’t know,Yes,severe stress,cases,1780,Advanced immune compromised,0,Undetectable,,0.737546486,,,10/12,LL,LA/LG,A:G,,C:T,G:G,T:G,G:G,T:G,1,0,0,1
7.0910335,5-8,Children,Female,Muslim,Pre-primary,Underweight,Muganda,Single parent alive,low socio-economic status,Yes,Stage 3,Was not a premature at birth,Yes,mild stress,cases,2364,Advanced immune compromised,38499,Unsuppressed,1.442409989,1.406454783,0.035955206,Decreased,10/12,LL,LA/LA,A:A,A:A,C:T,G:G,T:G,G:G,T:G,0,0,0,0
8.5995893,5-8,Children,Male,Muslim,Pre-primary,Underweight,Muganda,Both parents alive,low socio-economic status,Yes,Stage 1,Was not a premature at birth,Yes,moderate stress,cases,1388,Advanced immune compromised,10,Suppressed,,0.792705549,,,10/12,LL,LA/LG,A:G,A:A,C:T,G:G,T:G,G:G,T:G,0,0,0,0
6.6995211,5-8,Children,Male,Catholic,Pre-primary,Underweight,Muganda,Both parents alive,high socioecnomic status,Yes,Stage 2,Was not a premature at birth,Yes,mild stress,controls,1617,Advanced immune compromised,,,0.723723013,0.710823115,0.012899898,Decreased,10/12,LL,LA/LG,A:G,A:A,C:T,G:G,T:G,G:G,T:G,0,0,0,0
7.7180014,5-8,Children,Male,Catholic,Pre-primary,Underweight,Muganda,Both parents alive,high socioecnomic status,Yes,Stage 3,Was not a premature at birth,Yes,moderate stress,cases,1400,Advanced immune compromised,10,Suppressed,,1.476557014,,,12/12,LL,LA/LG,A:G,G:G,C:T,G:G,T:G,G:G,T:G,1,1,0,0
8.9883642,5-8,Children,Female,Muslim,Pre-primary,Underweight,Non-Munganda but Ugandan,Both parents dead,high socioecnomic status,Yes,Stage 1,Was not a premature at birth,Yes,moderate stress,cases,742,Advanced immune compromised,10,Suppressed,0.927762013,1.097646191,-0.16988418,Increased,12/12,SS,SA/SA,A:A,A:A,T:T,G:G,T:G,G:G,T:G,0,0,0,0
,5-8,Children,Male,Catholic,Pre-primary,Underweight,Non-Munganda but Ugandan,Single parent alive,high socioecnomic status,Yes,Stage 3,Was not a premature at birth,Yes,severe stress,cases,776,Advanced immune compromised,0,Undetectable,1.302945269,,,,10/12,LS,LA/SA,A:A,,C:C,G:G,T:T,G:G,T:G,1,0,1,1
7.2361398,5-8,Children,Male,Catholic,Pre-primary,Underweight,Muganda,,high socioecnomic status,Yes,Stage 2,Was not a premature at birth,Yes,moderate stress,cases,1189,Advanced immune compromised,10,Suppressed,1.706037139,0.547785068,1.1582521,Decreased,12/12,SS,SA/SA,A:A,A:A,C:C,G:G,T:T,G:G,T:G,0,0,0,0
7.4305272,5-8,Children,Male,Catholic,Pre-primary,Underweight,Non-Munganda but Ugandan,Both parents alive,low socio-economic status,Yes,Stage 1,Was not a premature at birth,Yes,severe stress,cases,790,Advanced immune compromised,0,Undetectable,1.126580296,,,,12/12,LL,LA/LA,A:A,,C:T,G:G,T:T,G:G,T:G,0,0,0,0
,5-8,Children,Male,Muslim,Pre-primary,Underweight,Muganda,Both parents alive,low socio-economic status,Yes,Stage 2,Was not a premature at birth,Yes,mild stress,controls,616,Advanced immune compromised,21451,Unsuppressed,0.795624147,0.634626753,0.16099739,Decreased,10/10,SS,SA/SA,A:A,A:A,C:T,G:G,T:T,G:G,T:G,0,0,0,0
6.7268991,5-8,Children,Female,Catholic,Pre-primary,Underweight,Muganda,Both parents alive,high socioecnomic status,Yes,Stage 1,Was not a premature at birth,Yes,severe stress,cases,1381,Advanced immune compromised,5354,Unsuppressed,0.873586233,0.501410386,0.37217584,Decreased,10/12,LL,LA/LG,A:G,A:A,C:T,G:G,T:T,G:G,T:G,0,0,0,0
8.7392197,5-8,Children,Female,Protestant,Pre-primary,Underweight,Non-Munganda but Ugandan,Single parent alive,high socioecnomic status,Yes,Stage 2,Was not a premature at birth,Yes,mild stress,controls,992,Advanced immune compromised,0,Undetectable,1.317551639,,,,10/12,LL,LA/LG,A:G,G:A,C:T,G:G,T:T,G:G,T:G,0,0,0,0
5.4674878,5-8,Children,Male,Catholic,No formal education,Underweight,Muganda,Both parents alive,low socio-economic status,Yes,Stage 3,Was not a premature at birth,Yes,moderate stress,controls,1006,Advanced immune compromised,3912,Unsuppressed,,1.082497858,,,12/12,LS,LA/SA,A:A,,T:T,G:G,T:T,G:G,T:G,0,0,0,0
15,5-8,Children,Male,Catholic,Secondary level,Overweight,Muganda,Single parent alive,high socioecnomic status,Yes,Stage 2,Was not a premature at birth,Yes,mild stress,controls,609,Advanced immune compromised,0,Undetectable,,1.360214267,,,,LS,LA/SA,A:A,A:A,C:C,,G:G,A:A,T:T,1,0,0,1
6.223135,5-8,Children,Female,Catholic,Pre-primary,Underweight,Muganda,Both parents alive,high socioecnomic status,Yes,Stage 2,Was not a premature at birth,Yes,moderate stress,controls,404,Possibly immune compromised,71524,Unsuppressed,1.066119332,1.089583569,-0.023464236,Increased,10/12,LS,LA/SA,A:A,A:A,C:C,A:A,G:G,A:A,T:T,0,0,0,0
8.449008,5-8,Children,Male,Catholic,Pre-primary,Underweight,Muganda,Single parent alive,high socioecnomic status,Yes,Stage 2,Was not a premature at birth,Yes,mild stress,cases,365,Possibly immune compromised,45,Suppressed,,0.775643002,,,12/12,LL,LA/LA,A:A,A:A,C:T,A:A,G:G,A:A,T:T,0,0,0,0
9.1718006,5-8,Children,Female,Muslim,Pre-primary,Underweight,Non-Munganda but Ugandan,Both parents alive,high socioecnomic status,Yes,Stage 3,Was not a premature at birth,Yes,severe stress,cases,1943,Advanced immune compromised,113,Suppressed,1.167459072,1.15594748,0.011511592,Decreased,12/12,LS,LA/SA,A:A,A:A,C:C,G:A,T:G,A:A,T:T,1,0,0,1
8.4845991,5-8,Children,Male,Catholic,Pre-primary,Underweight,Non-Munganda but Ugandan,Both parents alive,high socioecnomic status,Yes,Stage 1,Was not a premature at birth,Yes,mild stress,cases,228,Normal CD4 range,10,Suppressed,0.676719911,,,,10/12,LL,LA/LG,A:G,A:A,C:C,G:A,T:G,A:A,T:T,0,0,0,0
8.5065022,5-8,Children,Female,Protestant,Pre-primary,Underweight,Non-Munganda but Ugandan,Both parents alive,low socio-economic status,Yes,Stage 3,Was not a premature at birth,Yes,mild stress,controls,1320,Advanced immune compromised,10,Suppressed,1.210087071,,,,10/12,LL,LA/LG,A:G,A:A,C:C,G:A,T:G,A:A,T:T,0,0,0,0
5.7549624,5-8,Children,Female,Catholic,Pre-primary,Underweight,Non-Munganda but Ugandan,Both parents alive,high socioecnomic status,Yes,Stage 2,Was not a premature at birth,Yes,severe stress,cases,720,Advanced immune compromised,116,Suppressed,1.0542171,0.596776038,0.45744106,Decreased,12/12,LS,SA/LG,A:G,A:A,C:C,G:A,T:G,A:A,T:T,1,1,0,0
5.1307325,5-8,Children,Male,Born Again,Pre-primary,Underweight,Non-Munganda but Ugandan,Single parent alive,high socioecnomic status,Yes,Stage 1,Was not a premature at birth,Yes,severe stress,cases,976,Advanced immune compromised,0,Undetectable,1.230612113,0.84550647,0.38510564,Decreased,,LL,,,G:A,C:C,G:A,T:G,A:A,T:T,0,0,0,0
14,5-8,Children,Male,Catholic,Pre-primary,Obesity,Non-Munganda but Ugandan,Both parents dead,high socioecnomic status,Yes,Stage 3,I don’t know,Yes,mild stress,controls,447,Possibly immune compromised,95,Suppressed,1.194162763,0.63403038,0.56013238,Decreased,10/12,LL,LA/LA,A:A,A:A,C:T,G:A,T:G,A:A,T:T,1,0,0,1
8.9993153,5-8,Children,Male,Born Again,Pre-primary,Underweight,Non-Munganda but Ugandan,Both parents alive,high socioecnomic status,Yes,Stage 1,Was not a premature at birth,Yes,moderate stress,controls,872,Advanced immune compromised,0,Undetectable,1.859982021,0.864697027,0.99528497,Decreased,12/12,LL,LA/LA,A:A,A:A,C:T,G:A,T:G,A:A,T:T,0,0,0,0
,5-8,Children,Male,Catholic,Pre-primary,Underweight,Muganda,Single parent alive,high socioecnomic status,Yes,Stage 2,Was not a premature at birth,Yes,moderate stress,cases,803,Advanced immune compromised,,,0.440419398,0.610857148,-0.17043775,Increased,,LL,LA/LA,A:A,A:A,C:T,G:A,T:G,A:A,T:T,0,0,0,0
15.920603,5-8,Children,Female,Muslim,Pre-primary,Normal weight,Non-Munganda but Ugandan,Single parent alive,low socio-economic status,Yes,Stage 2,Was not a premature at birth,Yes,mild stress,controls,415,Possibly immune compromised,10,Suppressed,0.988043118,0.842974705,0.14506841,Decreased,10/12,LS,LA/SA,A:A,A:A,C:T,G:A,T:G,A:A,T:T,0,0,0,0
6.9705682,5-8,Children,Female,Protestant,Pre-primary,Underweight,Muganda,Both parents alive,high socioecnomic status,Yes,Stage 3,Was not a premature at birth,No,mild stress,cases,993,Advanced immune compromised,23109,Unsuppressed,,1.198158805,,,10/12,LS,LA/SA,A:A,A:A,C:T,G:G,T:T,A:A,T:T,0,0,0,0
6.9048595,5-8,Children,Female,Protestant,Pre-primary,Underweight,Non-Munganda but Ugandan,Both parents alive,low socio-economic status,Yes,Stage 3,Was not a premature at birth,Yes,severe stress,cases,2089,Advanced immune compromised,0,Undetectable,1.5529636,0.85531138,0.69765222,Decreased,12/12,LL,,,A:A,C:T,G:G,T:T,A:A,T:T,0,0,0,0
7.6495552,5-8,Children,Male,Catholic,No formal education,Underweight,Non-Munganda but Ugandan,Both parents alive,low socio-economic status,Yes,Stage 3,Was not a premature at birth,Yes,mild stress,controls,1205,Advanced immune compromised,20,Suppressed,0.999459566,,,,12/12,LL,LA/LA,A:A,A:A,T:T,G:G,T:T,A:A,T:T,0,0,0,0
7.0773444,5-8,Children,Male,Muslim,Pre-primary,Underweight,Muganda,Both parents alive,low socio-economic status,Yes,Stage 2,Was not a premature at birth,Yes,mild stress,cases,936,Advanced immune compromised,0,Undetectable,0.82082638,0.791958654,0.028867725,Decreased,10/12,LS,LA/SA,A:A,A:A,T:T,G:G,T:T,A:A,T:T,0,0,0,0
5.0239563,5-8,Children,Female,Catholic,Pre-primary,Underweight,Muganda,Both parents alive,low socio-economic status,Yes,Stage 2,Was not a premature at birth,Yes,severe stress,controls,828,Advanced immune compromised,10,Suppressed,1.332184715,0.738940766,0.59324396,Decreased,10/12,LL,LA/LG,A:G,A:A,T:T,G:G,T:T,A:A,T:T,1,0,1,0
8.5174541,5-8,Children,Female,Born Again,Pre-primary,Underweight,Muganda,Both parents alive,high socioecnomic status,Yes,Stage 2,Was not a premature at birth,Yes,mild stress,controls,1057,Advanced immune compromised,28,Suppressed,0.86639368,0.732268618,0.13412507,Decreased,12/12,LL,LA/LG,A:G,A:A,T:T,G:G,T:T,A:A,T:T,0,0,0,0
7.9452429,5-8,Children,Female,Catholic,Pre-primary,Underweight,Muganda,Both parents alive,high socioecnomic status,Yes,Stage 2,Was not a premature at birth,Yes,severe stress,cases,1261,Advanced immune compromised,172947,Unsuppressed,1.109555196,1.189546251,-0.079991058,Increased,10/12,LL,LA/LA,A:A,A:A,C:C,G:A,,G:A,T:T,0,0,0,0
11.983573,5-8,Children,Female,Catholic,Pre-primary,Underweight,Muganda,Single parent alive,low socio-economic status,Yes,Stage 2,Was not a premature at birth,Yes,moderate stress,cases,1011,Advanced immune compromised,10,Suppressed,1.396807422,,,,12/12,LL,LA/LA,A:A,A:A,C:C,G:A,G:G,G:A,T:T,0,0,0,0
7.1457906,5-8,Children,Female,Muslim,Pre-primary,Overweight,Non-Munganda but Ugandan,Both parents alive,low socio-economic status,Yes,Stage 3,Was not a premature at birth,Yes,moderate stress,cases,1224,Advanced immune compromised,598,Suppressed,1.691321998,2.026647236,-0.33532524,Increased,12/12,LS,LA/SA,A:A,,C:T,G:A,G:G,G:A,T:T,0,0,0,0
5.0677619,5-8,Children,Male,Catholic,Pre-primary,Underweight,Muganda,Both parents alive,high socioecnomic status,Yes,Stage 2,Was not a premature at birth,Yes,severe stress,cases,1689,Advanced immune compromised,31,Suppressed,0.788006416,,,,,SS,SA/SA,A:A,G:A,C:T,G:A,G:G,G:A,T:T,0,0,0,0
7.6030116,5-8,Children,Female,Catholic,Pre-primary,Underweight,Muganda,Single parent alive,low socio-economic status,Yes,Stage 3,Was not a premature at birth,Yes,moderate stress,controls,1429,Advanced immune compromised,0,Undetectable,,0.741906252,,,10/12,LL,LA/LG,A:G,A:A,C:C,G:A,T:G,G:A,T:T,0,0,0,0
13,5-8,Children,Male,Muslim,Pre-primary,Underweight,Muganda,Both parents dead,low socio-economic status,Yes,Stage 2,I don’t know,Yes,moderate stress,controls,244,Normal CD4 range,516,Suppressed,1.039247022,0.983685279,0.055561744,Decreased,10/12,LL,LA/LG,A:G,G:A,C:C,G:A,T:G,G:A,T:T,0,0,0,0
5.2156057,5-8,Children,Female,Muslim,Pre-primary,Underweight,Muganda,Both parents alive,high socioecnomic status,Yes,Stage 3,Was not a premature at birth,Yes,severe stress,controls,1772,Advanced immune compromised,0,Undetectable,1.446316388,1.086366058,0.35995033,Decreased,12/12,LS,LA/SA,A:A,A:A,C:T,G:A,T:G,G:A,T:T,0,0,0,0
8.010951,5-8,Children,Female,Catholic,Pre-primary,Underweight,Non-Munganda but Ugandan,Single parent alive,high socioecnomic status,Yes,Stage 3,Was not a premature at birth,Yes,mild stress,cases,116,Normal CD4 range,1170290,Unsuppressed,1.270225356,1.339716474,-0.069491118,Increased,10/12,LL,LA/LA,A:A,G:A,C:T,G:A,T:G,G:A,T:T,0,0,0,0
7.797399,5-8,Children,Female,Catholic,Pre-primary,Underweight,Non-Ugandan,Both parents dead,low socio-economic status,Yes,Stage 3,Was not a premature at birth,Yes,mild stress,cases,1171,Advanced immune compromised,0,Undetectable,1.167287435,0.599665393,0.56762207,Decreased,12/12,LL,LA/LA,A:A,G:A,C:T,G:A,T:G,G:A,T:T,0,0,0,0
5.6454482,5-8,Children,Female,Catholic,Pre-primary,Underweight,Muganda,Both parents alive,high socioecnomic status,Yes,Stage 1,Was not a premature at birth,Yes,severe stress,controls,146,Normal CD4 range,530,Suppressed,0.933471914,,,,12/12,LL,LA/LA,A:A,G:A,C:T,G:A,T:G,G:A,T:T,1,0,0,1
11,5-8,Children,Male,Muslim,Pre-primary,Underweight,Muganda,Both parents alive,low socio-economic status,Yes,Stage 2,Was not a premature at birth,Yes,severe stress,controls,460,Possibly immune compromised,239544,Unsuppressed,1.278803842,,,,10/10,LS,LA/SA,A:A,G:A,C:T,G:A,T:G,G:A,T:T,1,1,0,0
,5-8,Children,Male,Catholic,Pre-primary,Underweight,Muganda,Single parent alive,high socioecnomic status,Yes,Stage 2,Was not a premature at birth,Yes,moderate stress,cases,1037,Advanced immune compromised,188215,Unsuppressed,0.991427743,,,,12/12,LL,LA/LA,A:A,A:A,,G:G,T:G,G:A,T:T,0,0,0,0
17,5-8,Children,Male,Muslim,Secondary level,Underweight,Muganda,Single parent alive,high socioecnomic status,Yes,Stage 2,Was not a premature at birth,No,mild stress,controls,31,Normal CD4 range,,,0.730354944,0.717177634,0.01317731,Decreased,10/12,LL,LA/LA,A:A,G:A,C:C,G:G,T:G,G:A,T:T,1,0,0,1
7.1895962,5-8,Children,Female,Catholic,Pre-primary,Underweight,Non-Munganda but Ugandan,Both parents alive,high socioecnomic status,Yes,Stage 2,Was not a premature at birth,Yes,mild stress,cases,669,Advanced immune compromised,118,Suppressed,1.2319129,0.76906971,0.46284318,Decreased,12/12,LL,LA/LA,A:A,A:A,C:T,G:G,T:G,G:A,T:T,0,0,0,0
7.7481179,5-8,Children,Female,Catholic,Pre-primary,Underweight,Muganda,Both parents alive,high socioecnomic status,Yes,Stage 3,Was not a premature at birth,Yes,moderate stress,controls,1472,Advanced immune compromised,0,Undetectable,1.227321023,1.376915173,-0.14959414,Increased,12/12,LS,LA/SA,A:A,A:A,C:T,G:G,T:G,G:A,T:T,1,0,1,0
8.5201912,5-8,Children,Female,Muslim,Pre-primary,Underweight,Muganda,Single parent alive,low socio-economic status,Yes,Stage 2,Was not a premature at birth,Yes,moderate stress,cases,1387,Advanced immune compromised,20878,Unsuppressed,,0.662703289,,,10/10,LS,SA/LG,A:G,A:A,C:T,G:G,T:G,G:A,T:T,0,0,0,0
6.3545518,5-8,Children,Female,Catholic,Pre-primary,Underweight,Muganda,Both parents alive,low socio-economic status,Yes,Stage 2,Was not a premature at birth,Yes,moderate stress,cases,685,Advanced immune compromised,10,Suppressed,1.803947386,1.131276756,0.6726706,Decreased,10/12,LL,LA/LA,A:A,G:A,C:T,G:G,T:G,G:A,T:T,0,0,0,0
,5-8,Children,Male,Muslim,Pre-primary,Underweight,Muganda,Both parents alive,low socio-economic status,Yes,Stage 2,Was a premature at birth,Yes,severe stress,cases,1144,Advanced immune compromised,8666,Unsuppressed,1.058288151,0.889916021,0.16837212,Decreased,12/12,LL,LA/LG,A:G,G:A,C:T,G:G,T:G,G:A,T:T,1,0,0,1
7.342916,5-8,Children,Female,Muslim,Pre-primary,Underweight,Muganda,Both parents alive,low socio-economic status,Yes,Stage 3,I don’t know,Yes,moderate stress,cases,1647,Advanced immune compromised,0,Undetectable,1.149005728,1.674298922,-0.52529317,Increased,12/12,LL,LA/LA,A:A,A:A,C:C,G:G,T:T,G:A,T:T,0,0,0,0
8.7063656,5-8,Children,Male,Born Again,Pre-primary,Underweight,Non-Munganda but Ugandan,Both parents dead,high socioecnomic status,Yes,Stage 2,Was not a premature at birth,Yes,severe stress,cases,1747,Advanced immune compromised,0,Undetectable,0.951869549,,,,12/12,LL,LA/LA,A:A,G:A,C:C,G:G,T:T,G:A,T:T,0,0,0,0
13,5-8,Children,Male,Catholic,Pre-primary,Normal weight,Muganda,Both parents dead,low socio-economic status,Yes,Stage 2,Was not a premature at birth,Yes,mild stress,controls,899,Advanced immune compromised,47,Suppressed,0.978614537,,,,12/12,LL,LA/LG,A:G,G:A,C:C,G:G,T:T,G:A,T:T,0,0,0,0
14,5-8,Children,Male,Born Again,Secondary level,Underweight,Non-Munganda but Ugandan,Single parent alive,high socioecnomic status,Yes,Stage 2,Was not a premature at birth,Yes,moderate stress,controls,84,Normal CD4 range,62272,Unsuppressed,0.91332543,0.554227276,0.35909817,Decreased,12/12,LL,LA/LA,A:A,A:A,C:T,G:G,T:T,G:A,T:T,1,0,0,1
8.8295689,5-8,Children,Male,Catholic,Pre-primary,Underweight,Non-Munganda but Ugandan,Both parents alive,high socioecnomic status,Yes,Stage 3,Was a premature at birth,Yes,moderate stress,cases,681,Advanced immune compromised,0,Undetectable,1.360627946,2.014027968,-0.6534,Increased,12/12,LL,LA/LA,A:A,A:A,C:T,G:G,T:T,G:A,T:T,0,0,0,0
7.6194386,5-8,Children,Male,Protestant,Pre-primary,Underweight,Non-Munganda but Ugandan,Both parents alive,low socio-economic status,Yes,Stage 2,Was not a premature at birth,Yes,mild stress,controls,1233,Advanced immune compromised,10,Suppressed,1.259210388,,,,12/12,LL,LA/LA,A:A,A:A,C:T,G:G,T:T,G:A,T:T,0,0,0,0
6.9733062,5-8,Children,Male,Catholic,Pre-primary,Underweight,Muganda,Both parents alive,high socioecnomic status,Yes,Stage 2,Was not a premature at birth,Yes,moderate stress,cases,563,Advanced immune compromised,138,Suppressed,0.400697867,0.8777876,-0.47708973,Increased,12/12,LL,LA/LA,A:A,A:A,C:T,G:G,T:T,G:A,T:T,0,0,0,0
,5-8,Children,Male,Muslim,Pre-primary,Underweight,Muganda,Single parent alive,high socioecnomic status,Yes,Stage 2,Was not a premature at birth,Yes,mild stress,controls,532,Advanced immune compromised,0,Undetectable,0.564220014,,,,12/12,LS,LA/SA,A:A,A:A,C:T,G:G,T:T,G:A,T:T,0,0,0,0
7.3018479,5-8,Children,Male,Protestant,Pre-primary,Underweight,Non-Munganda but Ugandan,Both parents alive,low socio-economic status,Yes,Stage 2,Was not a premature at birth,Yes,mild stress,cases,555,Advanced immune compromised,10,Suppressed,0.834323791,0.522076655,0.31224713,Decreased,12/12,LS,LA/SA,A:A,A:A,C:T,G:G,T:T,G:A,T:T,0,0,0,0
8.3093767,5-8,Children,Female,Others,Pre-primary,Underweight,Muganda,Single parent alive,high socioecnomic status,Yes,Stage 2,Was not a premature at birth,Yes,mild stress,controls,1315,Advanced immune compromised,0,Undetectable,1.324531568,,,,10/12,LL,LA/LG,A:G,A:A,C:T,G:G,T:T,G:A,T:T,0,0,0,0
12,5-8,Children,Male,Catholic,Pre-primary,Underweight,Non-Munganda but Ugandan,Both parents alive,high socioecnomic status,Yes,Stage 2,Was not a premature at birth,Yes,mild stress,controls,709,Advanced immune compromised,0,Undetectable,0.632843234,0.633523254,-0.00068002,Increased,12/12,LL,LA/LG,A:G,A:A,C:T,G:G,T:T,G:A,T:T,1,0,0,1
9.8809032,5-8,Children,Female,Protestant,Pre-primary,Underweight,Non-Munganda but Ugandan,Both parents alive,high socioecnomic status,Yes,Stage 4,Was not a premature at birth,Yes,mild stress,controls,173,Normal CD4 range,10,Suppressed,0.963100349,0.910201826,0.052898522,Decreased,10/12,LS,SA/LG,A:G,A:A,C:T,G:G,T:T,G:A,T:T,0,0,0,0
6.5434632,5-8,Children,Male,Catholic,Pre-primary,Underweight,Muganda,Both parents alive,high socioecnomic status,Yes,Stage 4,Was not a premature at birth,Yes,moderate stress,controls,726,Advanced immune compromised,30,Suppressed,1.095144163,0.737866073,0.35727808,Decreased,12/12,LL,LA/LA,A:A,G:A,C:T,G:G,T:T,G:A,T:T,0,0,0,0
5.1471596,5-8,Children,Female,Muslim,Pre-primary,Underweight,Muganda,Single parent alive,low socio-economic status,No,Stage 2,Was a premature at birth,Yes,mild stress,controls,762,Advanced immune compromised,305,Suppressed,1.906962046,,,,12/12,LS,LA/SA,A:A,G:A,C:T,G:G,T:T,G:A,T:T,0,0,0,0
9.5222454,5-8,Children,Female,Born Again,Pre-primary,Underweight,Muganda,,high socioecnomic status,Yes,Stage 2,Was not a premature at birth,Yes,moderate stress,controls,1069,Advanced immune compromised,0,Undetectable,1.370140538,0.904252781,0.46588776,Decreased,12/12,LL,LA/LA,A:A,G:A,T:T,G:G,T:T,G:A,T:T,0,0,0,0
8.6680355,5-8,Children,Male,Protestant,Pre-primary,Underweight,Muganda,Both parents alive,high socioecnomic status,Yes,Stage 2,Was not a premature at birth,Yes,mild stress,cases,1153,Advanced immune compromised,0,Undetectable,0.95379798,0.545859404,0.40793857,Decreased,10/12,LS,LA/SA,A:A,A:A,C:C,G:A,G:G,G:G,T:T,0,0,0,0
12.435318,5-8,Children,Male,Protestant,Pre-primary,Underweight,Muganda,Both parents alive,high socioecnomic status,Yes,Stage 3,Was not a premature at birth,Yes,mild stress,cases,862,Advanced immune compromised,,,0.870159144,,,,12/12,LL,LA/LA,A:A,A:A,C:T,G:A,G:G,G:G,T:T,0,0,0,0
7.8685832,5-8,Children,Male,SDA,Pre-primary,Underweight,Muganda,Single parent alive,low socio-economic status,Yes,Stage 2,Was not a premature at birth,Yes,moderate stress,controls,828,Advanced immune compromised,77,Suppressed,1.192087674,,,,12/12,LL,LA/LA,A:A,A:A,C:T,G:G,G:G,G:G,T:T,0,0,0,0
7.8329911,5-8,Children,Female,Muslim,Pre-primary,Normal weight,Muganda,Both parents alive,low socio-economic status,Yes,Stage 1,Was not a premature at birth,Yes,moderate stress,cases,1732,Advanced immune compromised,0,Undetectable,,1.025107897,,,10/12,LL,LA/LG,A:G,,T:T,G:G,G:G,G:G,T:T,1,1,0,0
7.2744694,5-8,Children,Male,Catholic,Pre-primary,Underweight,Muganda,Both parents alive,low socio-economic status,Yes,Stage 3,Was not a premature at birth,Yes,moderate stress,cases,656,Advanced immune compromised,10229,Unsuppressed,0.672555027,,,,10/10,LS,SA/LG,A:G,G:A,T:T,G:G,G:G,G:G,T:T,1,1,0,0
5.7549624,5-8,Children,Male,Catholic,No formal education,Underweight,Muganda,Both parents alive,high socioecnomic status,Yes,Stage 3,Was not a premature at birth,Yes,moderate stress,cases,2424,Advanced immune compromised,0,Undetectable,1.340524354,0.647869826,0.69265455,Decreased,10/12,LL,LA/LA,A:A,A:A,C:C,G:A,T:G,G:G,T:T,0,0,0,0
6.3162217,5-8,Children,Male,Muslim,Pre-primary,Underweight,Muganda,Single parent alive,high socioecnomic status,Yes,Stage 2,Was not a premature at birth,Yes,mild stress,controls,434,Possibly immune compromised,28635,Unsuppressed,1.064071685,0.627909659,0.43616202,Decreased,10/12,LS,SA/LG,A:G,G:A,C:C,G:A,T:G,G:G,T:T,0,0,0,0
14,5-8,Children,Male,Protestant,Secondary level,Underweight,Non-Munganda but Ugandan,Single parent alive,high socioecnomic status,Yes,Stage 2,Was not a premature at birth,I don’t know,severe stress,controls,260,Normal CD4 range,,,0.575870186,,,,10/12,LS,LA/SA,A:A,A:A,C:T,G:A,T:G,G:G,T:T,0,0,0,0
5.8097196,5-8,Children,Male,Catholic,Pre-primary,Underweight,Non-Munganda but Ugandan,Single parent alive,low socio-economic status,Yes,Stage 2,Was not a premature at birth,Yes,moderate stress,cases,465,Possibly immune compromised,0,Undetectable,0.793262507,0.760486777,0.03277573,Decreased,10/12,LS,SA/LG,A:G,A:A,C:C,G:G,T:G,G:G,T:T,0,0,0,0
,5-8,Children,Female,Protestant,Pre-primary,Underweight,Non-Munganda but Ugandan,Both parents alive,high socioecnomic status,Yes,Stage 2,Was not a premature at birth,Yes,mild stress,cases,1437,Advanced immune compromised,10,Suppressed,1.386513159,0.626963405,0.75954974,Decreased,12/12,LS,LA/SA,A:A,A:A,C:T,G:G,T:G,G:G,T:T,0,0,0,0
5.8562627,5-8,Children,Female,Muslim,Pre-primary,Underweight,Non-Munganda but Ugandan,Both parents alive,low socio-economic status,Yes,Stage 2,Was a premature at birth,Yes,moderate stress,controls,2556,Advanced immune compromised,0,Undetectable,0.720710584,0.816059826,-0.095349245,Increased,10/10,LL,LA/LG,A:G,G:A,C:T,G:G,T:G,G:G,T:T,0,0,0,0
6.0068445,5-8,Children,Male,Catholic,Pre-primary,Underweight,Muganda,Both parents alive,high socioecnomic status,Yes,Stage 2,I don’t know,Yes,mild stress,controls,3066,Advanced immune compromised,10,Suppressed,1.739928503,,,,12/12,SS,SA/SA,A:A,A:A,T:T,G:G,T:G,G:G,T:T,0,0,0,0
8.1149893,5-8,Children,Male,Muslim,Pre-primary,Underweight,Muganda,Both parents alive,low socio-economic status,Yes,Stage 2,Was not a premature at birth,Yes,mild stress,cases,1136,Advanced immune compromised,10,Suppressed,0.480175385,0.387431816,0.092743568,Decreased,10/12,LS,SA/LG,A:G,A:A,T:T,G:G,T:G,G:G,T:T,0,0,0,0
10.822724,5-8,Children,Female,Catholic,Pre-primary,Underweight,Muganda,Single parent alive,low socio-economic status,Yes,Stage 1,Was not a premature at birth,No,mild stress,controls,1361,Advanced immune compromised,17437,Unsuppressed,1.960145152,0.803738832,1.1564063,Decreased,12/12,LS,LA/SA,A:A,A:A,C:T,G:G,T:T,G:G,T:T,0,0,0,0
7.1321015,5-8,Children,Male,Protestant,Pre-primary,Normal weight,Non-Munganda but Ugandan,Both parents alive,low socio-economic status,Yes,Stage 2,Was not a premature at birth,Yes,severe stress,controls,780,Advanced immune compromised,10,Suppressed,,,,,12/12,LL,LA/LG,A:G,A:A,C:T,G:G,T:T,G:G,T:T,0,0,0,0
7.2963724,5-8,Children,Male,Protestant,Pre-primary,Underweight,Non-Munganda but Ugandan,Both parents alive,low socio-economic status,Yes,Stage 3,Was not a premature at birth,Yes,mild stress,controls,1834,Advanced immune compromised,0,Undetectable,0.577137464,,,,,LL,LA/LG,A:G,A:A,C:T,G:G,T:T,G:G,T:T,0,0,0,0
,5-8,Children,Female,Muslim,Pre-primary,Underweight,Non-Munganda but Ugandan,Both parents alive,high socioecnomic status,Yes,Stage 3,Was not a premature at birth,Yes,moderate stress,controls,1459,Advanced immune compromised,41,Suppressed,1.215488385,0.691613259,0.52387512,Decreased,10/12,LL,LA/LA,A:A,A:A,C:C,G:G,T:T,A:A,,0,0,0,0
10.138262,5-8,Children,Male,Catholic,,Underweight,Non-Munganda but Ugandan,Single parent alive,low socio-economic status,Yes,Stage 2,Was not a premature at birth,Yes,severe stress,cases,435,Possibly immune compromised,9420,Unsuppressed,1.665430999,1.209959442,0.45547155,Decreased,12/12,LS,LA/SA,A:A,A:A,C:T,G:G,T:T,A:A,,0,0,0,0
,5-8,Children,Female,Muslim,Pre-primary,Underweight,Muganda,Single parent alive,high socioecnomic status,Yes,Stage 3,Was not a premature at birth,Yes,mild stress,cases,1080,Advanced immune compromised,0,Undetectable,1.111695063,,,,12/12,LS,LA/SA,A:A,A:A,C:C,G:A,G:G,G:A,,0,0,0,0
7.2388773,5-8,Children,Female,Muslim,Pre-primary,Underweight,Non-Munganda but Ugandan,Single parent alive,low socio-economic status,Yes,Stage 3,Was not a premature at birth,Yes,moderate stress,cases,1093,Advanced immune compromised,555,Suppressed,1.315188049,0.753886412,0.56130165,Decreased,12/12,LL,LA/LA,A:A,A:A,T:T,G:A,G:G,G:A,,0,0,0,0
8.3258047,5-8,Children,Female,Muslim,Pre-primary,Underweight,Non-Munganda but Ugandan,Single parent alive,high socioecnomic status,Yes,Stage 2,Was not a premature at birth,Yes,moderate stress,cases,694,Advanced immune compromised,36,Suppressed,,,,,12/12,LS,LA/SA,A:A,A:A,C:T,G:G,T:T,G:A,,1,1,0,0
15,5-8,Children,Female,Catholic,Pre-primary,Underweight,Muganda,Single parent alive,high socioecnomic status,Yes,Stage 2,Was not a premature at birth,Yes,mild stress,controls,1400,Advanced immune compromised,,,1.10484209,0.597246508,0.5075956,Decreased,10/12,LL,LA/LG,A:G,A:A,C:C,G:G,G:G,G:G,,0,0,0,0
7.2717319,5-8,Children,Female,Catholic,Pre-primary,Underweight,Muganda,Both parents alive,low socio-economic status,Yes,Stage 2,Was not a premature at birth,Yes,severe stress,cases,1163,Advanced immune compromised,0,Undetectable,0.391116015,1.457017479,-1.0659015,Increased,10/12,LS,LA/SA,A:A,G:A,C:T,G:A,T:G,G:G,,1,0,1,0
16,5-8,Children,Female,Catholic,Pre-primary,Normal weight,Muganda,Single parent alive,low socio-economic status,Yes,Stage 2,Was not a premature at birth,Yes,severe stress,cases,726,Advanced immune compromised,10,Suppressed,,1.08116649,,,12/12,LL,LA/LA,A:A,,,,,,,0,0,0,0
10.253251,5-8,Children,Female,Catholic,Pre-primary,Underweight,Muganda,Both parents alive,low socio-economic status,Yes,Stage 2,Was not a premature at birth,Yes,moderate stress,controls,563,Advanced immune compromised,31,Suppressed,,,,,,,,,,,,,,,0,0,0,0
7.0225873,5-8,Children,Male,Protestant,Pre-primary,Underweight,Non-Munganda but Ugandan,Both parents alive,high socioecnomic status,Yes,Stage 3,Was not a premature at birth,Yes,moderate stress,controls,1609,Advanced immune compromised,0,Undetectable,,,,,,,,,,,,,,,0,0,0,0
7.7453799,5-8,Children,Male,Catholic,Pre-primary,Underweight,Non-Munganda but Ugandan,Both parents alive,high socioecnomic status,Yes,Stage 2,Was not a premature at birth,Yes,severe stress,controls,1061,Advanced immune compromised,290217,Unsuppressed,,,,,,,,,,,,,,,1,1,0,1
7.8767967,5-8,Children,Male,SDA,Pre-primary,Underweight,Muganda,Single parent alive,high socioecnomic status,Yes,Stage 2,Was not a premature at birth,Yes,mild stress,controls,1498,Advanced immune compromised,10,Suppressed,,,,,,,,,,,,,,,0,0,0,0
9.3716631,5-8,Children,Female,Muslim,Pre-primary,Underweight,Muganda,Both parents alive,high socioecnomic status,Yes,Stage 3,Was not a premature at birth,Yes,moderate stress,controls,925,Advanced immune compromised,78,Suppressed,,1.051662417,,,,,,,,,,,,,0,0,0,0
13,5-8,Children,Male,Catholic,Pre-primary,Underweight,Non-Munganda but Ugandan,Both parents dead,low socio-economic status,Yes,Stage 2,Was not a premature at birth,Yes,severe stress,cases,557,Advanced immune compromised,,,,0.919482238,,,,,,,,,,,,,0,0,0,0
5.8343601,5-8,Children,Female,Protestant,Pre-primary,Underweight,Non-Munganda but Ugandan,Both parents alive,low socio-economic status,Yes,Stage 2,Was not a premature at birth,Yes,moderate stress,cases,,,,,,1.029607032,,,,,,,,,,,,,0,0,0,0
7.5838466,5-8,Children,Male,Catholic,Pre-primary,Underweight,Muganda,Both parents alive,high socioecnomic status,Yes,Stage 2,Was not a premature at birth,Yes,mild stress,cases,749,Advanced immune compromised,0,Undetectable,,0.788697544,,,,,,,,,,,,,0,0,0,0
10.554415,9-12,Adolescent,Female,Born Again,Pre-primary,Underweight,Muganda,Both parents dead,high socioecnomic status,Yes,Stage 2,I don’t know,Yes,moderate stress,controls,1105,Advanced immune compromised,,,1.068023698,0.629046694,0.438977,Decreased,,LS,LA/SA,A:A,,C:C,,,,G:G,0,0,0,0
10.006845,9-12,Adolescent,Female,Born Again,Pre-primary,Underweight,Muganda,Both parents alive,high socioecnomic status,Yes,Stage 2,I don’t know,Yes,moderate stress,cases,1010,Advanced immune compromised,0,Undetectable,,0.621206868,,,10/12,LL,LA/LA,A:A,,,,T:T,,G:G,1,1,0,0
11.66872,9-12,Adolescent,Female,Born Again,Pre-primary,Underweight,Non-Munganda but Ugandan,Single parent alive,high socioecnomic status,Yes,Stage 3,Was not a premature at birth,Yes,mild stress,cases,1125,Advanced immune compromised,0,Undetectable,1.085469457,1.038387539,0.047081918,Decreased,,SS,,,A:A,C:T,A:A,G:G,A:A,G:G,0,0,0,0
14,9-12,Adolescent,,,,Normal weight,,,high socioecnomic status,Yes,Stage 2,,,severe stress,controls,661,Advanced immune compromised,0,Undetectable,1.548868034,,,,12/12,LL,LA/LA,A:A,,C:C,G:A,T:G,A:A,G:G,0,0,0,0
11.849419,9-12,Adolescent,Female,Protestant,Pre-primary,Underweight,Muganda,Single parent alive,high socioecnomic status,Yes,Stage 3,Was not a premature at birth,Yes,mild stress,cases,2088,Advanced immune compromised,0,Undetectable,0.814244905,,,,12/12,LS,LA/SA,A:A,,C:C,G:A,T:G,A:A,G:G,0,0,0,0
11.635866,9-12,Adolescent,Male,Muslim,Pre-primary,Underweight,Muganda,Both parents alive,high socioecnomic status,Yes,Stage 2,Was not a premature at birth,Yes,mild stress,cases,424,Possibly immune compromised,128109,Unsuppressed,0.938147625,0.574558967,0.36358866,Decreased,12/12,LL,LA/LG,A:G,A:A,C:C,G:A,T:G,A:A,G:G,0,0,0,0
9.8809032,9-12,Adolescent,Female,Born Again,Pre-primary,Underweight,Non-Munganda but Ugandan,Both parents alive,high socioecnomic status,Yes,Stage 1,Was not a premature at birth,Yes,severe stress,controls,2159,Advanced immune compromised,10,Suppressed,1.012082449,0.850255866,0.16182658,Decreased,12/12,LL,LA/LA,A:A,A:A,C:T,G:A,T:G,A:A,G:G,0,0,0,0
10.321697,9-12,Adolescent,Male,Catholic,Pre-primary,Underweight,Muganda,Single parent alive,low socio-economic status,Yes,Stage 1,Was not a premature at birth,Yes,mild stress,controls,615,Advanced immune compromised,8329,Unsuppressed,,0.937368815,,,12/12,LS,LA/SA,A:A,A:A,C:T,G:A,T:G,A:A,G:G,0,0,0,0
12.77755,9-12,Adolescent,Female,Catholic,Pre-primary,Underweight,Muganda,Single parent alive,high socioecnomic status,No,Stage 2,Was not a premature at birth,No,mild stress,controls,502,Advanced immune compromised,159411,Unsuppressed,1.422728189,0.714864336,0.70786387,Decreased,12/12,LL,LA/LG,A:G,A:A,C:T,G:A,T:G,A:A,G:G,0,0,0,0
12,9-12,Adolescent,Female,Catholic,Pre-primary,Normal weight,Muganda,Both parents alive,high socioecnomic status,Yes,Stage 1,Was not a premature at birth,Yes,severe stress,controls,794,Advanced immune compromised,248,Suppressed,,0.836194958,,,12/12,LL,LA/LA,A:A,G:A,C:T,G:A,T:G,A:A,G:G,0,0,0,0
9.776865,9-12,Adolescent,Female,Protestant,Pre-primary,Underweight,Muganda,Both parents alive,high socioecnomic status,Yes,Stage 1,Was not a premature at birth,Yes,moderate stress,cases,1110,Advanced immune compromised,10,Suppressed,0.974303846,0.975875577,-0.001571731,Increased,12/12,LL,LA/LA,A:A,G:A,C:T,G:A,T:G,A:A,G:G,0,0,0,0
7.0143738,9-12,Adolescent,Female,Protestant,Pre-primary,Underweight,Muganda,Both parents alive,low socio-economic status,Yes,Stage 2,Was not a premature at birth,Yes,moderate stress,controls,1290,Advanced immune compromised,100,Suppressed,1.140333643,0.751366657,0.38896698,Decreased,12/12,LL,LA/LA,A:A,G:A,C:T,G:A,T:G,A:A,G:G,0,0,0,0
6.020534,9-12,Adolescent,Female,Muslim,Pre-primary,Underweight,Muganda,Both parents alive,high socioecnomic status,Yes,Stage 3,Was not a premature at birth,Yes,moderate stress,controls,230,Normal CD4 range,126898,Unsuppressed,1.251030955,,,,10/10,LL,LA/LG,A:G,G:A,C:T,G:A,T:G,A:A,G:G,0,0,0,0
9.9192333,9-12,Adolescent,Female,Protestant,Pre-primary,Underweight,Muganda,Both parents alive,low socio-economic status,Yes,Stage 2,Was not a premature at birth,Yes,moderate stress,cases,1504,Advanced immune compromised,10,Suppressed,,0.885190823,,,12/12,LL,,,,T:T,G:A,T:G,A:A,G:G,0,0,0,0
10.546202,9-12,Adolescent,Male,Muslim,Pre-primary,Underweight,Non-Munganda but Ugandan,Single parent alive,high socioecnomic status,Yes,Stage 1,Was not a premature at birth,Yes,moderate stress,controls,1371,Advanced immune compromised,0,Undetectable,0.978723035,,,,10/12,LL,LA/LA,A:A,A:A,T:T,G:A,T:G,A:A,G:G,0,0,0,0
10.47228,9-12,Adolescent,Female,Protestant,Pre-primary,Underweight,Non-Munganda but Ugandan,Single parent alive,high socioecnomic status,Yes,Stage 4,Was a premature at birth,Yes,moderate stress,controls,2856,Advanced immune compromised,20,Suppressed,1.268638318,,,,12/12,LL,LA/LA,A:A,A:A,T:T,G:A,T:G,A:A,G:G,0,0,0,0
6.1437373,9-12,Adolescent,Male,Muslim,Pre-primary,Underweight,Non-Munganda but Ugandan,Both parents alive,low socio-economic status,Yes,Stage 2,Was not a premature at birth,Yes,mild stress,controls,1979,Advanced immune compromised,10,Suppressed,0.68954233,0.540911816,0.14863051,Decreased,12/12,LS,LA/SA,A:A,A:A,T:T,G:A,T:G,A:A,G:G,0,0,0,0
7.5154004,9-12,Adolescent,Female,Born Again,Pre-primary,Underweight,Non-Munganda but Ugandan,Single parent alive,low socio-economic status,Yes,Stage 2,Was not a premature at birth,Yes,moderate stress,controls,2697,Advanced immune compromised,2697,Unsuppressed,0.991363217,,,,12/12,LL,LA/LA,A:A,A:A,C:C,G:G,T:T,A:A,G:G,0,0,0,0
15,9-12,Adolescent,Male,Protestant,Pre-primary,Underweight,Muganda,Single parent alive,high socioecnomic status,Yes,Stage 3,Was not a premature at birth,Yes,severe stress,cases,63,Normal CD4 range,,,1.460798234,,,,12/12,LL,LA/LA,A:A,A:A,C:T,G:G,T:T,A:A,G:G,1,0,0,1
10.658453,9-12,Adolescent,Female,Catholic,Pre-primary,Underweight,Non-Munganda but Ugandan,Both parents alive,low socio-economic status,Yes,Stage 3,Was not a premature at birth,Yes,moderate stress,cases,1199,Advanced immune compromised,10,Suppressed,0.413076887,0.738992714,-0.32591581,Increased,12/12,LS,LA/SA,A:A,G:A,C:T,G:G,T:T,A:A,G:G,0,0,0,0
7.6002736,9-12,Adolescent,Female,Protestant,Pre-primary,Underweight,Muganda,Single parent alive,high socioecnomic status,Yes,Stage 2,I don’t know,Yes,moderate stress,cases,1047,Advanced immune compromised,10,Suppressed,0.743468807,0.668889622,0.074579187,Decreased,12/12,LL,LA/LA,A:A,G:G,C:T,G:G,T:T,A:A,G:G,0,0,0,0
9.9274473,9-12,Adolescent,Female,Catholic,Pre-primary,Underweight,Muganda,Both parents dead,low socio-economic status,Yes,Stage 2,Was not a premature at birth,Yes,severe stress,cases,940,Advanced immune compromised,0,Undetectable,1.369493592,1.047721388,0.32177222,Decreased,10/10,LS,LA/SA,A:A,A:A,C:C,G:A,,G:A,G:G,0,0,0,0
11.033539,9-12,Adolescent,Female,Catholic,Pre-primary,Underweight,Non-Munganda but Ugandan,Single parent alive,low socio-economic status,Yes,Stage 1,Was not a premature at birth,Yes,moderate stress,cases,1396,Advanced immune compromised,45,Suppressed,2.085857944,1.173718009,0.91213995,Decreased,10/12,LS,LA/SA,A:A,A:A,,G:A,G:G,G:A,G:G,1,0,0,1
9.9466124,9-12,Adolescent,Male,Muslim,Pre-primary,Underweight,Muganda,Both parents alive,high socioecnomic status,Yes,Stage 2,Was not a premature at birth,Yes,moderate stress,controls,940,Advanced immune compromised,0,Undetectable,1.240361857,0.635949443,0.60441244,Decreased,10/12,LL,LA/LG,A:G,A:A,C:C,G:A,G:G,G:A,G:G,0,0,0,0
12,9-12,Adolescent,Male,Protestant,Pre-primary,Underweight,Muganda,Both parents dead,high socioecnomic status,Yes,Stage 1,Was not a premature at birth,Yes,severe stress,cases,816,Advanced immune compromised,10,Suppressed,,,,,10/12,LL,LA/LA,A:A,,C:T,G:A,G:G,G:A,G:G,0,0,0,0
7.8631077,9-12,Adolescent,Male,Protestant,Pre-primary,Underweight,Non-Munganda but Ugandan,Both parents alive,low socio-economic status,Yes,Stage 4,Was not a premature at birth,Yes,mild stress,controls,928,Advanced immune compromised,0,Undetectable,1.089158345,,,,10/12,LL,LA/LA,A:A,A:A,C:T,G:A,G:G,G:A,G:G,0,0,0,0
5.0047913,9-12,Adolescent,Female,Catholic,Pre-primary,Underweight,Muganda,Both parents alive,low socio-economic status,Yes,Stage 1,Was not a premature at birth,Yes,moderate stress,controls,1445,Advanced immune compromised,10,Suppressed,0.715079317,0.886372045,-0.17129272,Increased,12/12,LS,LA/SA,A:A,A:A,C:T,G:A,G:G,G:A,G:G,0,0,0,0
10.718686,9-12,Adolescent,Male,Catholic,Pre-primary,Normal weight,Muganda,Both parents alive,high socioecnomic status,Yes,Stage 1,Was not a premature at birth,Yes,severe stress,cases,921,Advanced immune compromised,0,Undetectable,1.168965415,,,,12/12,LL,LA/LG,A:G,A:A,C:T,G:A,G:G,G:A,G:G,0,0,0,0
12.64887,9-12,Adolescent,Female,Catholic,Pre-primary,Underweight,Muganda,Both parents alive,high socioecnomic status,Yes,Stage 3,Was not a premature at birth,Yes,severe stress,controls,1507,Advanced immune compromised,0,Undetectable,0.879850222,1.065661522,-0.1858113,Increased,10/12,LL,LA/LA,A:A,A:A,C:C,G:A,T:G,G:A,G:G,0,0,0,0
12,9-12,Adolescent,Female,Catholic,Pre-primary,Underweight,Non-Munganda but Ugandan,Both parents alive,low socio-economic status,Yes,Stage 3,Was not a premature at birth,Yes,severe stress,controls,398,Possibly immune compromised,26023,Unsuppressed,0.914324624,1.280310689,-0.36598608,Increased,12/12,LL,LA/LA,A:A,A:A,C:C,G:A,T:G,G:A,G:G,0,0,0,0
9.765914,9-12,Adolescent,Female,Catholic,Pre-primary,Underweight,Muganda,Both parents alive,low socio-economic status,Yes,Stage 2,Was not a premature at birth,Yes,moderate stress,cases,2091,Advanced immune compromised,0,Undetectable,1.235966374,0.887802907,0.34816346,Decreased,,SS,SA/SA,A:A,A:A,C:C,G:A,T:G,G:A,G:G,0,0,0,0
9.1143055,9-12,Adolescent,Male,Catholic,Pre-primary,Underweight,Muganda,Both parents alive,high socioecnomic status,Yes,Stage 2,Was not a premature at birth,Yes,mild stress,controls,1145,Advanced immune compromised,72,Suppressed,1.016765134,0.710600403,0.30616474,Decreased,10/12,LL,LA/LG,A:G,A:A,C:T,G:A,T:G,G:A,G:G,0,0,0,0
12,9-12,Adolescent,Female,Protestant,Pre-primary,Underweight,Non-Munganda but Ugandan,Both parents alive,low socio-economic status,Yes,Stage 3,Was not a premature at birth,Yes,severe stress,cases,712,Advanced immune compromised,838,Suppressed,1.105421869,1.138086329,-0.032664459,Increased,12/12,LL,LA/LG,A:G,A:A,C:T,G:A,T:G,G:A,G:G,0,0,0,0
10.045175,9-12,Adolescent,Male,Born Again,Pre-primary,Underweight,Muganda,Both parents dead,low socio-economic status,Yes,Stage 3,Was not a premature at birth,Yes,moderate stress,controls,620,Advanced immune compromised,0,Undetectable,0.981513373,1.118638707,-0.13712533,Increased,10/12,LL,LA/LA,A:A,G:A,T:T,G:A,T:G,G:A,G:G,0,0,0,0
11.093771,9-12,Adolescent,Female,Muslim,Pre-primary,Underweight,Muganda,Single parent alive,high socioecnomic status,Yes,Stage 2,Was not a premature at birth,Yes,moderate stress,controls,855,Advanced immune compromised,0,Undetectable,1.719963668,0.808661255,0.91130239,Decreased,10/10,LL,LA/LA,A:A,A:A,C:C,G:G,T:G,G:A,G:G,0,0,0,0
11.696098,9-12,Adolescent,Female,Muslim,Pre-primary,Underweight,Muganda,Both parents alive,high socioecnomic status,Yes,Stage 3,Was not a premature at birth,Yes,moderate stress,cases,1080,Advanced immune compromised,0,Undetectable,1.131768269,0.903364719,0.22840355,Decreased,12/12,LL,LA/LA,A:A,A:A,C:C,G:G,T:G,G:A,G:G,1,0,0,1
10.162902,9-12,Adolescent,Female,Catholic,Pre-primary,Underweight,Muganda,Both parents alive,low socio-economic status,Yes,Stage 2,Was not a premature at birth,Yes,severe stress,cases,54,Normal CD4 range,38874,Unsuppressed,,0.627142457,,,12/12,LL,LA/LA,A:A,A:A,C:C,G:G,T:G,G:A,G:G,1,0,0,1
11.761807,9-12,Adolescent,Male,Catholic,Pre-primary,Underweight,Muganda,Both parents alive,low socio-economic status,Yes,Stage 2,Was not a premature at birth,Yes,moderate stress,cases,959,Advanced immune compromised,10,Suppressed,1.963776273,0.911423445,1.0523528,Decreased,12/12,LL,LA/LA,A:A,A:A,C:C,G:G,T:G,G:A,G:G,0,0,0,0
9.5195074,9-12,Adolescent,Male,Born Again,Pre-primary,Underweight,Non-Munganda but Ugandan,Both parents alive,high socioecnomic status,Yes,Stage 3,Was not a premature at birth,Yes,mild stress,cases,540,Advanced immune compromised,0,Undetectable,1.734832686,0.855787348,0.87904537,Decreased,10/12,LL,LA/LA,A:A,A:A,C:T,G:G,T:G,G:A,G:G,1,0,0,1
12,9-12,Adolescent,Male,Catholic,Pre-primary,Underweight,Muganda,Both parents alive,high socioecnomic status,Yes,Stage 3,Was not a premature at birth,Yes,severe stress,cases,922,Advanced immune compromised,0,Undetectable,1.345982994,0.574337344,0.77164567,Decreased,10/12,LL,LA/LA,A:A,A:A,C:T,G:G,T:G,G:A,G:G,1,1,0,1
5.8535252,9-12,Adolescent,Male,Born Again,Pre-primary,Underweight,Non-Munganda but Ugandan,,high socioecnomic status,Yes,Stage 2,Was not a premature at birth,Yes,mild stress,controls,1205,Advanced immune compromised,0,Undetectable,1.106305257,0.925778424,0.18052684,Decreased,10/12,LL,LA/LG,A:G,A:A,C:T,G:G,T:G,G:A,G:G,0,0,0,0
7.5208759,9-12,Adolescent,Female,Catholic,Pre-primary,Underweight,Muganda,Both parents alive,high socioecnomic status,Yes,Stage 2,Was not a premature at birth,Yes,mild stress,controls,1079,Advanced immune compromised,54,Suppressed,0.92863567,0.504268984,0.42436668,Decreased,10/12,LL,LA/LA,A:A,G:A,C:T,G:G,T:G,G:A,G:G,0,0,0,0
9.7357969,9-12,Adolescent,Female,Catholic,Pre-primary,Underweight,Muganda,Both parents alive,low socio-economic status,Yes,Stage 1,Was not a premature at birth,Yes,moderate stress,cases,1377,Advanced immune compromised,0,Undetectable,1.238328358,0.943502333,0.29482603,Decreased,12/12,LL,LA/LA,A:A,A:A,C:C,G:G,T:T,G:A,G:G,0,0,0,0
11.19781,9-12,Adolescent,Male,Catholic,Pre-primary,Underweight,Non-Munganda but Ugandan,Both parents alive,high socioecnomic status,Yes,Stage 2,Was not a premature at birth,Yes,moderate stress,controls,635,Advanced immune compromised,12746,Unsuppressed,0.622476955,0.697491796,-0.075014845,Increased,12/12,LS,LA/SA,A:A,A:A,C:C,G:G,T:T,G:A,G:G,0,0,0,0
,9-12,Adolescent,Male,Catholic,Pre-primary,Underweight,Muganda,Single parent alive,low socio-economic status,Yes,Stage 2,Was not a premature at birth,Yes,mild stress,cases,1172,Advanced immune compromised,0,Undetectable,1.202226557,0.767575262,0.43465129,Decreased,10/12,LL,,,A:A,C:C,G:G,T:T,G:A,G:G,0,0,0,0
8.8268309,9-12,Adolescent,Female,Catholic,Pre-primary,Underweight,Muganda,Single parent alive,high socioecnomic status,Yes,Stage 2,Was not a premature at birth,Yes,mild stress,controls,1660,Advanced immune compromised,10,Suppressed,0.929660644,,,,,LS,LA/SA,A:A,A:A,C:T,G:G,T:T,G:A,G:G,0,0,0,0
17.114305,9-12,Adolescent,Male,Catholic,No formal education,Normal weight,Muganda,Both parents dead,high socioecnomic status,No,Stage 2,Was not a premature at birth,Yes,mild stress,controls,793,Advanced immune compromised,,,0.999425103,1.062257704,-0.062832601,Increased,12/12,SS,SA/SA,A:A,A:A,C:T,G:G,T:T,G:A,G:G,1,1,0,1
,9-12,Adolescent,Female,Catholic,Pre-primary,Underweight,Muganda,Both parents alive,low socio-economic status,Yes,Stage 2,Was not a premature at birth,Yes,mild stress,cases,506,Advanced immune compromised,0,Undetectable,0.901998222,0.792979697,0.10901853,Decreased,10/10,SS,SA/SA,A:A,G:A,C:T,G:G,T:T,G:A,G:G,0,0,0,0
9.6262836,9-12,Adolescent,Female,Born Again,Pre-primary,Underweight,Muganda,Both parents alive,high socioecnomic status,Yes,Stage 2,Was not a premature at birth,Yes,severe stress,cases,1057,Advanced immune compromised,0,Undetectable,,0.627398977,,,12/12,LL,LA/LG,A:G,G:A,C:T,G:G,T:T,G:A,G:G,0,0,0,0
9.319644,9-12,Adolescent,Female,Catholic,Pre-primary,Underweight,Muganda,Both parents alive,low socio-economic status,No,Stage 2,Was not a premature at birth,Yes,moderate stress,controls,1231,Advanced immune compromised,9593,Unsuppressed,1.426889709,0.800829778,0.62605995,Decreased,10/10,LL,LA/LG,A:G,,T:T,G:G,T:T,G:A,G:G,0,0,0,0
9.0020533,9-12,Adolescent,Female,Protestant,Pre-primary,Underweight,Muganda,Both parents alive,low socio-economic status,Yes,Stage 3,Was not a premature at birth,Yes,mild stress,controls,918,Advanced immune compromised,0,Undetectable,0.927291434,0.650718984,0.27657244,Decreased,12/12,LL,LA/LA,A:A,A:A,T:T,G:G,T:T,G:A,G:G,0,0,0,0
11.488022,9-12,Adolescent,Female,Catholic,Pre-primary,Normal weight,Muganda,Both parents alive,low socio-economic status,Yes,Stage 3,Was not a premature at birth,Yes,severe stress,cases,839,Advanced immune compromised,0,Undetectable,1.766849669,0.585146922,1.1817027,Decreased,10/10,LL,LA/LA,A:A,G:A,T:T,G:G,T:T,G:A,G:G,0,0,0,0
9.3059549,9-12,Adolescent,Male,Born Again,Pre-primary,Underweight,Muganda,Both parents alive,low socio-economic status,Yes,Stage 1,Was not a premature at birth,Yes,mild stress,cases,920,Advanced immune compromised,296224,Unsuppressed,0.94356381,,,,10/12,LS,SA/LG,A:G,,C:T,G:A,G:G,G:G,G:G,1,1,0,0
8.3969879,9-12,Adolescent,Female,Catholic,Pre-primary,Underweight,Muganda,Single parent alive,low socio-economic status,Yes,Stage 4,Was not a premature at birth,Yes,severe stress,controls,1280,Advanced immune compromised,0,Undetectable,1.150163041,0.684399205,0.46576384,Decreased,10/12,LL,LG/LG,G:G,G:A,C:T,G:A,G:G,G:G,G:G,0,0,0,0
10.986995,9-12,Adolescent,Female,Muslim,Pre-primary,Underweight,Non-Ugandan,Both parents alive,low socio-economic status,Yes,Stage 3,Was not a premature at birth,Yes,moderate stress,cases,1237,Advanced immune compromised,10,Suppressed,1.200013227,0.941725668,0.25828755,Decreased,10/12,LS,LA/SA,A:A,A:A,C:C,G:G,G:G,G:G,G:G,0,0,0,0
12,9-12,Adolescent,Male,Born Again,Pre-primary,Underweight,Non-Munganda but Ugandan,Both parents alive,high socioecnomic status,Yes,Stage 3,I don’t know,Yes,mild stress,cases,172,Normal CD4 range,101523,Unsuppressed,1.794105343,0.29745948,1.4966458,Decreased,12/12,LL,LA/LA,A:A,G:A,C:C,G:G,G:G,G:G,G:G,1,0,0,1
11.920603,9-12,Adolescent,Female,Protestant,Pre-primary,Normal weight,Muganda,Single parent alive,high socioecnomic status,Yes,Stage 2,Was not a premature at birth,Yes,mild stress,cases,1607,Advanced immune compromised,0,Undetectable,1.358449326,,,,12/12,LS,SA/LG,A:G,A:A,C:C,G:G,T:G,G:G,G:G,1,0,0,1
10.110883,9-12,Adolescent,Male,Muslim,Pre-primary,Underweight,Muganda,Both parents alive,high socioecnomic status,Yes,Stage 2,Was not a premature at birth,Yes,severe stress,cases,1365,Advanced immune compromised,1307,Unsuppressed,1.064150675,0.793425076,0.27072561,Decreased,10/12,SS,SA/SA,A:A,G:A,C:C,G:G,T:G,G:G,G:G,1,1,1,1
7.3319645,9-12,Adolescent,Male,Catholic,Pre-primary,Underweight,Muganda,Single parent alive,low socio-economic status,Yes,Stage 1,Was not a premature at birth,Yes,moderate stress,controls,1369,Advanced immune compromised,0,Undetectable,1.355694272,0.787669543,0.56802475,Decreased,12/12,LS,SA/LG,A:G,G:A,C:C,G:G,T:G,G:G,G:G,0,0,0,0
9.2265568,9-12,Adolescent,Male,Muslim,Pre-primary,Underweight,Muganda,Both parents dead,high socioecnomic status,Yes,Stage 2,Was not a premature at birth,Yes,mild stress,cases,1090,Advanced immune compromised,0,Undetectable,,0.7357,,,10/12,LS,LA/SA,A:A,A:A,C:T,G:G,T:G,G:G,G:G,0,0,0,0
9.6755648,9-12,Adolescent,Male,Protestant,Pre-primary,Underweight,Muganda,Single parent alive,high socioecnomic status,Yes,Stage 3,Was not a premature at birth,Yes,moderate stress,cases,1001,Advanced immune compromised,0,Undetectable,1.511060571,1.782841753,-0.27178118,Increased,12/12,LL,LA/LG,A:G,A:A,C:T,G:G,T:G,G:G,G:G,1,0,0,1
7.0088978,9-12,Adolescent,Male,Catholic,Pre-primary,Underweight,Muganda,Both parents alive,low socio-economic status,Yes,Stage 2,Was not a premature at birth,Yes,moderate stress,controls,827,Advanced immune compromised,10,Suppressed,0.849656978,,,,12/12,LL,LA/LA,A:A,G:A,C:T,G:G,T:G,G:G,G:G,0,0,0,0
9.3716631,9-12,Adolescent,Female,Catholic,Pre-primary,Underweight,Non-Munganda but Ugandan,Both parents alive,low socio-economic status,Yes,Stage 1,Was not a premature at birth,Yes,moderate stress,controls,1439,Advanced immune compromised,0,Undetectable,1.050337298,0.717121409,0.33321589,Decreased,12/12,LL,LA/LA,A:A,A:A,C:C,G:G,T:T,G:G,G:G,0,0,0,0
9.0869265,9-12,Adolescent,Female,Catholic,Pre-primary,Underweight,Muganda,Single parent alive,low socio-economic status,Yes,Stage 2,Was not a premature at birth,Yes,mild stress,controls,932,Advanced immune compromised,10,Suppressed,0.493778884,,,,12/12,LL,LA/LA,A:A,A:A,C:T,G:G,T:T,G:G,G:G,0,0,0,0
9.1937027,9-12,Adolescent,Female,Catholic,Pre-primary,Underweight,Muganda,Both parents alive,low socio-economic status,Yes,Stage 1,Was not a premature at birth,Yes,severe stress,cases,1167,Advanced immune compromised,0,Undetectable,0.754809932,0.682888251,0.071921684,Decreased,12/12,LS,LA/SA,A:A,A:A,C:T,G:G,T:T,G:G,G:G,0,0,0,0
13,9-12,Adolescent,Male,Catholic,Pre-primary,Overweight,Muganda,Single parent alive,low socio-economic status,Yes,Stage 2,Was not a premature at birth,Yes,severe stress,cases,747,Advanced immune compromised,,,,0.692318193,,,12/12,LS,LA/SA,A:A,A:A,C:T,G:G,T:T,G:G,G:G,1,0,1,0
11.247091,9-12,Adolescent,Female,Born Again,Pre-primary,Underweight,Muganda,Single parent alive,low socio-economic status,Yes,Stage 3,Was not a premature at birth,Yes,severe stress,cases,490,Possibly immune compromised,186,Suppressed,1.101223046,0.904994874,0.19622818,Decreased,12/12,LL,LA/LA,A:A,,C:T,G:G,G:G,,T:G,1,0,0,1
12,9-12,Adolescent,Female,Catholic,Pre-primary,Underweight,Non-Munganda but Ugandan,Both parents alive,high socioecnomic status,Yes,Stage 2,I don’t know,Yes,severe stress,cases,395,Possibly immune compromised,10273,Unsuppressed,,1.025199554,,,12/12,LL,LA/LA,A:A,,T:T,G:G,T:T,,T:G,1,0,1,1
14,9-12,Adolescent,Male,Muslim,Secondary level,Underweight,Muganda,Both parents alive,low socio-economic status,Yes,Stage 3,Was not a premature at birth,Yes,mild stress,cases,288,Normal CD4 range,4234,Unsuppressed,,0.871385288,,,,LS,LA/SA,A:A,,T:T,,G:G,A:A,T:G,0,0,0,0
9.7138948,9-12,Adolescent,Male,Muslim,Pre-primary,Underweight,Muganda,Both parents alive,low socio-economic status,Yes,Stage 2,Was not a premature at birth,Yes,mild stress,cases,1347,Advanced immune compromised,0,Undetectable,1.171981072,0.769313205,0.40266788,Decreased,12/12,LS,LA/SA,A:A,A:A,C:C,A:A,G:G,A:A,T:G,1,0,0,1
9.9986315,9-12,Adolescent,Male,Protestant,Pre-primary,Underweight,Muganda,Both parents alive,high socioecnomic status,Yes,Stage 2,Was not a premature at birth,Yes,mild stress,cases,163,Normal CD4 range,217704,Unsuppressed,1.325484837,0.640266318,0.68521851,Decreased,12/12,LS,LA/SA,A:A,A:A,C:T,A:A,G:G,A:A,T:G,0,0,0,0
11.646817,9-12,Adolescent,Male,Catholic,Pre-primary,Underweight,Muganda,Both parents alive,high socioecnomic status,Yes,Stage 2,Was not a premature at birth,I don’t know,severe stress,cases,934,Advanced immune compromised,93,Suppressed,0.646782592,0.917720782,-0.27093819,Increased,10/12,SS,SA/SA,A:A,A:A,C:T,A:A,G:G,A:A,T:G,1,0,1,1
14,9-12,Adolescent,Female,Born Again,Pre-primary,Underweight,Muganda,Both parents dead,high socioecnomic status,Yes,Stage 3,Was not a premature at birth,Yes,severe stress,cases,234,Normal CD4 range,,,1.176255778,,,,12/12,LS,LA/SA,A:A,A:A,C:C,G:A,T:G,A:A,T:G,1,0,0,1
6.0561261,9-12,Adolescent,Female,Protestant,Pre-primary,Underweight,Muganda,Single parent alive,high socioecnomic status,Yes,Stage 2,Was not a premature at birth,Yes,mild stress,controls,1232,Advanced immune compromised,0,Undetectable,0.627998946,,,,10/12,LL,LA/LG,A:G,A:A,C:C,G:A,T:G,A:A,T:G,0,0,0,0
11.520876,9-12,Adolescent,Male,Protestant,Secondary level,Normal weight,Non-Munganda but Ugandan,Single parent alive,high socioecnomic status,Yes,Stage 2,Was not a premature at birth,Yes,mild stress,controls,926,Advanced immune compromised,10,Suppressed,,0.556075803,,,10/12,LL,LA/LA,A:A,A:A,C:T,G:A,T:G,A:A,T:G,0,0,0,0
13,9-12,Adolescent,Female,Born Again,Pre-primary,Underweight,Non-Munganda but Ugandan,Single parent alive,high socioecnomic status,Yes,Stage 2,Was not a premature at birth,Yes,moderate stress,controls,503,Advanced immune compromised,10,Suppressed,,0.809906759,,,,LL,LA/LG,A:G,A:A,T:T,G:A,T:G,A:A,T:G,1,0,1,1
10.937714,9-12,Adolescent,Male,Muslim,Pre-primary,Underweight,Muganda,Both parents alive,low socio-economic status,Yes,Stage 1,Was not a premature at birth,Yes,severe stress,cases,932,Advanced immune compromised,10,Suppressed,,0.932211263,,,10/12,LS,SA/LG,A:G,G:A,T:T,G:A,T:G,A:A,T:G,1,1,0,0
9.6974678,9-12,Adolescent,Female,Born Again,Pre-primary,Underweight,Muganda,Both parents dead,low socio-economic status,Yes,Stage 2,Was not a premature at birth,Yes,mild stress,cases,1336,Advanced immune compromised,0,Undetectable,1.57081727,0.626501689,0.94431555,Decreased,12/12,LL,LA/LA,A:A,G:A,,G:G,T:T,A:A,T:G,0,0,0,0
9.8754282,9-12,Adolescent,Female,Muslim,Pre-primary,Underweight,Non-Munganda but Ugandan,Both parents alive,high socioecnomic status,Yes,Stage 1,Was not a premature at birth,Yes,moderate stress,cases,1232,Advanced immune compromised,10,Suppressed,1.966361669,,,,12/12,LL,LA/LG,A:G,,C:C,G:G,T:T,A:A,T:G,0,0,0,0
11.655031,9-12,Adolescent,Male,Catholic,Pre-primary,Underweight,Muganda,Single parent alive,low socio-economic status,Yes,Stage 2,Was not a premature at birth,Yes,severe stress,controls,56,Normal CD4 range,523935,Unsuppressed,1.132337931,0.96591053,0.1664274,Decreased,10/12,LL,LA/LG,A:G,A:A,C:C,G:G,T:T,A:A,T:G,0,0,0,0
15,9-12,Adolescent,Female,Protestant,Secondary level,Normal weight,Non-Munganda but Ugandan,Both parents alive,low socio-economic status,Yes,Stage 1,Was not a premature at birth,Yes,severe stress,controls,452,Possibly immune compromised,,,1.031193157,0.990617642,0.040575515,Decreased,10/12,LL,LA/LG,A:G,A:A,C:C,G:G,T:T,A:A,T:G,1,0,0,1
9.9110203,9-12,Adolescent,Female,Catholic,Pre-primary,Underweight,Muganda,Both parents alive,low socio-economic status,Yes,Stage 3,Was not a premature at birth,Yes,moderate stress,controls,601,Advanced immune compromised,0,Undetectable,,0.728504977,,,12/12,LL,LA/LA,A:A,A:A,C:T,G:G,T:T,A:A,T:G,0,0,0,0
12,9-12,Adolescent,Male,Protestant,Pre-primary,Underweight,Non-Munganda but Ugandan,Single parent alive,high socioecnomic status,Yes,Stage 2,Was not a premature at birth,Yes,moderate stress,cases,862,Advanced immune compromised,,,0.867129731,0.751175712,0.11595402,Decreased,12/12,LS,LA/LA,A:A,A:A,C:T,G:G,T:T,A:A,T:G,0,0,0,0
11.367557,9-12,Adolescent,Male,Catholic,Pre-primary,Underweight,Muganda,Both parents alive,high socioecnomic status,Yes,Stage 2,Was not a premature at birth,Yes,mild stress,controls,1121,Advanced immune compromised,,,,1.01577767,,,10/12,LL,LA/LG,A:G,A:A,C:T,G:G,T:T,A:A,T:G,0,0,0,0
13,9-12,Adolescent,Male,Muslim,Secondary level,Underweight,Non-Munganda but Ugandan,Single parent alive,high socioecnomic status,Yes,Stage 3,Was not a premature at birth,Yes,moderate stress,cases,216,Normal CD4 range,,,1.075606057,,,,12/12,LL,LA/LG,A:G,A:A,C:T,G:G,T:T,A:A,T:G,0,0,0,0
12.799453,9-12,Adolescent,Male,Born Again,Pre-primary,Normal weight,Non-Munganda but Ugandan,Single parent alive,low socio-economic status,Yes,Stage 2,Was not a premature at birth,Yes,moderate stress,cases,916,Advanced immune compromised,20,Suppressed,0.906139018,0.585325945,0.32081306,Decreased,10/10,LL,LG/LG,G:G,A:A,C:T,G:G,T:T,A:A,T:G,0,0,0,0
14.655715,9-12,Adolescent,Male,Catholic,Pre-primary,Underweight,Non-Munganda but Ugandan,Both parents dead,high socioecnomic status,Yes,Stage 2,Was not a premature at birth,Yes,moderate stress,controls,510,Advanced immune compromised,1893,Unsuppressed,1.380544248,1.378091384,0.002452864,Decreased,12/12,LL,LA/LA,A:A,G:A,C:T,G:G,T:T,A:A,T:G,0,0,0,0
4.9993157,9-12,Adolescent,Female,Catholic,Pre-primary,Underweight,Muganda,Both parents alive,low socio-economic status,Yes,Stage 2,Was not a premature at birth,Yes,mild stress,controls,1516,Advanced immune compromised,5314,Unsuppressed,0.994935251,0.802960956,0.1919743,Decreased,,LS,LA/SA,A:A,G:A,C:T,G:G,T:T,A:A,T:G,0,0,0,0
10.327173,9-12,Adolescent,Male,Catholic,Pre-primary,Underweight,Non-Munganda but Ugandan,Single parent alive,high socioecnomic status,Yes,Stage 2,Was not a premature at birth,Yes,severe stress,cases,685,Advanced immune compromised,0,Undetectable,0.913303886,0.627025756,0.28627813,Decreased,12/12,LL,LA/LA,A:A,A:A,C:C,A:A,G:G,G:A,T:G,1,1,0,0
11.156742,9-12,Adolescent,Male,Catholic,Pre-primary,Underweight,Muganda,Both parents alive,high socioecnomic status,Yes,Stage 1,Was not a premature at birth,Yes,moderate stress,cases,1046,Advanced immune compromised,10,Suppressed,,,,,12/12,LL,LG/LG,G:G,A:A,C:C,A:A,G:G,G:A,T:G,1,1,0,0
9.4346342,9-12,Adolescent,Female,Muslim,Pre-primary,Underweight,Muganda,Single parent alive,low socio-economic status,Yes,Stage 2,Was not a premature at birth,Yes,moderate stress,controls,427,Possibly immune compromised,0,Undetectable,1.607387747,0.858416463,0.74897128,Decreased,12/12,LS,LA/SA,A:A,A:A,C:C,G:A,G:G,G:A,T:G,0,0,0,0
12,9-12,Adolescent,Male,Muslim,Pre-primary,Underweight,Muganda,Both parents dead,high socioecnomic status,Yes,Stage 1,Was not a premature at birth,Yes,severe stress,cases,825,Advanced immune compromised,,,1.481517406,,,,10/12,LL,LA/LG,A:G,A:A,C:C,G:A,G:G,G:A,T:G,1,1,0,1
7.4360027,9-12,Adolescent,Female,Muslim,Pre-primary,Underweight,Muganda,Single parent alive,low socio-economic status,Yes,Stage 1,Was not a premature at birth,Yes,mild stress,controls,922,Advanced immune compromised,0,Undetectable,0.791777587,1.136228484,-0.34445089,Increased,10/12,LS,SA/LG,A:G,A:A,C:C,G:A,G:G,G:A,T:G,0,0,0,0
9.1800137,9-12,Adolescent,Female,Muslim,Pre-primary,Underweight,Non-Munganda but Ugandan,Both parents alive,high socioecnomic status,Yes,Stage 3,Was not a premature at birth,Yes,severe stress,cases,711,Advanced immune compromised,227078,Unsuppressed,1.319628287,0.537000548,0.78262776,Decreased,10/12,LL,LG/LG,G:G,A:A,C:C,G:A,G:G,G:A,T:G,1,1,0,1
10.004107,9-12,Adolescent,Female,Catholic,Pre-primary,Underweight,Muganda,Single parent alive,low socio-economic status,Yes,Stage 2,Was not a premature at birth,Yes,moderate stress,controls,380,Possibly immune compromised,27678,Unsuppressed,0.851776355,0.821085396,0.030690959,Decreased,10/12,LL,LA/LA,A:A,A:A,C:T,G:A,G:G,G:A,T:G,0,0,0,0
11.195072,9-12,Adolescent,Male,Born Again,Pre-primary,Underweight,Non-Munganda but Ugandan,Single parent alive,high socioecnomic status,Yes,Stage 1,Was not a premature at birth,Yes,severe stress,controls,1328,Advanced immune compromised,10,Suppressed,0.617718807,0.711683386,-0.093964577,Increased,12/12,LL,LA/LA,A:A,A:A,C:T,G:A,G:G,G:A,T:G,0,0,0,0
9.774127,9-12,Adolescent,Female,Catholic,Pre-primary,Underweight,Muganda,Both parents alive,low socio-economic status,Yes,Stage 3,Was not a premature at birth,Yes,mild stress,controls,1209,Advanced immune compromised,0,Undetectable,1.411551387,0.975856043,0.43569535,Decreased,12/12,LL,LA/LA,A:A,A:A,C:T,G:A,G:G,G:A,T:G,0,0,0,0
10.190281,9-12,Adolescent,Female,Catholic,Pre-primary,Normal weight,Muganda,Single parent alive,high socioecnomic status,Yes,Stage 3,Was not a premature at birth,Yes,mild stress,cases,1123,Advanced immune compromised,0,Undetectable,1.360972198,,,,12/12,LL,LA/LA,A:A,A:A,C:T,G:A,G:G,G:A,T:G,0,0,0,0
6.7132101,9-12,Adolescent,Female,Catholic,Pre-primary,Underweight,Muganda,Both parents alive,low socio-economic status,Yes,Stage 3,Was not a premature at birth,Yes,mild stress,cases,1704,Advanced immune compromised,0,Undetectable,0.987050148,,,,12/12,LL,LA/LA,A:A,A:A,C:T,G:A,G:G,G:A,T:G,0,0,0,0
,9-12,Adolescent,Female,Catholic,Pre-primary,Underweight,Muganda,Both parents alive,high socioecnomic status,Yes,Stage 3,Was not a premature at birth,I don’t know,mild stress,controls,11,Normal CD4 range,27888,Unsuppressed,,,,,12/12,LL,LA/LA,A:A,A:A,C:T,G:A,G:G,G:A,T:G,0,0,0,0
10.365503,9-12,Adolescent,Male,Born Again,Pre-primary,Underweight,Muganda,Single parent alive,low socio-economic status,Yes,Stage 3,Was a premature at birth,Yes,moderate stress,controls,2272,Advanced immune compromised,0,Undetectable,1.009602097,,,,10/12,LL,LA/LG,A:G,A:A,C:T,G:A,G:G,G:A,T:G,0,0,0,0
10.179329,9-12,Adolescent,Female,Catholic,Pre-primary,Underweight,Muganda,Both parents alive,low socio-economic status,Yes,Stage 3,Was not a premature at birth,Yes,mild stress,cases,477,Possibly immune compromised,0,Undetectable,1.242561827,0.884942814,0.35761902,Decreased,10/12,LS,SA/LG,A:G,,T:T,G:A,G:G,G:A,T:G,0,0,0,0
10.940452,9-12,Adolescent,Male,SDA,Pre-primary,Underweight,Non-Munganda but Ugandan,Both parents alive,high socioecnomic status,Yes,Stage 1,Was not a premature at birth,Yes,severe stress,cases,1168,Advanced immune compromised,0,Undetectable,1.545693298,0.789373217,0.75632006,Decreased,12/12,LL,LA/LG,A:G,A:A,T:T,G:A,G:G,G:A,T:G,1,0,1,0
9.1307325,9-12,Adolescent,Male,Protestant,Pre-primary,Underweight,Muganda,Both parents alive,high socioecnomic status,Yes,Stage 1,Was not a premature at birth,Yes,moderate stress,controls,1393,Advanced immune compromised,33,Suppressed,,0.788125342,,,12/12,LL,LA/LA,A:A,A:A,C:C,G:A,T:G,G:A,T:G,0,0,0,0
10.247775,9-12,Adolescent,Male,Catholic,Pre-primary,Underweight,Muganda,Single parent alive,low socio-economic status,Yes,Stage 1,Was not a premature at birth,Yes,moderate stress,cases,872,Advanced immune compromised,10,Suppressed,0.83668677,0.943806595,-0.10711983,Increased,10/12,LS,LA/SA,A:A,A:A,C:C,G:A,T:G,G:A,T:G,0,0,0,0
15,9-12,Adolescent,Female,Catholic,Pre-primary,Normal weight,Muganda,Single parent alive,high socioecnomic status,Yes,Stage 3,Was not a premature at birth,Yes,mild stress,controls,135,Normal CD4 range,50114,Unsuppressed,0.773490228,0.785824513,-0.012334285,Increased,12/12,LL,LA/LA,A:A,G:A,C:C,G:A,T:G,G:A,T:G,1,0,0,1
12,9-12,Adolescent,Female,Born Again,Pre-primary,Normal weight,Non-Munganda but Ugandan,Both parents alive,high socioecnomic status,Yes,Stage 1,Was not a premature at birth,Yes,moderate stress,controls,583,Advanced immune compromised,,,0.982473745,1.18225002,-0.19977628,Increased,10/12,LL,LA/LG,A:G,G:A,C:C,G:A,T:G,G:A,T:G,1,0,0,1
16,9-12,Adolescent,Male,Catholic,Secondary level,Underweight,Muganda,Single parent alive,high socioecnomic status,Yes,Stage 3,Was not a premature at birth,Yes,severe stress,cases,19,Normal CD4 range,,,1.349523439,,,,10/12,LL,LA/LG,A:G,G:A,C:C,G:A,T:G,G:A,T:G,1,0,0,1
10.368241,9-12,Adolescent,Female,Muslim,Pre-primary,Underweight,Muganda,Both parents alive,high socioecnomic status,Yes,Stage 2,Was not a premature at birth,Yes,moderate stress,controls,1086,Advanced immune compromised,0,Undetectable,1.391651107,1.182258437,0.20939267,Decreased,12/12,LL,LA/LA,A:A,A:A,C:T,G:A,T:G,G:A,T:G,0,0,0,0
9.0513344,9-12,Adolescent,Male,Catholic,Pre-primary,Underweight,Non-Munganda but Ugandan,Both parents dead,low socio-economic status,Yes,Stage 2,Was not a premature at birth,Yes,mild stress,controls,48,Normal CD4 range,553958,Unsuppressed,1.872832211,0.934580098,0.93825209,Decreased,10/12,LL,LA/SA,A:A,A:A,C:T,G:A,T:G,G:A,T:G,0,0,0,0
13,9-12,Adolescent,Male,Born Again,Pre-primary,Normal weight,Muganda,Both parents alive,low socio-economic status,Yes,Stage 1,Was not a premature at birth,Yes,moderate stress,cases,942,Advanced immune compromised,,,1.120460909,0.805442382,0.31501853,Decreased,12/12,LL,LA/LG,A:G,A:A,C:T,G:A,T:G,G:A,T:G,0,0,0,0
11.370295,9-12,Adolescent,Male,Muslim,Pre-primary,Underweight,Muganda,Both parents alive,high socioecnomic status,Yes,Stage 2,Was not a premature at birth,No,mild stress,controls,,,10,Suppressed,1.206252875,1.713417016,-0.50716412,Increased,12/12,LL,LA/LG,A:G,A:A,C:T,G:A,T:G,G:A,T:G,0,0,0,0
10.896646,9-12,Adolescent,Male,Catholic,Pre-primary,Underweight,Non-Munganda but Ugandan,Single parent alive,high socioecnomic status,Yes,Stage 3,Was not a premature at birth,Yes,moderate stress,controls,702,Advanced immune compromised,0,Undetectable,1.303673058,0.998377445,0.30529562,Decreased,12/12,LS,LA/SA,A:A,G:A,C:T,G:A,T:G,G:A,T:G,0,0,0,0
11.422314,9-12,Adolescent,Female,Born Again,Pre-primary,Underweight,Muganda,Both parents alive,high socioecnomic status,Yes,Stage 1,Was not a premature at birth,Yes,moderate stress,cases,1294,Advanced immune compromised,0,Undetectable,1.166860559,0.296571132,0.87028944,Decreased,10/12,LL,LA/LG,A:G,G:A,C:T,G:A,T:G,G:A,T:G,0,0,0,0
10.075291,9-12,Adolescent,Female,Catholic,Pre-primary,Underweight,Muganda,Both parents alive,high socioecnomic status,Yes,Stage 2,Was not a premature at birth,Yes,mild stress,cases,1545,Advanced immune compromised,36,Suppressed,1.015089324,1.558985368,-0.54389602,Increased,12/12,LL,LA/LA,A:A,A:A,T:T,G:A,T:G,G:A,T:G,0,0,0,0
9.6235456,9-12,Adolescent,Female,Muslim,Pre-primary,Underweight,Muganda,Single parent alive,low socio-economic status,Yes,Stage 2,Was not a premature at birth,Yes,moderate stress,controls,953,Advanced immune compromised,31488,Unsuppressed,0.86278563,0.834881155,0.027904475,Decreased,10/12,LL,LA/LG,A:G,A:A,T:T,G:A,T:G,G:A,T:G,0,0,0,0
,9-12,Adolescent,Female,Born Again,Pre-primary,Underweight,Non-Ugandan,Single parent alive,low socio-economic status,Yes,Stage 1,Was not a premature at birth,Yes,severe stress,cases,55,Normal CD4 range,11274,Unsuppressed,1.346998307,,,,10/10,LS,SA/LG,A:G,A:A,T:T,G:A,T:G,G:A,T:G,0,0,0,0
15,9-12,Adolescent,Female,Muslim,Secondary level,Underweight,Muganda,Both parents alive,high socioecnomic status,Yes,Stage 2,Was not a premature at birth,Yes,severe stress,controls,392,Possibly immune compromised,1033,Unsuppressed,,,,,,LL,LA/LG,A:G,,C:C,G:G,T:G,G:A,T:G,1,0,1,1
17,9-12,Adolescent,Female,Catholic,Pre-primary,Underweight,Muganda,Both parents dead,high socioecnomic status,Yes,Stage 2,Was not a premature at birth,Yes,moderate stress,controls,470,Possibly immune compromised,,,1.864431042,0.701651876,1.1627792,Decreased,10/10,LL,LA/LG,A:G,A:A,C:C,G:G,T:G,G:A,T:G,0,0,0,0
9.6344967,9-12,Adolescent,Female,Catholic,Pre-primary,Underweight,Muganda,Both parents alive,low socio-economic status,No,Stage 2,I don’t know,Yes,moderate stress,controls,1758,Advanced immune compromised,2360,Unsuppressed,1.379360332,0.898098593,0.48126173,Decreased,12/12,LL,LA/LG,A:G,A:A,C:C,G:G,T:G,G:A,T:G,0,0,0,0
14,9-12,Adolescent,Female,Muslim,Secondary level,Normal weight,Muganda,Single parent alive,high socioecnomic status,Yes,Stage 3,Was not a premature at birth,Yes,mild stress,controls,494,Possibly immune compromised,369,Suppressed,1.707135603,1.420415626,0.28671998,Decreased,12/12,LL,LA/LG,A:G,A:A,C:C,G:G,T:G,G:A,T:G,0,0,0,0
12,9-12,Adolescent,Female,Catholic,Pre-primary,Underweight,Non-Munganda but Ugandan,Both parents alive,high socioecnomic status,Yes,Stage 2,Was not a premature at birth,Yes,mild stress,cases,632,Advanced immune compromised,191,Suppressed,1.342837189,0.714066174,0.62877101,Decreased,12/12,LS,LA/SA,A:A,G:A,C:C,G:G,T:G,G:A,T:G,1,0,0,1
11.430527,9-12,Adolescent,Male,Protestant,Pre-primary,Underweight,Muganda,Both parents alive,low socio-economic status,Yes,Stage 2,Was not a premature at birth,Yes,severe stress,cases,707,Advanced immune compromised,93,Suppressed,1.201022137,0.568686336,0.63233578,Decreased,,LS,,,G:A,C:C,G:G,T:G,G:A,T:G,1,0,0,1
,9-12,Adolescent,Female,Muslim,Pre-primary,Underweight,Muganda,Single parent alive,high socioecnomic status,Yes,Stage 2,Was not a premature at birth,Yes,mild stress,cases,1495,Advanced immune compromised,170241,Unsuppressed,1.78068223,1.21217517,0.56850708,Decreased,10/12,SS,LA/LA,A:A,A:A,C:T,G:G,T:G,G:A,T:G,0,0,0,0
11.559206,9-12,Adolescent,Male,Born Again,Pre-primary,Underweight,Muganda,Both parents alive,low socio-economic status,Yes,Stage 2,Was not a premature at birth,Yes,mild stress,controls,908,Advanced immune compromised,0,Undetectable,1.321700357,,,,12/12,LS,LA/SA,A:A,A:A,C:T,G:G,T:G,G:A,T:G,1,0,1,0
9.5030804,9-12,Adolescent,Male,Protestant,Pre-primary,Underweight,Non-Munganda but Ugandan,Single parent alive,high socioecnomic status,Yes,Stage 3,Was not a premature at birth,Yes,mild stress,controls,476,Possibly immune compromised,10268,Unsuppressed,,,,,10/12,LL,LA/LG,A:G,A:A,C:T,G:G,T:G,G:A,T:G,0,0,0,0
9.4647503,9-12,Adolescent,Female,Catholic,Pre-primary,Underweight,Muganda,Both parents alive,low socio-economic status,Yes,Stage 3,Was not a premature at birth,Yes,moderate stress,cases,1374,Advanced immune compromised,0,Undetectable,2.032549841,1.422664258,0.60988557,Decreased,10/12,LL,LA/LG,A:G,A:A,C:T,G:G,T:G,G:A,T:G,0,0,0,0
5.8042436,9-12,Adolescent,Male,Catholic,Pre-primary,Underweight,Muganda,Both parents alive,high socioecnomic status,Yes,Stage 2,Was not a premature at birth,Yes,moderate stress,controls,978,Advanced immune compromised,78,Suppressed,0.895513143,0.629508719,0.26600441,Decreased,10/12,LL,LA/LG,A:G,A:A,C:T,G:G,T:G,G:A,T:G,0,0,0,0
11.575633,9-12,Adolescent,Female,Protestant,Pre-primary,Underweight,Muganda,Both parents alive,high socioecnomic status,Yes,Stage 2,Was not a premature at birth,Yes,severe stress,controls,1038,Advanced immune compromised,10,Suppressed,1.003651125,,,,10/12,LS,LA/SA,A:A,G:A,C:T,G:G,T:G,G:A,T:G,0,0,0,0
11.181382,9-12,Adolescent,Female,Protestant,Pre-primary,Normal weight,Muganda,Both parents alive,high socioecnomic status,Yes,Stage 2,Was not a premature at birth,Yes,moderate stress,cases,1196,Advanced immune compromised,0,Undetectable,1.073877435,,,,12/12,LS,LA/SA,A:A,,T:T,G:G,T:G,G:A,T:G,0,0,0,0
11.110198,9-12,Adolescent,Male,Catholic,Pre-primary,Underweight,Muganda,Both parents alive,low socio-economic status,Yes,Stage 2,Was not a premature at birth,Yes,moderate stress,cases,474,Possibly immune compromised,29532,Unsuppressed,1.623709635,0.476106319,1.1476033,Decreased,10/12,LL,LA/LG,A:G,G:A,T:T,G:G,T:G,G:A,T:G,0,0,0,0
12,9-12,Adolescent,Male,Catholic,Pre-primary,Underweight,Non-Munganda but Ugandan,Both parents alive,low socio-economic status,No,Stage 3,Was not a premature at birth,Yes,mild stress,cases,1147,Advanced immune compromised,0,Undetectable,1.122318169,1.408987235,-0.28666908,Increased,10/12,LL,LA/LA,A:A,,C:C,G:G,T:T,G:A,T:G,1,0,0,1
9.9301844,9-12,Adolescent,Male,Protestant,Pre-primary,Normal weight,Muganda,Both parents dead,low socio-economic status,Yes,Stage 2,Was not a premature at birth,Yes,moderate stress,controls,774,Advanced immune compromised,0,Undetectable,,0.628929353,,,,LL,LA/LG,A:G,,C:C,G:G,T:T,G:A,T:G,0,0,0,0
8.3039017,9-12,Adolescent,Male,Catholic,Pre-primary,Underweight,Muganda,Both parents alive,low socio-economic status,Yes,Stage 2,Was not a premature at birth,Yes,mild stress,controls,1311,Advanced immune compromised,10,Suppressed,0.929006464,0.905083639,0.023922825,Decreased,12/12,LL,LA/LA,A:A,A:A,C:C,G:G,T:T,G:A,T:G,0,0,0,0
11.342916,9-12,Adolescent,Female,Protestant,Pre-primary,Underweight,Non-Munganda but Ugandan,Both parents alive,high socioecnomic status,Yes,Stage 2,Was not a premature at birth,Yes,severe stress,controls,432,Possibly immune compromised,0,Undetectable,1.349022151,1.025237044,0.3237851,Decreased,10/12,LS,LA/SA,A:A,A:A,C:C,G:G,T:T,G:A,T:G,0,0,0,0
13,9-12,Adolescent,Female,Muslim,Pre-primary,Underweight,Muganda,Single parent alive,high socioecnomic status,Yes,Stage 1,Was not a premature at birth,Yes,severe stress,cases,67,Normal CD4 range,,,1.140599935,,,,12/12,LS,LA/SA,A:A,A:A,C:C,G:G,T:T,G:A,T:G,1,1,1,1
10.171116,9-12,Adolescent,Male,Muslim,Pre-primary,Underweight,Muganda,Both parents alive,low socio-economic status,Yes,Stage 2,Was not a premature at birth,Yes,moderate stress,cases,1146,Advanced immune compromised,0,Undetectable,1.523843604,0.896835756,0.62700784,Decreased,12/12,LS,LA/SA,A:A,A:A,C:C,G:G,T:T,G:A,T:G,0,0,0,0
6.8364134,9-12,Adolescent,Male,Catholic,Pre-primary,Underweight,Muganda,Both parents alive,high socioecnomic status,Yes,Stage 2,Was not a premature at birth,Yes,mild stress,controls,535,Advanced immune compromised,202,Suppressed,0.942984006,0.849488827,0.093495183,Decreased,,LS,LA/SA,A:A,A:A,C:C,G:G,T:T,G:A,T:G,0,0,0,0
,9-12,Adolescent,Female,Muslim,Pre-primary,Underweight,Muganda,Both parents alive,low socio-economic status,Yes,Stage 2,Was not a premature at birth,Yes,severe stress,cases,670,Advanced immune compromised,10,Suppressed,,0.541551056,,,10/10,LL,LA/LG,A:G,A:A,C:C,G:G,T:T,G:A,T:G,0,0,0,0
12,9-12,Adolescent,Male,Muslim,Pre-primary,Underweight,Muganda,Single parent alive,high socioecnomic status,Yes,Stage 3,Was not a premature at birth,Yes,severe stress,cases,1374,Advanced immune compromised,,,1.21471783,1.980562525,-0.7658447,Increased,12/12,LL,LA/LA,A:A,G:A,C:C,G:G,T:T,G:A,T:G,1,1,1,1
11.786448,9-12,Adolescent,Female,Protestant,Pre-primary,Normal weight,Non-Munganda but Ugandan,Both parents alive,high socioecnomic status,Yes,Stage 1,Was not a premature at birth,Yes,mild stress,cases,622,Advanced immune compromised,0,Undetectable,1.327270193,0.912658863,0.41461134,Decreased,12/12,LL,LA/LA,A:A,G:A,C:C,G:G,T:T,G:A,T:G,0,0,0,0
9.7029428,9-12,Adolescent,Male,Born Again,Pre-primary,Underweight,Non-Munganda but Ugandan,Single parent alive,high socioecnomic status,Yes,Stage 1,Was not a premature at birth,Yes,mild stress,cases,405,Possibly immune compromised,0,Undetectable,1.051772665,,,,12/12,LS,LA/SA,A:A,G:A,C:C,G:G,T:T,G:A,T:G,1,0,0,1
12,9-12,Adolescent,Male,Born Again,Secondary level,Underweight,Non-Munganda but Ugandan,Single parent alive,high socioecnomic status,Yes,Stage 2,Was not a premature at birth,No,moderate stress,controls,669,Advanced immune compromised,,,0.786637228,0.860412099,-0.073774874,Increased,10/12,LL,LA/LG,A:G,G:A,C:C,G:G,T:T,G:A,T:G,0,0,0,0
9.8973303,9-12,Adolescent,Male,Muslim,Pre-primary,Underweight,Muganda,Both parents alive,high socioecnomic status,Yes,Stage 2,Was not a premature at birth,Yes,mild stress,controls,1664,Advanced immune compromised,24,Suppressed,,,,,12/12,LL,LA/LA,A:A,,C:T,G:G,T:T,G:A,T:G,0,0,0,0
12,9-12,Adolescent,Female,Protestant,Pre-primary,Underweight,Muganda,Both parents alive,low socio-economic status,Yes,Stage 2,,Yes,severe stress,cases,696,Advanced immune compromised,30440,Unsuppressed,1.240154044,1.34470972,-0.10455567,Increased,12/12,LL,LA/LA,A:A,A:A,C:T,G:G,T:T,G:A,T:G,1,0,0,1
9.9192333,9-12,Adolescent,Female,Protestant,Pre-primary,Underweight,Muganda,Both parents alive,high socioecnomic status,Yes,Stage 2,Was not a premature at birth,Yes,severe stress,cases,483,Possibly immune compromised,117,Suppressed,1.320762265,0.956344991,0.36441728,Decreased,12/12,LL,LA/LA,A:A,A:A,C:T,G:G,T:T,G:A,T:G,1,1,1,0
9.338809,9-12,Adolescent,Male,Muslim,Pre-primary,Underweight,Muganda,Both parents alive,low socio-economic status,Yes,Stage 3,Was not a premature at birth,Yes,mild stress,controls,1057,Advanced immune compromised,35,Suppressed,2.063065738,0.848448355,1.2146174,Decreased,12/12,LL,LA/LA,A:A,A:A,C:T,G:G,T:T,G:A,T:G,0,0,0,0
8.3559208,9-12,Adolescent,Male,Muslim,Pre-primary,Underweight,Non-Munganda but Ugandan,Both parents alive,low socio-economic status,Yes,Stage 3,Was not a premature at birth,Yes,mild stress,controls,1133,Advanced immune compromised,10,Suppressed,0.818481297,1.275950727,-0.45746943,Increased,,LL,LA/LA,A:A,A:A,C:T,G:G,T:T,G:A,T:G,0,0,0,0
,9-12,Adolescent,Male,Born Again,Pre-primary,Underweight,Muganda,Single parent alive,low socio-economic status,Yes,Stage 3,Was not a premature at birth,Yes,mild stress,cases,481,Possibly immune compromised,5283,Unsuppressed,0.953292273,1.298916113,-0.34562385,Increased,10/12,SS,LA/LA,A:A,A:A,C:T,G:G,T:T,G:A,T:G,0,0,0,0
10.253251,9-12,Adolescent,Female,Born Again,Pre-primary,Underweight,Muganda,Both parents alive,low socio-economic status,Yes,Stage 2,Was not a premature at birth,Yes,severe stress,cases,675,Advanced immune compromised,0,Undetectable,0.68588478,0.692399275,-0.006514495,Increased,10/10,LL,LA/LG,A:G,A:A,C:T,G:G,T:T,G:A,T:G,0,0,0,0
9.2046547,9-12,Adolescent,Female,Catholic,Pre-primary,Underweight,Muganda,Both parents alive,low socio-economic status,Yes,Stage 2,Was not a premature at birth,Yes,mild stress,controls,905,Advanced immune compromised,10,Suppressed,,1.189883556,,,12/12,LL,LA/LG,A:G,A:A,C:T,G:G,T:T,G:A,T:G,0,0,0,0
10.710472,9-12,Adolescent,Male,Catholic,Pre-primary,Underweight,Muganda,Single parent alive,low socio-economic status,Yes,Stage 3,Was not a premature at birth,Yes,moderate stress,cases,1506,Advanced immune compromised,0,Undetectable,1.752135246,0.627053266,1.125082,Decreased,12/12,LL,LA/LG,A:G,A:A,C:T,G:G,T:T,G:A,T:G,0,0,0,0
9.4921284,9-12,Adolescent,Male,Catholic,Pre-primary,Underweight,Muganda,Single parent alive,low socio-economic status,Yes,Stage 3,Was not a premature at birth,Yes,severe stress,cases,1545,Advanced immune compromised,24435,Unsuppressed,1.363114244,0.526378155,0.83673608,Decreased,10/12,LS,SA/LG,A:G,A:A,C:T,G:G,T:T,G:A,T:G,1,0,0,1
12,9-12,Adolescent,Male,Catholic,Pre-primary,Underweight,Muganda,Both parents alive,high socioecnomic status,Yes,Stage 1,Was not a premature at birth,Yes,severe stress,cases,465,Possibly immune compromised,,,0.934227129,,,,12/12,LL,,,A:A,C:T,G:G,T:T,G:A,T:G,1,1,1,1
12,9-12,Adolescent,Male,Protestant,Pre-primary,Normal weight,Muganda,Both parents dead,high socioecnomic status,Yes,Stage 2,Was not a premature at birth,Yes,moderate stress,controls,672,Advanced immune compromised,,,1.117792872,,,,10/10,LS,LA/SA,A:A,A:A,T:T,G:G,T:T,G:A,T:G,0,0,0,0
13,9-12,Adolescent,Female,Muslim,Pre-primary,Normal weight,Muganda,Both parents alive,high socioecnomic status,Yes,Stage 3,Was not a premature at birth,Yes,mild stress,controls,599,Advanced immune compromised,,,1.274933728,0.876358578,0.39857516,Decreased,12/12,LS,LA/SA,A:A,A:A,T:T,G:G,T:T,G:A,T:G,0,0,0,0
16.621492,9-12,Adolescent,Female,Muslim,Secondary level,Overweight,Muganda,Single parent alive,high socioecnomic status,Yes,Stage 3,Was not a premature at birth,Yes,mild stress,controls,153,Normal CD4 range,0,Undetectable,,1.136732851,,,12/12,SS,SA/SA,A:A,A:A,T:T,G:G,T:T,G:A,T:G,1,0,0,1
10.475018,9-12,Adolescent,Female,Catholic,Pre-primary,Underweight,Muganda,Both parents alive,high socioecnomic status,Yes,Stage 4,Was not a premature at birth,Yes,severe stress,cases,2627,Advanced immune compromised,0,Undetectable,1.160239954,0.519621523,0.64061844,Decreased,12/12,SS,SA/SA,A:A,,C:T,G:A,G:G,G:G,T:G,1,0,1,0
13.067761,9-12,Adolescent,Male,Catholic,Pre-primary,Normal weight,Muganda,Single parent alive,high socioecnomic status,Yes,Stage 2,I don’t know,Yes,moderate stress,controls,1197,Advanced immune compromised,,,1.264270229,0.819567632,0.4447026,Decreased,12/12,LL,LA/LA,A:A,A:A,C:T,G:A,G:G,G:G,T:G,0,0,0,0
10.302532,9-12,Adolescent,Male,Catholic,Pre-primary,Underweight,Muganda,Both parents alive,high socioecnomic status,Yes,Stage 2,Was not a premature at birth,Yes,moderate stress,controls,1495,Advanced immune compromised,10,Suppressed,1.420095484,0.731012263,0.68908322,Decreased,10/12,LL,LA/LA,A:A,A:A,C:C,G:G,G:G,G:G,T:G,0,0,0,0
9.4209442,9-12,Adolescent,Female,Muslim,Pre-primary,Underweight,Muganda,Both parents alive,high socioecnomic status,Yes,Stage 2,Was not a premature at birth,Yes,mild stress,cases,377,Possibly immune compromised,11006,Unsuppressed,1.244942058,0.806249677,0.43869239,Decreased,10/12,LL,LA/LA,A:A,A:A,C:T,G:G,G:G,G:G,T:G,0,0,0,0
17,9-12,Adolescent,Female,Catholic,Pre-primary,Overweight,Muganda,Single parent alive,high socioecnomic status,Yes,Stage 3,Was not a premature at birth,Yes,severe stress,controls,58,Normal CD4 range,,,1.044848639,,,,10/12,LL,LA/LA,A:A,A:A,C:T,G:G,G:G,G:G,T:G,0,0,0,0
,9-12,Adolescent,Female,Catholic,Pre-primary,Underweight,Muganda,Single parent alive,low socio-economic status,Yes,Stage 2,Was not a premature at birth,Yes,severe stress,cases,757,Advanced immune compromised,10,Suppressed,1.377773918,0.845814478,0.53195941,Decreased,10/12,LL,LA/LG,A:G,G:A,C:T,G:G,G:G,G:G,T:G,0,0,0,0
6.6557155,9-12,Adolescent,Male,Catholic,Pre-primary,Underweight,Muganda,Single parent alive,high socioecnomic status,Yes,Stage 2,I don’t know,Yes,severe stress,controls,1722,Advanced immune compromised,0,Undetectable,0.446883141,0.81738512,-0.37050197,Increased,10/10,LS,SA/LG,A:G,A:A,T:T,G:G,G:G,G:G,T:G,0,0,0,0
10.830937,9-12,Adolescent,Male,Muslim,Pre-primary,Underweight,Non-Munganda but Ugandan,Single parent alive,high socioecnomic status,Yes,Stage 2,Was not a premature at birth,Yes,mild stress,controls,1227,Advanced immune compromised,0,Undetectable,0.636198427,0.733982061,-0.097783633,Increased,12/12,LS,LA/SA,A:A,G:A,C:T,,T:G,G:G,T:G,0,0,0,0
10.370978,9-12,Adolescent,Female,Catholic,Pre-primary,Underweight,Muganda,Both parents alive,low socio-economic status,Yes,Stage 2,Was not a premature at birth,Yes,mild stress,cases,1079,Advanced immune compromised,0,Undetectable,,1.123006034,,,12/12,LL,LA/LA,A:A,G:A,C:C,G:A,T:G,G:G,T:G,0,0,0,0
9.0650244,9-12,Adolescent,Male,Catholic,Pre-primary,Underweight,Non-Munganda but Ugandan,Both parents alive,low socio-economic status,Yes,Stage 2,Was not a premature at birth,Yes,severe stress,controls,199,Normal CD4 range,16183,Unsuppressed,,1.174441531,,,10/12,LL,LA/LG,A:G,,,G:G,T:G,G:G,T:G,0,0,0,0
10.349076,9-12,Adolescent,Male,Protestant,Pre-primary,Underweight,Muganda,Both parents alive,high socioecnomic status,Yes,Stage 2,Was not a premature at birth,Yes,severe stress,cases,1484,Advanced immune compromised,10,Suppressed,,0.778171515,,,12/12,LS,LA/SA,A:A,A:A,C:C,G:G,T:G,G:G,T:G,0,0,0,0
,9-12,Adolescent,Female,Muslim,Pre-primary,Underweight,Non-Munganda but Ugandan,Both parents alive,low socio-economic status,Yes,Stage 2,Was not a premature at birth,Yes,severe stress,controls,893,Advanced immune compromised,27120,Unsuppressed,0.882638286,0.808472881,0.074165404,Decreased,10/12,LL,LA/LA,A:A,A:A,C:T,G:G,T:G,G:G,T:G,0,0,0,0
6.9130731,9-12,Adolescent,Female,Catholic,Pre-primary,Underweight,Non-Munganda but Ugandan,Both parents alive,high socioecnomic status,Yes,Stage 1,Was not a premature at birth,Yes,mild stress,cases,2295,Advanced immune compromised,0,Undetectable,1.078950064,,,,12/12,LL,LA/LA,A:A,A:A,C:T,G:G,T:G,G:G,T:G,0,0,0,0
12,9-12,Adolescent,Male,Protestant,Pre-primary,Underweight,Muganda,Single parent alive,high socioecnomic status,Yes,Stage 3,Was not a premature at birth,Yes,moderate stress,cases,518,Advanced immune compromised,10,Suppressed,1.003324372,1.133706659,-0.13038228,Increased,10/10,LS,LA/SA,A:A,A:A,C:T,G:G,T:G,G:G,T:G,1,0,1,1
10.502396,9-12,Adolescent,Female,Catholic,Pre-primary,Normal weight,Muganda,Single parent alive,high socioecnomic status,Yes,Stage 2,Was not a premature at birth,Yes,moderate stress,cases,1563,Advanced immune compromised,10,Suppressed,1.468692158,1.193465761,0.27522638,Decreased,10/12,LS,LA/SA,A:A,A:A,C:T,G:G,T:G,G:G,T:G,1,0,0,1
11.515401,9-12,Adolescent,Female,Catholic,Pre-primary,Underweight,Muganda,Both parents alive,low socio-economic status,Yes,Stage 2,Was not a premature at birth,Yes,severe stress,cases,1479,Advanced immune compromised,10,Suppressed,0.760509668,0.912091952,-0.15158229,Increased,10/10,LL,LA/LG,A:G,A:A,C:T,G:G,T:G,G:G,T:G,0,0,0,0
12,9-12,Adolescent,Male,Protestant,Pre-primary,Overweight,Non-Munganda but Ugandan,Single parent alive,high socioecnomic status,Yes,Stage 1,Was not a premature at birth,Yes,severe stress,cases,662,Advanced immune compromised,,,1.0215687,,,,10/12,LL,LA/LG,A:G,A:A,C:T,G:G,T:G,G:G,T:G,0,0,0,0
11.600274,9-12,Adolescent,Male,Catholic,Pre-primary,Underweight,Muganda,Both parents alive,low socio-economic status,Yes,Stage 2,Was not a premature at birth,Yes,mild stress,controls,852,Advanced immune compromised,88,Suppressed,1.361359911,0.818789704,0.54257023,Decreased,12/12,LL,LA/LA,A:A,G:A,C:T,G:G,T:G,G:G,T:G,0,0,0,0
9.327858,9-12,Adolescent,Male,Catholic,Pre-primary,Underweight,Muganda,Single parent alive,low socio-economic status,Yes,Stage 1,Was not a premature at birth,Yes,severe stress,cases,2371,Advanced immune compromised,0,Undetectable,1.045248485,,,,12/12,LL,LA/LA,A:A,,C:C,G:G,T:T,G:G,T:G,0,0,0,0
,9-12,Adolescent,Male,Muslim,Pre-primary,Underweight,Muganda,Both parents alive,low socio-economic status,Yes,Stage 2,Was not a premature at birth,Yes,moderate stress,controls,984,Advanced immune compromised,10,Suppressed,1.819568557,,,,12/12,LL,LA/LA,A:A,A:A,C:C,G:G,T:T,G:G,T:G,0,0,0,0
14,9-12,Adolescent,Male,Catholic,Secondary level,Underweight,Muganda,Both parents alive,high socioecnomic status,Yes,Stage 3,Was not a premature at birth,Yes,mild stress,controls,344,Normal CD4 range,10,Suppressed,1.113455653,0.695236876,0.41821879,Decreased,12/12,LS,LA/SA,A:A,A:A,C:C,G:G,T:T,G:G,T:G,0,0,0,0
12.793977,9-12,Adolescent,Female,Catholic,Pre-primary,Underweight,Muganda,Both parents alive,high socioecnomic status,No,Stage 2,Was not a premature at birth,No,severe stress,controls,569,Advanced immune compromised,6025,Unsuppressed,,,,,10/12,LL,LA/LA,A:A,,C:T,G:G,T:T,G:G,T:G,0,0,0,0
9.2265568,9-12,Adolescent,Female,Protestant,No formal education,Obesity,Muganda,Single parent alive,low socio-economic status,Yes,Stage 1,Was not a premature at birth,Yes,severe stress,cases,1328,Advanced immune compromised,67,Suppressed,1.805358962,0.860588649,0.94477034,Decreased,12/12,LS,LA/SA,A:A,A:A,C:T,G:G,T:T,G:G,T:G,0,0,0,0
11.315537,9-12,Adolescent,Male,Born Again,Pre-primary,Underweight,Muganda,Both parents alive,high socioecnomic status,Yes,Stage 2,Was not a premature at birth,Yes,moderate stress,cases,757,Advanced immune compromised,73681,Unsuppressed,0.622648423,,,,12/12,LL,LA/LG,A:G,A:A,C:T,G:G,T:T,G:G,T:G,0,0,0,0
11.849419,9-12,Adolescent,Female,Catholic,Pre-primary,Normal weight,Muganda,Both parents alive,low socio-economic status,Yes,Stage 2,Was not a premature at birth,Yes,mild stress,controls,687,Advanced immune compromised,0,Undetectable,0.351501489,0.5773811,-0.22587961,Increased,12/12,LL,LA/LA,A:A,G:A,C:T,G:G,T:T,G:G,T:G,0,0,0,0
11.400411,9-12,Adolescent,Male,Catholic,Pre-primary,Underweight,Muganda,Single parent alive,low socio-economic status,Yes,Stage 3,Was not a premature at birth,Yes,mild stress,cases,1172,Advanced immune compromised,0,Undetectable,1.239737113,1.961564583,-0.72182745,Increased,10/10,LS,SA/LG,A:G,A:A,T:T,G:G,T:T,G:G,T:G,0,0,0,0
14.157427,9-12,Adolescent,Male,Catholic,Pre-primary,,Muganda,Single parent alive,low socio-economic status,Yes,Stage 2,Was not a premature at birth,Yes,mild stress,cases,815,Advanced immune compromised,,,1.437193912,0.730763976,0.70642996,Decreased,,,,,,,,,,T:T,0,0,0,0
11.8987,9-12,Adolescent,Female,Protestant,Pre-primary,Underweight,Non-Munganda but Ugandan,Single parent alive,high socioecnomic status,Yes,Stage 2,Was not a premature at birth,Yes,severe stress,cases,1042,Advanced immune compromised,0,Undetectable,,,,,12/12,LL,LA/LA,A:A,,C:T,G:G,,,T:T,0,0,0,0
14,9-12,Adolescent,Female,Muslim,Pre-primary,Normal weight,Muganda,Both parents alive,high socioecnomic status,Yes,Stage 2,Was not a premature at birth,Yes,moderate stress,controls,387,Possibly immune compromised,,,0.937745969,0.879617305,0.058128662,Decreased,12/12,LS,,,A:A,C:C,A:A,G:G,A:A,T:T,0,0,0,0
9.0458593,9-12,Adolescent,Female,Muslim,Pre-primary,Underweight,Muganda,Both parents alive,high socioecnomic status,Yes,Stage 2,Was not a premature at birth,Yes,mild stress,cases,1948,Advanced immune compromised,0,Undetectable,1.570823038,1.032296473,0.53852659,Decreased,12/12,LL,LA/LA,A:A,A:A,C:T,A:A,G:G,A:A,T:T,0,0,0,0
10.450377,9-12,Adolescent,Male,Protestant,Pre-primary,Underweight,Non-Munganda but Ugandan,Both parents alive,high socioecnomic status,Yes,Stage 2,Was not a premature at birth,Yes,moderate stress,cases,755,Advanced immune compromised,10,Suppressed,1.086317098,0.809493339,0.27682376,Decreased,10/12,LL,LA/LA,A:A,G:A,C:T,A:A,G:G,A:A,T:T,0,0,0,0
5.0075293,9-12,Adolescent,Female,Catholic,Pre-primary,Underweight,Muganda,Single parent alive,low socio-economic status,Yes,Stage 2,Was not a premature at birth,Yes,mild stress,controls,2267,Advanced immune compromised,0,Undetectable,1.009672306,0.950565655,0.059106652,Decreased,12/12,LL,LA/LG,A:G,A:A,T:T,A:A,G:G,A:A,T:T,0,0,0,0
10.642026,9-12,Adolescent,Male,Muslim,Pre-primary,Underweight,Non-Munganda but Ugandan,Both parents alive,high socioecnomic status,Yes,Stage 2,Was not a premature at birth,Yes,mild stress,controls,563,Advanced immune compromised,31,Suppressed,1.294725428,0.660470035,0.63425541,Decreased,12/12,LS,LA/SA,A:A,A:A,C:C,G:A,T:G,A:A,T:T,0,0,0,0
14.694045,9-12,Adolescent,Female,Catholic,Pre-primary,Underweight,Muganda,Single parent alive,high socioecnomic status,Yes,Stage 2,Was not a premature at birth,Yes,moderate stress,controls,736,Advanced immune compromised,,,0.822719493,1.221273612,-0.39855412,Increased,12/12,LL,LA/SA,A:A,A:A,C:T,G:A,T:G,A:A,T:T,1,0,0,1
10.206708,9-12,Adolescent,Male,Born Again,Pre-primary,Underweight,Muganda,Both parents alive,low socio-economic status,Yes,Stage 2,Was not a premature at birth,Yes,moderate stress,cases,960,Advanced immune compromised,130394,Unsuppressed,0.763675307,0.470533503,0.29314181,Decreased,10/12,LL,LA/LA,A:A,G:A,C:T,G:A,T:G,A:A,T:T,0,0,0,0
10.466804,9-12,Adolescent,Female,Catholic,Pre-primary,Underweight,Muganda,Single parent alive,low socio-economic status,Yes,Stage 2,Was not a premature at birth,Yes,severe stress,cases,565,Advanced immune compromised,0,Undetectable,,0.806259343,,,12/12,LS,SA/LG,A:G,,C:C,G:G,T:T,A:A,T:T,1,1,0,0
9.0020533,9-12,Adolescent,Female,Catholic,Pre-primary,Underweight,Muganda,Single parent alive,low socio-economic status,No,Stage 2,Was not a premature at birth,Yes,moderate stress,cases,862,Advanced immune compromised,41378,Unsuppressed,1.391038966,0.789517173,0.60152179,Decreased,,LL,SA/SA,A:A,G:A,C:C,G:G,T:T,A:A,T:T,1,0,0,1
9.9493494,9-12,Adolescent,Male,Protestant,Pre-primary,Underweight,Non-Munganda but Ugandan,Both parents alive,low socio-economic status,Yes,Stage 2,Was a premature at birth,Yes,mild stress,cases,1319,Advanced immune compromised,119,Suppressed,0.741431706,0.970464502,-0.2290328,Increased,,LL,LA/LA,A:A,A:A,C:T,G:G,T:T,A:A,T:T,0,0,0,0
11.920603,9-12,Adolescent,Female,Muslim,Pre-primary,Underweight,Muganda,Both parents alive,low socio-economic status,Yes,Stage 2,Was not a premature at birth,Yes,mild stress,controls,492,Possibly immune compromised,0,Undetectable,0.781496126,0.751887619,0.029608507,Decreased,10/12,LS,SA/LG,A:G,G:A,C:T,G:G,T:T,A:A,T:T,0,0,0,0
8.5639973,9-12,Adolescent,Male,Catholic,Pre-primary,Underweight,Non-Munganda but Ugandan,Both parents alive,high socioecnomic status,Yes,Stage 2,Was not a premature at birth,Yes,mild stress,controls,530,Advanced immune compromised,10,Suppressed,0.936900479,0.648699087,0.28820139,Decreased,12/12,LL,LA/LA,A:A,A:A,T:T,G:G,T:T,A:A,T:T,0,0,0,0
12,9-12,Adolescent,Male,Protestant,Pre-primary,Underweight,Non-Munganda but Ugandan,Both parents alive,high socioecnomic status,Yes,Stage 1,Was not a premature at birth,Yes,severe stress,cases,1926,Advanced immune compromised,0,Undetectable,1.077337956,,,,12/12,LS,LA/SA,A:A,A:A,C:C,G:A,G:G,G:A,T:T,0,0,0,0
12,9-12,Adolescent,Male,Muslim,Pre-primary,Underweight,Muganda,Single parent alive,low socio-economic status,Yes,Stage 3,Was not a premature at birth,Yes,severe stress,cases,1486,Advanced immune compromised,,,1.44460098,1.351409829,0.093191154,Decreased,12/12,LL,LA/LG,A:G,A:A,C:C,G:A,G:G,G:A,T:T,0,0,0,0
15,9-12,Adolescent,Male,Catholic,Secondary level,Underweight,Muganda,Both parents alive,high socioecnomic status,Yes,Stage 3,Was not a premature at birth,Yes,moderate stress,cases,958,Advanced immune compromised,10,Suppressed,0.910169285,0.803154958,0.10701433,Decreased,12/12,LS,LA/SA,A:A,G:A,C:C,G:A,G:G,G:A,T:T,0,0,0,0
8.5886383,9-12,Adolescent,Male,Catholic,Pre-primary,Underweight,Muganda,Single parent alive,low socio-economic status,Yes,Stage 2,Was not a premature at birth,Yes,mild stress,controls,1349,Advanced immune compromised,0,Undetectable,0.929742632,0.715835569,0.21390706,Decreased,12/12,LL,LA/LG,A:G,A:A,C:C,G:A,T:G,G:A,T:T,0,0,0,0
11.931554,9-12,Adolescent,Female,Catholic,Pre-primary,Underweight,Muganda,Both parents alive,high socioecnomic status,Yes,Stage 2,Was not a premature at birth,Yes,mild stress,controls,263,Normal CD4 range,1037,Unsuppressed,1.187868002,1.639897616,-0.45202962,Increased,10/12,LL,LA/LA,A:A,A:A,C:T,G:A,T:G,G:A,T:T,0,0,0,0
12,9-12,Adolescent,Female,Muslim,Pre-primary,Normal weight,Non-Munganda but Ugandan,Single parent alive,high socioecnomic status,Yes,Stage 2,Was not a premature at birth,Yes,severe stress,controls,492,Possibly immune compromised,10,Suppressed,1.356157875,,,,12/12,LL,LA/LA,A:A,A:A,C:T,G:A,T:G,G:A,T:T,1,0,0,1
6.1629024,9-12,Adolescent,Male,Protestant,Pre-primary,Underweight,Muganda,Both parents alive,low socio-economic status,Yes,Stage 3,Was not a premature at birth,Yes,moderate stress,controls,1554,Advanced immune compromised,10,Suppressed,1.080409218,0.871868811,0.20854041,Decreased,12/12,LL,LA/LA,A:A,A:A,C:T,G:A,T:G,G:A,T:T,0,0,0,0
6.3518138,9-12,Adolescent,Male,Born Again,Pre-primary,Underweight,Muganda,Both parents alive,high socioecnomic status,Yes,Stage 2,Was not a premature at birth,Yes,moderate stress,controls,959,Advanced immune compromised,0,Undetectable,1.471872436,,,,10/12,LL,LA/LG,A:G,G:A,T:T,G:A,T:G,G:A,T:T,0,0,0,0
9.4127312,9-12,Adolescent,Female,Catholic,Pre-primary,Underweight,Non-Munganda but Ugandan,Both parents alive,low socio-economic status,Yes,Stage 2,Was not a premature at birth,Yes,severe stress,cases,783,Advanced immune compromised,0,Undetectable,1.290349158,0.719221138,0.57112801,Decreased,12/12,LL,LA/LA,A:A,A:A,C:C,G:G,T:G,G:A,T:T,1,0,0,1
16,9-12,Adolescent,Male,Muslim,Secondary level,Normal weight,Muganda,Single parent alive,low socio-economic status,Yes,Stage 2,Was not a premature at birth,Yes,mild stress,controls,199,Normal CD4 range,,,,0.847172177,,,10/10,LL,LG/LG,G:G,G:A,C:C,G:G,T:G,G:A,T:T,1,0,0,1
11.772758,9-12,Adolescent,Male,Muslim,Pre-primary,Underweight,Muganda,Both parents alive,low socio-economic status,Yes,Stage 2,Was not a premature at birth,Yes,severe stress,cases,671,Advanced immune compromised,10,Suppressed,1.444803916,0.608019525,0.83678436,Decreased,12/12,LL,LA/LA,A:A,,C:T,G:G,T:G,G:A,T:T,0,0,0,0
6.2642026,9-12,Adolescent,Male,Protestant,Pre-primary,Underweight,Muganda,Both parents alive,low socio-economic status,Yes,Stage 2,Was not a premature at birth,Yes,mild stress,controls,177,Normal CD4 range,4165,Unsuppressed,1.662908061,0.907115829,0.75579226,Decreased,,LL,LA/LG,A:G,,C:T,G:G,T:G,G:A,T:T,0,0,0,0
10.548939,9-12,Adolescent,Female,Catholic,Pre-primary,Underweight,Muganda,Both parents alive,low socio-economic status,Yes,Stage 4,Was not a premature at birth,Yes,mild stress,cases,1325,Advanced immune compromised,0,Undetectable,1.212680788,,,,12/12,LS,SA/LG,A:G,A:A,C:T,G:G,T:G,G:A,T:T,0,0,0,0
10.442163,9-12,Adolescent,Female,Catholic,Pre-primary,Underweight,Muganda,Single parent alive,low socio-economic status,Yes,Stage 3,Was not a premature at birth,Yes,mild stress,controls,1220,Advanced immune compromised,101,Suppressed,1.373414876,0.752823146,0.62059176,Decreased,12/12,LS,SA/LG,A:G,A:A,C:T,G:G,T:G,G:A,T:T,1,0,1,0
9.5633125,9-12,Adolescent,Male,Protestant,Pre-primary,Underweight,Non-Munganda but Ugandan,Both parents alive,high socioecnomic status,Yes,Stage 2,Was not a premature at birth,Yes,mild stress,cases,1572,Advanced immune compromised,10,Suppressed,1.537934488,0.919560674,0.61837381,Decreased,10/12,LL,LA/LG,A:G,G:A,C:T,G:G,T:G,G:A,T:T,0,0,0,0
8.5092402,9-12,Adolescent,Male,Protestant,Pre-primary,Normal weight,Non-Munganda but Ugandan,Both parents alive,high socioecnomic status,Yes,Stage 1,Was a premature at birth,Yes,moderate stress,controls,1222,Advanced immune compromised,0,Undetectable,1.40131611,,,,10/12,LS,LA/SA,A:A,G:A,T:T,G:G,T:G,G:A,T:T,0,0,0,0
12,9-12,Adolescent,Female,Protestant,Pre-primary,Underweight,Non-Munganda but Ugandan,Both parents alive,high socioecnomic status,Yes,Stage 1,Was not a premature at birth,Yes,moderate stress,cases,629,Advanced immune compromised,,,1.13358249,,,,12/12,LL,LA/LA,A:A,A:A,C:C,G:G,T:T,G:A,T:T,1,0,0,1
9.7029428,9-12,Adolescent,Female,Muslim,Pre-primary,Underweight,Non-Munganda but Ugandan,Single parent alive,high socioecnomic status,Yes,Stage 2,Was not a premature at birth,Yes,mild stress,cases,1047,Advanced immune compromised,1247,Unsuppressed,,0.652958235,,,10/12,LS,LA/SA,A:A,A:A,C:C,G:G,T:T,G:A,T:T,0,0,0,0
9.0294323,9-12,Adolescent,Female,Born Again,Pre-primary,Underweight,Non-Munganda but Ugandan,Single parent alive,low socio-economic status,Yes,Stage 1,Was not a premature at birth,Yes,severe stress,controls,1500,Advanced immune compromised,31,Suppressed,0.906184916,1.765027384,-0.85884249,Increased,12/12,LS,LA/SA,A:A,A:A,C:C,G:G,T:T,G:A,T:T,0,0,0,0
9.9329224,9-12,Adolescent,Female,Catholic,Pre-primary,Underweight,Muganda,Both parents alive,high socioecnomic status,Yes,Stage 2,Was not a premature at birth,Yes,moderate stress,cases,908,Advanced immune compromised,0,Undetectable,,0.874247121,,,12/12,LL,,,A:A,C:C,G:G,T:T,G:A,T:T,1,0,0,1
10.554415,9-12,Adolescent,Male,Catholic,Pre-primary,Underweight,Muganda,Single parent alive,high socioecnomic status,Yes,Stage 2,Was not a premature at birth,Yes,moderate stress,cases,1249,Advanced immune compromised,0,Undetectable,1.18544257,0.53591167,0.64953089,Decreased,10/12,LL,LA/LG,A:G,A:A,C:T,G:G,T:T,G:A,T:T,0,0,0,0
6.658453,9-12,Adolescent,Female,Born Again,Pre-primary,Underweight,Muganda,Both parents alive,low socio-economic status,Yes,Stage 3,Was not a premature at birth,Yes,mild stress,controls,1225,Advanced immune compromised,0,Undetectable,0.885033395,0.781766508,0.10326689,Decreased,10/12,LL,LA/LA,A:A,A:A,C:T,G:A,G:G,G:G,T:T,0,0,0,0
9.2429838,9-12,Adolescent,Female,Muslim,Pre-primary,Underweight,Muganda,Both parents alive,low socio-economic status,Yes,Stage 2,Was not a premature at birth,Yes,mild stress,cases,822,Advanced immune compromised,6269,Unsuppressed,1.491369563,,,,12/12,LL,LA/LG,A:G,A:A,C:T,G:A,G:G,G:G,T:T,0,0,0,0
10.855578,9-12,Adolescent,Female,Born Again,Pre-primary,Underweight,Non-Munganda but Ugandan,Both parents dead,high socioecnomic status,Yes,Stage 2,Was not a premature at birth,Yes,mild stress,cases,992,Advanced immune compromised,0,Undetectable,1.487744801,0.878276902,0.60946792,Decreased,10/12,SS,SA/SA,A:A,A:A,C:C,G:G,G:G,G:G,T:T,0,0,0,0
9.2648869,9-12,Adolescent,Female,Protestant,Pre-primary,Underweight,Muganda,Single parent alive,high socioecnomic status,Yes,Stage 2,Was not a premature at birth,Yes,mild stress,controls,1226,Advanced immune compromised,10,Suppressed,1.072164144,,,,10/12,LL,LA/LG,A:G,A:A,T:T,G:G,G:G,G:G,T:T,0,0,0,0
11.493498,9-12,Adolescent,Male,Protestant,Pre-primary,Normal weight,Muganda,Both parents alive,low socio-economic status,No,Stage 2,Was not a premature at birth,Yes,moderate stress,controls,910,Advanced immune compromised,0,Undetectable,0.986742864,,,,12/12,LL,LA/LA,A:A,A:A,C:C,,T:G,G:G,T:T,0,0,0,0
9.6125937,9-12,Adolescent,Male,Catholic,Pre-primary,Normal weight,Non-Munganda but Ugandan,Both parents alive,low socio-economic status,Yes,Stage 3,Was not a premature at birth,Yes,mild stress,controls,1103,Advanced immune compromised,0,Undetectable,1.1462229,2.189876735,-1.0436538,Increased,12/12,LL,LA/LA,A:A,,C:C,G:G,T:G,G:G,T:T,0,0,0,0
10.639288,9-12,Adolescent,Female,Muslim,Pre-primary,Underweight,Non-Ugandan,Single parent alive,low socio-economic status,No,Stage 3,Was not a premature at birth,Yes,mild stress,cases,1997,Advanced immune compromised,0,Undetectable,1.62242913,1.434449309,0.18797982,Decreased,12/12,LL,LA/LA,A:A,,C:C,G:G,T:G,G:G,T:T,0,0,0,0
12,9-12,Adolescent,Male,Protestant,Pre-primary,Underweight,Muganda,Single parent alive,low socio-economic status,Yes,Stage 2,Was not a premature at birth,Yes,severe stress,controls,400,Possibly immune compromised,,,1.666124627,0.838298947,0.82782567,Decreased,12/12,LL,LA/LA,A:A,A:A,C:C,G:G,T:G,G:G,T:T,0,0,0,0
5.0458589,9-12,Adolescent,Female,Catholic,Pre-primary,Underweight,Muganda,Both parents alive,low socio-economic status,Yes,Stage 2,Was not a premature at birth,No,severe stress,cases,1268,Advanced immune compromised,10,Suppressed,0.914129559,0.656240448,0.25788912,Decreased,12/12,LL,LA/LG,A:G,G:A,C:C,G:G,T:G,G:G,T:T,0,0,0,0
,9-12,Adolescent,Female,Catholic,Pre-primary,Underweight,Muganda,Both parents alive,high socioecnomic status,Yes,Stage 2,Was not a premature at birth,Yes,moderate stress,controls,19,Normal CD4 range,,,1.200401556,0.907098126,0.29330343,Decreased,,LL,LA/LA,A:A,A:A,C:T,G:G,T:G,G:G,T:T,0,0,0,0
10.666667,9-12,Adolescent,Male,Born Again,Pre-primary,Underweight,Non-Munganda but Ugandan,Both parents alive,high socioecnomic status,Yes,Stage 2,Was not a premature at birth,Yes,moderate stress,cases,1347,Advanced immune compromised,0,Undetectable,1.106158272,0.420629247,0.68552905,Decreased,10/10,LS,LA/SA,A:A,A:A,C:T,G:G,T:G,G:G,T:T,0,0,0,0
12,9-12,Adolescent,Male,Catholic,No formal education,Underweight,Muganda,Both parents dead,low socio-economic status,Yes,Stage 2,Was not a premature at birth,Yes,mild stress,controls,783,Advanced immune compromised,124413,Unsuppressed,0.738704385,0.567181909,0.17152248,Decreased,12/12,LS,LA/SA,A:A,A:A,C:T,G:G,T:G,G:G,T:T,0,0,0,0
11.780972,9-12,Adolescent,Female,Catholic,Pre-primary,Obesity,Muganda,Both parents alive,high socioecnomic status,Yes,Stage 3,Was a premature at birth,Yes,mild stress,cases,1187,Advanced immune compromised,0,Undetectable,0.300281264,0.750296127,-0.45001486,Increased,12/12,SS,SA/SA,A:A,A:A,C:T,G:G,T:G,G:G,T:T,0,0,0,0
,9-12,Adolescent,Female,Muslim,Pre-primary,Underweight,Muganda,Both parents alive,low socio-economic status,Yes,Stage 2,Was not a premature at birth,Yes,mild stress,controls,1358,Advanced immune compromised,0,Undetectable,1.031104492,0.583156056,0.44794843,Decreased,12/12,LS,LA/SA,A:A,G:A,C:T,G:G,T:G,G:G,T:T,0,0,0,0
7.3073239,9-12,Adolescent,Female,Born Again,Pre-primary,Underweight,Non-Munganda but Ugandan,Both parents alive,low socio-economic status,Yes,Stage 2,Was not a premature at birth,Yes,mild stress,controls,1594,Advanced immune compromised,52,Suppressed,0.712992289,0.644781639,0.068210647,Decreased,12/12,LL,LA/LA,A:A,A:A,T:T,G:G,T:G,G:G,T:T,0,0,0,0
9.6673508,9-12,Adolescent,Female,Muslim,Pre-primary,Underweight,Muganda,Both parents alive,high socioecnomic status,Yes,Stage 2,Was not a premature at birth,Yes,moderate stress,cases,1564,Advanced immune compromised,142,Suppressed,0.801839357,,,,12/12,LS,LA/SA,A:A,G:A,T:T,G:G,T:G,G:G,T:T,0,0,0,0
14,9-12,Adolescent,Male,Catholic,Pre-primary,Underweight,Muganda,Both parents alive,high socioecnomic status,Yes,Stage 3,Was not a premature at birth,Yes,severe stress,cases,594,Advanced immune compromised,121,Suppressed,1.147534725,0.698239062,0.44929567,Decreased,12/12,LL,LA/LA,A:A,A:A,C:T,G:G,T:T,G:G,T:T,1,0,0,1
10.045175,9-12,Adolescent,Male,Catholic,Pre-primary,Underweight,Muganda,Single parent alive,high socioecnomic status,Yes,Stage 2,Was not a premature at birth,Yes,moderate stress,cases,1551,Advanced immune compromised,0,Undetectable,1.339829803,0.587887166,0.75194263,Decreased,10/10,LL,LA/LG,A:G,G:A,T:T,G:G,T:T,G:G,T:T,0,0,0,0
12,9-12,Adolescent,Female,Protestant,Pre-primary,Underweight,Muganda,Single parent alive,high socioecnomic status,No,Stage 1,Was not a premature at birth,Yes,moderate stress,controls,1042,Advanced immune compromised,0,Undetectable,0.702600787,,,,10/12,LS,LA/SA,A:A,A:A,C:T,G:A,T:G,A:A,,1,0,0,1
14,9-12,Adolescent,Male,Muslim,Pre-primary,Underweight,Non-Munganda but Ugandan,Single parent alive,low socio-economic status,Yes,Stage 1,Was not a premature at birth,Yes,moderate stress,cases,667,Advanced immune compromised,5652,Unsuppressed,1.015051279,,,,10/12,LS,SA/LG,A:G,A:A,C:T,G:G,T:G,G:A,,0,0,0,0
,9-12,Adolescent,Male,SDA,Pre-primary,Underweight,Muganda,Single parent alive,high socioecnomic status,Yes,Stage 2,Was not a premature at birth,Yes,mild stress,cases,1191,Advanced immune compromised,10,Suppressed,1.023600489,1.036079998,-0.012479509,Increased,10/12,LS,LA/SA,A:A,A:A,C:C,G:G,T:T,G:A,,0,0,0,0
,9-12,Adolescent,Female,Muslim,Pre-primary,Underweight,Muganda,Both parents alive,low socio-economic status,Yes,Stage 1,Was not a premature at birth,No,severe stress,cases,1025,Advanced immune compromised,252948,Unsuppressed,1.17144688,1.044110081,0.1273368,Decreased,10/12,LL,LA/LA,A:A,,C:C,G:G,G:G,G:G,,0,0,0,0
8.6351814,9-12,Adolescent,Male,Born Again,Pre-primary,Underweight,Muganda,Single parent alive,low socio-economic status,Yes,Stage 3,Was not a premature at birth,No,moderate stress,controls,408,Possibly immune compromised,161446,Unsuppressed,1.325764372,0.903892202,0.42187217,Decreased,12/12,LL,LA/LA,A:A,A:A,T:T,G:G,G:G,G:G,,1,0,0,1
10.368241,9-12,Adolescent,Male,Protestant,Pre-primary,Underweight,Non-Munganda but Ugandan,Single parent alive,high socioecnomic status,Yes,Stage 1,Was not a premature at birth,Yes,mild stress,controls,1023,Advanced immune compromised,31,Suppressed,1.442817018,0.777507899,0.66530913,Decreased,10/12,LS,SA/LG,A:G,A:A,C:C,G:A,T:G,G:G,,0,0,0,0
11.893224,9-12,Adolescent,Male,Catholic,Pre-primary,Underweight,Muganda,Both parents alive,high socioecnomic status,Yes,Stage 3,Was not a premature at birth,Yes,mild stress,cases,981,Advanced immune compromised,10,Suppressed,0.783283873,0.873073453,-0.089789577,Increased,10/12,LL,LA/LG,A:G,G:A,C:C,G:G,T:G,G:G,,0,0,0,0
12,9-12,Adolescent,Female,Catholic,Pre-primary,Normal weight,Muganda,Single parent alive,high socioecnomic status,Yes,Stage 1,Was not a premature at birth,Yes,severe stress,cases,1014,Advanced immune compromised,0,Undetectable,0.179946275,0.833275885,-0.65332961,Increased,10/12,LL,LA/LG,A:G,A:A,C:T,G:G,T:G,G:G,,0,0,0,0
15,9-12,Adolescent,Female,Born Again,Secondary level,Underweight,Muganda,Single parent alive,low socio-economic status,Yes,Stage 3,Was not a premature at birth,Yes,mild stress,controls,571,Advanced immune compromised,82,Suppressed,1.648820022,0.865290967,0.78352904,Decreased,12/12,LL,LA/LA,A:A,,,,,,,1,0,0,1
4.5256672,9-12,Adolescent,Female,Muslim,Pre-primary,Underweight,Muganda,Both parents alive,high socioecnomic status,Yes,Stage 1,Was not a premature at birth,Yes,moderate stress,cases,857,Advanced immune compromised,24,Suppressed,,,,,,LL,,,,,,,,,0,0,0,0
7.6687202,9-12,Adolescent,Female,Catholic,Pre-primary,Underweight,Muganda,Both parents alive,high socioecnomic status,Yes,Stage 2,Was not a premature at birth,Yes,severe stress,controls,3924,Advanced immune compromised,10,Suppressed,,1.741269602,,,,,,,,,,,,,0,0,0,0
10.494182,9-12,Adolescent,Female,Protestant,Pre-primary,Underweight,Muganda,Single parent alive,high socioecnomic status,Yes,Stage 3,Was not a premature at birth,Yes,moderate stress,controls,150,Normal CD4 range,779675,Unsuppressed,,,,,,,,,,,,,,,0,0,0,0
14,9-12,Adolescent,Female,Muslim,Pre-primary,Normal weight,Non-Munganda but Ugandan,Single parent alive,low socio-economic status,Yes,Stage 3,Was not a premature at birth,Yes,moderate stress,controls,358,Possibly immune compromised,,,,,,,,,,,,,,,,,1,0,0,1
8.1889114,9-12,Adolescent,Female,Catholic,Pre-primary,Underweight,Muganda,Both parents alive,high socioecnomic status,Yes,Stage 1,Was not a premature at birth,Yes,moderate stress,controls,,,,,,,,,,,,,,,,,,,0,0,0,0
14,9-12,Adolescent,Female,Protestant,Secondary level,Overweight,Muganda,Single parent alive,low socio-economic status,Yes,Stage 1,Was not a premature at birth,Yes,mild stress,controls,437,Possibly immune compromised,1708,Unsuppressed,,,,,,,,,,,,,,,1,0,1,0
15,9-12,Adolescent,Male,SDA,Pre-primary,Underweight,Non-Munganda but Ugandan,Single parent alive,low socio-economic status,Yes,Stage 2,Was not a premature at birth,Yes,moderate stress,controls,454,Possibly immune compromised,,,,1.069920837,,,,,,,,,,,,,0,0,0,0
10,9-12,Adolescent,Female,Protestant,Pre-primary,Underweight,Muganda,Both parents alive,high socioecnomic status,Yes,Stage 1,Was not a premature at birth,Yes,moderate stress,controls,847,Advanced immune compromised,10,Suppressed,,,,,,,,,,,,,,,0,0,0,0
11.674195,9-12,Adolescent,Female,Muslim,Pre-primary,Underweight,Muganda,Both parents alive,high socioecnomic status,Yes,Stage 3,Was a premature at birth,No,moderate stress,controls,824,Advanced immune compromised,10,Suppressed,,,,,,,,,,,,,,,0,0,0,0
8.443532,9-12,Adolescent,Male,Protestant,Pre-primary,,Non-Ugandan,Both parents alive,high socioecnomic status,Yes,Stage 3,I don’t know,Yes,moderate stress,controls,863,Advanced immune compromised,0,Undetectable,,1.022674113,,,,,,,,,,,,,0,0,0,0
13,9-12,Adolescent,Male,Muslim,Pre-primary,Normal weight,Muganda,Both parents dead,low socio-economic status,Yes,Stage 3,Was not a premature at birth,Yes,severe stress,cases,334,Normal CD4 range,,,,0.743447583,,,,,,,,,,,,,1,0,0,1
10.45859,9-12,Adolescent,Male,Born Again,Pre-primary,Underweight,Muganda,Both parents alive,low socio-economic status,Yes,Stage 3,Was not a premature at birth,Yes,severe stress,controls,1476,Advanced immune compromised,0,Undetectable,,0.762133252,,,,,,,,,,,,,0,0,0,0
10.532512,9-12,Adolescent,Male,Catholic,Pre-primary,Underweight,Muganda,Both parents alive,low socio-economic status,Yes,Stage 3,Was not a premature at birth,Yes,severe stress,controls,962,Advanced immune compromised,25852,Unsuppressed,,1.107407464,,,,,,,,,,,,,0,0,0,0
10.094456,9-12,Adolescent,Female,Catholic,Pre-primary,Underweight,Muganda,Single parent alive,low socio-economic status,Yes,Stage 3,Was not a premature at birth,Yes,moderate stress,controls,567,Advanced immune compromised,0,Undetectable,,0.969312793,,,,,,,,,,,,,0,0,0,0
15,13-17,Adolescent,Female,Protestant,Secondary level,Normal weight,Muganda,Single parent alive,high socioecnomic status,Yes,Stage 2,Was not a premature at birth,Yes,moderate stress,controls,519,Advanced immune compromised,0,Undetectable,,1.091939958,,,10/12,LS,LA/SA,A:A,,,,G:G,,G:G,1,0,0,1
14,13-17,Adolescent,Male,Protestant,Secondary level,Normal weight,Muganda,Both parents alive,high socioecnomic status,Yes,Stage 2,Was not a premature at birth,Yes,mild stress,controls,449,Possibly immune compromised,,,1.360843491,0.96607564,0.39476785,Decreased,10/10,LL,LA/LG,A:G,A:A,C:C,A:A,G:G,A:A,G:G,0,0,0,0
9.1690626,13-17,Adolescent,Male,Catholic,Pre-primary,Underweight,Non-Munganda but Ugandan,Both parents alive,low socio-economic status,Yes,Stage 2,Was not a premature at birth,Yes,mild stress,cases,1185,Advanced immune compromised,4106,Unsuppressed,0.7702366,0.614077042,0.15615956,Decreased,,LL,LA/LA,A:A,A:A,C:C,G:A,T:G,A:A,G:G,0,0,0,0
13,13-17,Adolescent,Male,Muslim,Pre-primary,Underweight,Muganda,,low socio-economic status,Yes,Stage 3,Was not a premature at birth,Yes,severe stress,cases,634,Advanced immune compromised,,,1.253572755,0.566999632,0.68657315,Decreased,10/12,LS,LA/SA,A:A,A:A,C:C,G:A,T:G,A:A,G:G,0,0,0,0
14,13-17,Adolescent,Female,Protestant,Pre-primary,Normal weight,Non-Munganda but Ugandan,Single parent alive,high socioecnomic status,Yes,Stage 3,Was not a premature at birth,Yes,mild stress,controls,551,Advanced immune compromised,,,0.463924639,0.75373406,-0.28980944,Increased,12/12,LS,LA/SA,A:A,A:A,C:C,G:A,T:G,A:A,G:G,1,0,0,1
6.2915812,13-17,Adolescent,Female,Catholic,No formal education,Underweight,Muganda,Both parents alive,high socioecnomic status,Yes,Stage 2,Was not a premature at birth,Yes,mild stress,controls,1925,Advanced immune compromised,10,Suppressed,1.145413739,0.413682694,0.73173106,Decreased,10/12,LS,SA/LG,A:G,A:A,C:T,G:A,T:G,A:A,G:G,0,0,0,0
13,13-17,Adolescent,Female,Protestant,Pre-primary,Normal weight,Muganda,Single parent alive,high socioecnomic status,Yes,Stage 3,Was not a premature at birth,Yes,severe stress,cases,615,Advanced immune compromised,10,Suppressed,1.1128576,,,,12/12,LL,LA/LA,A:A,A:A,C:T,G:G,T:T,A:A,G:G,1,0,1,1
17,13-17,Adolescent,Female,Catholic,Secondary level,Overweight,Muganda,,high socioecnomic status,Yes,Stage 1,Was not a premature at birth,Yes,mild stress,cases,360,Possibly immune compromised,,,1.375404881,,,,10/12,LL,LA/LA,A:A,A:A,T:T,G:G,T:T,A:A,G:G,1,0,0,1
7.8412046,13-17,Adolescent,Female,Muslim,Pre-primary,Underweight,Muganda,Single parent alive,high socioecnomic status,Yes,Stage 1,Was not a premature at birth,No,moderate stress,controls,1219,Advanced immune compromised,0,Undetectable,0.92724128,,,,12/12,LL,LA/LA,A:A,A:A,C:C,G:A,G:G,G:A,G:G,0,0,0,0
,13-17,Adolescent,Female,Catholic,Pre-primary,Underweight,Muganda,Single parent alive,high socioecnomic status,Yes,Stage 2,Was not a premature at birth,Yes,mild stress,cases,1069,Advanced immune compromised,27421,Unsuppressed,1.074698656,0.988288561,0.086410098,Decreased,12/12,LS,SA/LG,A:G,A:A,C:C,G:A,G:G,G:A,G:G,1,1,0,0
10.08898,13-17,Adolescent,Female,Catholic,Pre-primary,Underweight,Non-Munganda but Ugandan,Both parents dead,high socioecnomic status,Yes,Stage 3,Was not a premature at birth,Yes,mild stress,cases,872,Advanced immune compromised,0,Undetectable,1.188362721,0.930160464,0.25820225,Decreased,10/10,LL,LG/LG,G:G,A:A,C:C,G:A,G:G,G:A,G:G,0,0,0,0
10.154689,13-17,Adolescent,Male,Protestant,Pre-primary,Underweight,Non-Munganda but Ugandan,Single parent alive,low socio-economic status,Yes,Stage 2,Was not a premature at birth,Yes,mild stress,cases,174,Normal CD4 range,16439,Unsuppressed,0.855561973,0.738605588,0.11695638,Decreased,12/12,LL,LA/LA,A:A,G:A,C:C,G:A,G:G,G:A,G:G,0,0,0,0
8.2026014,13-17,Adolescent,Male,Muslim,Pre-primary,Underweight,Muganda,Both parents alive,high socioecnomic status,Yes,Stage 3,Was not a premature at birth,Yes,mild stress,cases,668,Advanced immune compromised,0,Undetectable,1.612808883,0.938519385,0.67428952,Decreased,10/12,LL,LA/LA,A:A,A:A,C:T,G:A,G:G,G:A,G:G,0,0,0,0
14,13-17,Adolescent,Female,Catholic,Secondary level,Normal weight,Muganda,Both parents alive,high socioecnomic status,Yes,Stage 2,Was not a premature at birth,No,severe stress,cases,534,Advanced immune compromised,,,,0.897734469,,,12/12,LS,LA/SA,A:A,A:A,C:T,G:A,G:G,G:A,G:G,0,0,0,0
14.373716,13-17,Adolescent,Male,Catholic,Secondary level,Underweight,Non-Munganda but Ugandan,Both parents alive,high socioecnomic status,No,Stage 2,Was not a premature at birth,Yes,mild stress,controls,925,Advanced immune compromised,57636,Unsuppressed,1.323683328,0.949539802,0.37414354,Decreased,10/12,LL,LA/LA,A:A,A:A,C:C,G:A,T:G,G:A,G:G,0,0,0,0
14,13-17,Adolescent,Male,Catholic,Secondary level,Normal weight,Non-Munganda but Ugandan,Single parent alive,high socioecnomic status,Yes,Stage 2,Was not a premature at birth,Yes,moderate stress,controls,393,Possibly immune compromised,1352,Unsuppressed,1.222008024,,,,12/12,LL,LA/LA,A:A,A:A,C:C,G:A,T:G,G:A,G:G,1,0,0,1
15,13-17,Adolescent,Female,Born Again,Secondary level,Underweight,Muganda,Single parent alive,low socio-economic status,Yes,Stage 3,Was not a premature at birth,Yes,mild stress,cases,571,Advanced immune compromised,82,Suppressed,1.648820022,0.865290967,0.78352904,Decreased,12/12,LL,LA/LA,A:A,A:A,C:C,G:A,T:G,G:A,G:G,1,0,0,1
13.787817,13-17,Adolescent,Male,Catholic,Pre-primary,Underweight,Non-Munganda but Ugandan,Single parent alive,high socioecnomic status,Yes,Stage 2,Was not a premature at birth,Yes,moderate stress,cases,321,Normal CD4 range,,,0.84933623,0.8249668,0.02436943,Decreased,10/12,LL,LA/LG,A:G,A:A,C:T,G:A,T:G,G:A,G:G,1,1,0,0
13,13-17,Adolescent,Female,Catholic,Pre-primary,Underweight,Muganda,Both parents alive,low socio-economic status,Yes,Stage 1,Was not a premature at birth,Yes,moderate stress,controls,976,Advanced immune compromised,6281,Unsuppressed,1.393004222,,,,12/12,LL,LA/LA,A:A,A:A,T:T,G:A,T:G,G:A,G:G,1,0,0,1
16,13-17,Adolescent,Female,Muslim,Secondary level,Underweight,Muganda,Single parent alive,high socioecnomic status,Yes,Stage 2,Was not a premature at birth,Yes,moderate stress,cases,257,Normal CD4 range,7652,Unsuppressed,0.112096304,0.822371185,-0.71027488,Increased,12/12,LL,LA/LG,A:G,A:A,T:T,G:A,T:G,G:A,G:G,1,0,0,1
16.016428,13-17,Adolescent,Female,Catholic,Secondary level,Normal weight,Muganda,Both parents alive,high socioecnomic status,Yes,Stage 3,Was not a premature at birth,Yes,mild stress,cases,494,Possibly immune compromised,,,1.024056666,1.009911934,0.014144732,Decreased,12/12,LL,LA/LA,A:A,G:A,C:C,G:G,T:G,G:A,G:G,1,0,1,0
13,13-17,Adolescent,Male,Catholic,Pre-primary,Underweight,Non-Munganda but Ugandan,Both parents alive,high socioecnomic status,Yes,Stage 3,Was not a premature at birth,Yes,severe stress,cases,1114,Advanced immune compromised,0,Undetectable,1.200079964,,,,12/12,LL,LA/LA,A:A,A:A,C:T,G:G,T:G,G:A,G:G,1,0,0,1
13,13-17,Adolescent,Male,Catholic,Pre-primary,Obesity,Muganda,Both parents dead,high socioecnomic status,Yes,Stage 2,I don’t know,Yes,severe stress,cases,1309,Advanced immune compromised,,,,0.827943212,,,10/12,LL,LA/LA,A:A,G:A,T:T,G:G,T:G,G:A,G:G,0,0,0,0
14,13-17,Adolescent,Male,Catholic,Pre-primary,Underweight,Non-Munganda but Ugandan,Single parent alive,high socioecnomic status,Yes,Stage 4,Was not a premature at birth,Yes,moderate stress,controls,364,Possibly immune compromised,,,1.345652578,,,,10/10,LL,LA/LA,A:A,A:A,C:C,G:G,T:T,G:A,G:G,1,0,1,1
14.036961,13-17,Adolescent,Female,Protestant,Pre-primary,Underweight,Muganda,Both parents alive,low socio-economic status,Yes,Stage 3,Was not a premature at birth,Yes,severe stress,controls,926,Advanced immune compromised,0,Undetectable,1.875066883,1.032423805,0.84264308,Decreased,10/12,LL,LA/LG,A:G,A:A,C:C,G:G,T:T,G:A,G:G,0,0,0,0
13.297741,13-17,Adolescent,Male,Catholic,Pre-primary,Underweight,Muganda,Single parent alive,high socioecnomic status,No,Stage 2,Was not a premature at birth,Yes,mild stress,cases,322,Normal CD4 range,56787,Unsuppressed,1.553657817,2.013843475,-0.46018565,Increased,12/12,LS,LA/SA,A:A,A:A,C:T,G:G,T:T,G:A,G:G,0,0,0,0
13,13-17,Adolescent,Female,Muslim,Pre-primary,Overweight,Muganda,Both parents dead,high socioecnomic status,Yes,Stage 3,Was not a premature at birth,No,moderate stress,controls,323,Normal CD4 range,14718,Unsuppressed,1.462268162,1.30411825,0.15814991,Decreased,10/10,LL,LA/LG,A:G,A:A,C:T,G:G,T:T,G:A,G:G,0,0,0,0
16.062971,13-17,Adolescent,Male,Muslim,Secondary level,Normal weight,Muganda,Both parents alive,low socio-economic status,Yes,Stage 2,Was not a premature at birth,Yes,severe stress,cases,673,Advanced immune compromised,,,1.353793356,1.358526933,-0.004733577,Increased,12/12,LL,LA/LG,A:G,G:A,C:T,G:G,T:T,G:A,G:G,0,0,0,0
15.449692,13-17,Adolescent,Male,Muslim,Secondary level,Underweight,Muganda,Both parents alive,high socioecnomic status,Yes,Stage 3,Was not a premature at birth,Yes,severe stress,controls,447,Possibly immune compromised,,,0.910315693,0.937346587,-0.027030895,Increased,10/12,LL,LA/LA,A:A,A:A,T:T,G:G,T:T,G:A,G:G,0,0,0,0
15.055442,13-17,Adolescent,Female,Catholic,Pre-primary,Overweight,Muganda,Single parent alive,high socioecnomic status,Yes,Stage 2,Was not a premature at birth,Yes,moderate stress,controls,540,Advanced immune compromised,0,Undetectable,0.916060896,0.637266967,0.27879393,Decreased,12/12,LS,LA/SA,A:A,A:A,T:T,G:G,T:T,G:A,G:G,0,0,0,0
14,13-17,Adolescent,Male,Catholic,Pre-primary,Underweight,Muganda,Both parents alive,low socio-economic status,Yes,Stage 2,Was not a premature at birth,Yes,mild stress,cases,597,Advanced immune compromised,0,Undetectable,,0.884045429,,,10/12,LL,LA/LA,A:A,A:A,C:C,G:A,G:G,G:G,G:G,1,1,0,1
9.6536617,13-17,Adolescent,Female,Catholic,Pre-primary,Underweight,Muganda,Both parents alive,low socio-economic status,Yes,Stage 1,Was not a premature at birth,Yes,severe stress,controls,811,Advanced immune compromised,24513,Unsuppressed,0.953019827,0.6661417,0.28687814,Decreased,12/12,LL,LA/LA,A:A,A:A,C:T,G:A,G:G,G:G,G:G,0,0,0,0
13,13-17,Adolescent,Male,Catholic,Pre-primary,Underweight,Muganda,Single parent alive,high socioecnomic status,Yes,Stage 2,Was not a premature at birth,Yes,severe stress,cases,2294,Advanced immune compromised,,,1.263338966,0.625738691,0.6376003,Decreased,10/12,LS,SA/LG,A:G,A:A,C:T,G:A,G:G,G:G,G:G,1,0,1,0
14,13-17,Adolescent,Female,Catholic,Secondary level,Normal weight,Muganda,Single parent alive,high socioecnomic status,Yes,Stage 3,Was not a premature at birth,Yes,severe stress,cases,638,Advanced immune compromised,,,0.859269779,0.969932675,-0.11066289,Increased,12/12,LL,LA/LA,A:A,G:A,C:C,G:A,T:G,G:G,G:G,0,0,0,0
13,13-17,Adolescent,Male,SDA,Pre-primary,Underweight,Muganda,Both parents dead,high socioecnomic status,Yes,Stage 3,Was not a premature at birth,Yes,mild stress,controls,600,Advanced immune compromised,1829,Unsuppressed,1.227972765,0.847445142,0.38052762,Decreased,12/12,LL,LA/LA,A:A,A:A,T:T,G:A,T:G,G:G,G:G,0,0,0,0
14,13-17,Adolescent,Male,Protestant,Pre-primary,Underweight,Muganda,Single parent alive,high socioecnomic status,Yes,Stage 2,Was not a premature at birth,Yes,severe stress,cases,578,Advanced immune compromised,10,Suppressed,1.040740974,0.871231502,0.16950947,Decreased,10/12,LS,SA/LG,A:G,A:A,C:C,G:G,T:G,G:G,G:G,1,0,0,1
7.9726214,13-17,Adolescent,Female,Muslim,Pre-primary,Underweight,Muganda,Single parent alive,high socioecnomic status,Yes,Stage 2,Was not a premature at birth,Yes,mild stress,controls,1187,Advanced immune compromised,10,Suppressed,1.250778482,0.720048394,0.53073007,Decreased,12/12,LS,SA/LG,A:G,,C:T,G:G,T:G,G:G,G:G,0,0,0,0
9.3524981,13-17,Adolescent,Male,Protestant,Pre-primary,Underweight,Non-Munganda but Ugandan,Both parents alive,low socio-economic status,Yes,Stage 2,Was not a premature at birth,Yes,moderate stress,controls,1121,Advanced immune compromised,10,Suppressed,,0.707265276,,,12/12,LS,LA/SA,A:A,A:A,C:T,G:G,T:G,G:G,G:G,0,0,0,0
16,13-17,Adolescent,Female,Catholic,Pre-primary,Underweight,Muganda,Both parents alive,high socioecnomic status,Yes,Stage 3,Was not a premature at birth,Yes,severe stress,controls,1347,Advanced immune compromised,0,Undetectable,1.462753298,0.50435889,0.95839441,Decreased,10/12,LL,LA/LA,A:A,G:A,C:T,G:G,T:G,G:G,G:G,0,0,0,0
9.7412729,13-17,Adolescent,Female,Catholic,Pre-primary,Underweight,Muganda,Both parents dead,low socio-economic status,Yes,Stage 3,Was not a premature at birth,Yes,moderate stress,controls,433,Possibly immune compromised,31323,Unsuppressed,0.901943234,1.863609349,-0.96166611,Increased,12/12,LS,SA/LG,A:G,G:G,C:T,G:G,T:G,G:G,G:G,0,0,0,0
14,13-17,Adolescent,Male,Born Again,Pre-primary,Normal weight,Muganda,Both parents dead,high socioecnomic status,Yes,Stage 2,Was not a premature at birth,Yes,severe stress,controls,623,Advanced immune compromised,30,Suppressed,0.956258082,0.888230643,0.068027437,Decreased,12/12,LS,LA/SA,A:A,G:A,T:T,G:G,T:G,G:G,G:G,0,0,0,0
15,13-17,Adolescent,Female,Born Again,Secondary level,Normal weight,Non-Munganda but Ugandan,Both parents dead,low socio-economic status,Yes,Stage 1,Was not a premature at birth,Yes,severe stress,controls,623,Advanced immune compromised,,,,0.866178148,,,10/10,LS,SA/LG,A:G,G:G,T:T,G:G,T:G,G:G,G:G,1,1,0,1
13,13-17,Adolescent,Male,Catholic,Pre-primary,Underweight,Muganda,Both parents dead,high socioecnomic status,Yes,Stage 2,Was not a premature at birth,Yes,moderate stress,controls,871,Advanced immune compromised,,,1.009358977,,,,12/12,LL,LA/LA,A:A,A:A,C:C,G:G,T:T,G:G,G:G,0,0,0,0
13,13-17,Adolescent,Male,Muslim,Secondary level,Normal weight,Non-Munganda but Ugandan,Both parents alive,high socioecnomic status,Yes,Stage 3,Was not a premature at birth,Yes,moderate stress,cases,461,Possibly immune compromised,,,1.019098107,1.254765684,-0.23566757,Increased,12/12,LS,SA/LG,A:G,A:A,C:C,G:G,T:T,G:G,G:G,0,0,0,0
9.4757013,13-17,Adolescent,Female,Catholic,Pre-primary,Underweight,Muganda,Single parent alive,low socio-economic status,Yes,Stage 2,Was not a premature at birth,Yes,mild stress,controls,1089,Advanced immune compromised,10,Suppressed,1.439611661,1.117182125,0.32242954,Decreased,12/12,LS,LA/SA,A:A,A:A,C:T,G:G,T:T,G:G,G:G,0,0,0,0
8.4845991,13-17,Adolescent,Female,Muslim,Pre-primary,Underweight,Muganda,Both parents alive,low socio-economic status,Yes,Stage 3,Was not a premature at birth,Yes,moderate stress,controls,354,Possibly immune compromised,400131,Unsuppressed,0.700903539,1.075884181,-0.37498063,Increased,12/12,LL,LA/LG,A:G,A:A,C:T,G:G,T:T,G:G,G:G,0,0,0,0
17,13-17,Adolescent,Male,Catholic,Secondary level,Normal weight,Muganda,Single parent alive,high socioecnomic status,Yes,Stage 1,Was not a premature at birth,Yes,mild stress,cases,776,Advanced immune compromised,0,Undetectable,,,,,,,,,,,,,,G:G,1,0,0,1
15,13-17,Adolescent,Female,Protestant,Pre-primary,Normal weight,Non-Munganda but Ugandan,Both parents alive,high socioecnomic status,Yes,Stage 1,Was not a premature at birth,Yes,severe stress,cases,659,Advanced immune compromised,10,Suppressed,1.072345585,1.091672888,-0.019327303,Increased,10/12,LL,LA/LG,A:G,,,,,,T:G,0,0,0,0
16,13-17,Adolescent,Male,Catholic,Secondary level,Normal weight,Non-Munganda but Ugandan,Both parents alive,high socioecnomic status,Yes,Stage 3,Was not a premature at birth,Yes,moderate stress,controls,781,Advanced immune compromised,0,Undetectable,,,,,10/12,LL,LA/LA,A:A,,T:T,G:G,,,T:G,0,0,0,0
13,13-17,Adolescent,Female,Catholic,Pre-primary,Normal weight,Muganda,Both parents alive,high socioecnomic status,Yes,Stage 2,Was not a premature at birth,Yes,moderate stress,cases,369,Possibly immune compromised,24015,Unsuppressed,,0.400951618,,,10/12,LS,SA/LG,A:G,,T:T,G:A,,A:A,T:G,0,0,0,0
15,13-17,Adolescent,Male,Protestant,Pre-primary,Normal weight,Non-Munganda but Ugandan,Single parent alive,low socio-economic status,Yes,Stage 3,Was not a premature at birth,Yes,severe stress,cases,559,Advanced immune compromised,33276,Unsuppressed,1.206384167,,,,12/12,SS,SA/SA,A:A,A:A,C:T,A:A,G:G,A:A,T:G,0,0,0,0
14,13-17,Adolescent,Male,Protestant,Pre-primary,Normal weight,Non-Munganda but Ugandan,Both parents dead,high socioecnomic status,Yes,Stage 1,Was not a premature at birth,Yes,severe stress,cases,611,Advanced immune compromised,10,Suppressed,1.512053991,0.819303562,0.69275045,Decreased,12/12,LL,LA/LG,A:G,A:A,T:T,A:A,G:G,A:A,T:G,1,0,0,1
14,13-17,Adolescent,Female,Born Again,Secondary level,Normal weight,Non-Munganda but Ugandan,Both parents alive,low socio-economic status,Yes,Stage 2,Was not a premature at birth,Yes,severe stress,cases,415,Possibly immune compromised,944,Suppressed,1.095893768,1.060874907,0.035018861,Decreased,12/12,LS,LA/SG,A:G,A:A,T:T,A:A,G:G,A:A,T:G,0,0,0,0
13,13-17,Adolescent,Female,Born Again,Pre-primary,Normal weight,Non-Munganda but Ugandan,Both parents alive,high socioecnomic status,Yes,Stage 2,Was not a premature at birth,Yes,severe stress,controls,539,Advanced immune compromised,,,1.241336995,0.840368517,0.40096849,Decreased,12/12,LL,LA/LA,A:A,A:A,C:C,G:A,T:G,A:A,T:G,1,1,0,1
14,13-17,Adolescent,Female,Born Again,Pre-primary,Underweight,Muganda,Single parent alive,low socio-economic status,Yes,Stage 3,Was not a premature at birth,Yes,severe stress,cases,729,Advanced immune compromised,20,Suppressed,1.626686069,,,,12/12,LL,LA/LA,A:A,A:A,C:C,G:A,T:G,A:A,T:G,1,0,0,1
12.364134,13-17,Adolescent,Male,Protestant,Pre-primary,Underweight,Muganda,Both parents alive,high socioecnomic status,Yes,Stage 2,Was not a premature at birth,Yes,severe stress,controls,1039,Advanced immune compromised,10,Suppressed,1.211333519,0.776286377,0.43504715,Decreased,,LS,LA/SA,A:A,A:A,C:C,G:A,T:G,A:A,T:G,0,0,0,0
15,13-17,Adolescent,Female,Muslim,Secondary level,Normal weight,Muganda,Both parents alive,low socio-economic status,Yes,Stage 1,Was not a premature at birth,Yes,mild stress,controls,236,Normal CD4 range,336,Suppressed,0.577644519,0.864261988,-0.28661746,Increased,10/10,SS,SA/SA,A:A,A:A,C:C,G:A,T:G,A:A,T:G,1,0,0,1
15,13-17,Adolescent,Female,Catholic,Secondary level,Normal weight,Muganda,Both parents alive,low socio-economic status,Yes,Stage 2,Was not a premature at birth,Yes,mild stress,cases,402,Possibly immune compromised,,,1.341390882,1.651020119,-0.30962923,Increased,10/12,LS,LA/SG,A:G,A:A,C:C,G:A,T:G,A:A,T:G,1,0,0,1
8.5804243,13-17,Adolescent,Female,Catholic,Pre-primary,Underweight,Muganda,Both parents alive,low socio-economic status,Yes,Stage 2,Was not a premature at birth,Yes,severe stress,controls,1221,Advanced immune compromised,30,Suppressed,1.163535659,,,,12/12,LL,LA/LA,A:A,A:A,C:T,G:A,T:G,A:A,T:G,0,0,0,0
15,13-17,Adolescent,Female,Catholic,Secondary level,Normal weight,Muganda,Both parents alive,high socioecnomic status,Yes,Stage 1,Was a premature at birth,Yes,moderate stress,cases,536,Advanced immune compromised,0,Undetectable,0.869846056,0.537690555,0.3321555,Decreased,10/12,LL,LA/LG,A:G,A:A,C:T,G:A,T:G,A:A,T:G,1,0,0,1
15,13-17,Adolescent,Male,Born Again,Pre-primary,Underweight,Muganda,Both parents alive,low socio-economic status,Yes,Stage 2,Was not a premature at birth,Yes,moderate stress,cases,32,Normal CD4 range,,,1.557228932,0.646483241,0.91074568,Decreased,10/12,LS,LA/SA,A:A,G:A,C:T,G:A,T:G,A:A,T:G,0,0,0,0
13.462012,13-17,Adolescent,Male,Protestant,Pre-primary,Normal weight,Non-Munganda but Ugandan,Single parent alive,high socioecnomic status,Yes,Stage 2,Was not a premature at birth,Yes,severe stress,controls,872,Advanced immune compromised,,,1.592156077,1.63558532,-0.043429244,Increased,10/12,LL,LA/LA,A:A,A:A,C:C,G:G,T:T,A:A,T:G,1,0,0,1
17,13-17,Adolescent,Male,Born Again,Secondary level,Normal weight,Non-Munganda but Ugandan,Single parent alive,high socioecnomic status,Yes,Stage 1,Was not a premature at birth,Yes,mild stress,controls,436,Possibly immune compromised,0,Undetectable,1.346765576,0.651729236,0.69503635,Decreased,10/10,LS,LA/SA,A:A,A:A,C:C,G:G,T:T,A:A,T:G,1,0,0,1
15,13-17,Adolescent,Female,Catholic,Pre-primary,Underweight,Muganda,Single parent alive,high socioecnomic status,Yes,Stage 3,Was not a premature at birth,Yes,moderate stress,controls,254,Normal CD4 range,441565,Unsuppressed,1.081800279,0.803627947,0.27817234,Decreased,10/10,LS,LA/SA,A:A,A:A,C:C,G:G,T:T,A:A,T:G,1,0,0,1
14,13-17,Adolescent,Female,Protestant,Secondary level,Normal weight,Non-Munganda but Ugandan,Single parent alive,high socioecnomic status,Yes,Stage 1,Was not a premature at birth,Yes,severe stress,cases,709,Advanced immune compromised,20,Suppressed,0.690279706,0.817163846,-0.12688413,Increased,12/12,LL,LA/LA,A:A,A:A,C:T,G:G,T:T,A:A,T:G,1,1,1,1
8.9089661,13-17,Adolescent,Male,Protestant,Pre-primary,Underweight,Muganda,Single parent alive,low socio-economic status,Yes,Stage 2,Was not a premature at birth,Yes,mild stress,controls,1181,Advanced immune compromised,0,Undetectable,0.877522937,0.761377653,0.11614528,Decreased,12/12,LL,LA/LA,A:A,A:A,C:T,G:G,T:T,A:A,T:G,0,0,0,0
,13-17,Adolescent,Female,Born Again,Pre-primary,Underweight,Muganda,Both parents alive,high socioecnomic status,Yes,Stage 2,Was not a premature at birth,Yes,mild stress,cases,1380,Advanced immune compromised,0,Undetectable,0.985060753,,,,12/12,LL,LA/LA,A:A,A:A,C:T,G:G,T:T,A:A,T:G,0,0,0,0
13,13-17,Adolescent,Male,Catholic,Pre-primary,Underweight,Muganda,Both parents alive,low socio-economic status,Yes,Stage 3,Was not a premature at birth,Yes,severe stress,cases,556,Advanced immune compromised,10,Suppressed,,,,,12/12,LL,LA/LA,A:A,G:A,C:T,G:G,T:T,A:A,T:G,0,0,0,0
14,13-17,Adolescent,Female,Catholic,Secondary level,Underweight,Muganda,Both parents alive,high socioecnomic status,Yes,Stage 3,Was not a premature at birth,Yes,mild stress,cases,494,Possibly immune compromised,,,1.14187041,1.204068801,-0.062198389,Increased,10/12,LL,LG/LG,G:G,G:A,C:T,G:G,T:T,A:A,T:G,1,0,0,1
13,13-17,Adolescent,Female,Catholic,Pre-primary,Underweight,Muganda,Single parent alive,low socio-economic status,Yes,Stage 1,Was not a premature at birth,Yes,severe stress,cases,1505,Advanced immune compromised,0,Undetectable,,1.259068776,,,12/12,LL,LA/LA,A:A,A:A,T:T,G:G,T:T,A:A,T:G,1,1,0,0
,13-17,Adolescent,Female,Catholic,Pre-primary,Underweight,Muganda,Both parents alive,high socioecnomic status,Yes,Stage 2,Was not a premature at birth,Yes,moderate stress,controls,1318,Advanced immune compromised,0,Undetectable,,1.151503329,,,,SS,,,A:A,T:T,G:G,T:T,A:A,T:G,0,0,0,0
14,13-17,Adolescent,Female,Protestant,Pre-primary,Normal weight,Muganda,Both parents alive,low socio-economic status,Yes,Stage 2,Was not a premature at birth,No,moderate stress,cases,1108,Advanced immune compromised,0,Undetectable,1.0682467,,,,10/12,LL,LA/LG,A:G,A:A,C:C,A:A,G:G,G:A,T:G,1,1,0,1
13.809719,13-17,Adolescent,Female,Muslim,Pre-primary,Normal weight,Non-Munganda but Ugandan,Both parents alive,low socio-economic status,Yes,Stage 3,Was not a premature at birth,Yes,severe stress,cases,442,Possibly immune compromised,,,1.622820387,1.581765494,0.041054893,Decreased,12/12,LL,LA/LA,A:A,,C:C,G:A,G:G,G:A,T:G,0,0,0,0
14,13-17,Adolescent,Male,Protestant,Pre-primary,Underweight,Muganda,Both parents alive,high socioecnomic status,Yes,Stage 2,I don’t know,Yes,mild stress,controls,418,Possibly immune compromised,,,0.109420734,,,,12/12,LL,LA/LA,A:A,A:A,C:C,G:A,G:G,G:A,T:G,0,0,0,0
13,13-17,Adolescent,Male,Catholic,Pre-primary,Underweight,Muganda,Both parents alive,low socio-economic status,Yes,Stage 2,Was not a premature at birth,Yes,severe stress,cases,476,Possibly immune compromised,,,0.90203779,0.768489395,0.13354839,Decreased,12/12,LL,LA/LA,A:A,A:A,C:C,G:A,G:G,G:A,T:G,0,0,0,0
16,13-17,Adolescent,Female,Catholic,Pre-primary,Underweight,Non-Munganda but Ugandan,Single parent alive,low socio-economic status,Yes,Stage 2,Was not a premature at birth,Yes,mild stress,controls,700,Advanced immune compromised,0,Undetectable,0.117971976,0.434536028,-0.31656405,Increased,12/12,LS,LA/SA,A:A,A:A,C:C,G:A,G:G,G:A,T:G,0,0,0,0
13,13-17,Adolescent,Male,Catholic,Pre-primary,Normal weight,Muganda,Single parent alive,low socio-economic status,Yes,Stage 3,Was not a premature at birth,Yes,moderate stress,cases,803,Advanced immune compromised,,,1.206443158,0.968382268,0.23806089,Decreased,10/12,LS,SA/LG,A:G,G:A,C:C,G:A,G:G,G:A,T:G,0,0,0,0
6.3408623,13-17,Adolescent,Female,Muslim,Pre-primary,Underweight,Muganda,Single parent alive,low socio-economic status,Yes,Stage 1,Was not a premature at birth,Yes,moderate stress,cases,391,Possibly immune compromised,1251911,Unsuppressed,,0.83487792,,,12/12,LS,LA/SA,A:A,A:A,C:T,G:A,G:G,G:A,T:G,0,0,0,0
8.9199181,13-17,Adolescent,Female,Protestant,Pre-primary,Underweight,Non-Munganda but Ugandan,,low socio-economic status,No,Stage 1,I don’t know,I don’t know,mild stress,controls,670,Advanced immune compromised,23941,Unsuppressed,0.757040642,0.44382459,0.31321606,Decreased,10/10,SS,SA/SA,A:A,A:A,C:T,G:A,G:G,G:A,T:G,0,0,0,0
14,13-17,Adolescent,Male,Catholic,Pre-primary,Underweight,Muganda,Both parents dead,high socioecnomic status,Yes,Stage 3,I don’t know,Yes,moderate stress,cases,17,Normal CD4 range,,,0.842838163,0.964937116,-0.12209895,Increased,10/12,SS,SA/SA,A:A,A:A,C:T,G:A,G:G,G:A,T:G,1,0,1,0
10.948666,13-17,Adolescent,Female,Catholic,Pre-primary,Normal weight,Muganda,Both parents dead,high socioecnomic status,Yes,Stage 3,Was not a premature at birth,Yes,mild stress,controls,559,Advanced immune compromised,10,Suppressed,1.927662814,0.779606247,1.1480566,Decreased,10/12,LS,LA/SA,A:A,G:A,C:T,G:A,G:G,G:A,T:G,0,0,0,0
13,13-17,Adolescent,Female,Catholic,Pre-primary,Normal weight,Muganda,Single parent alive,high socioecnomic status,Yes,Stage 3,Was not a premature at birth,I don’t know,severe stress,cases,495,Possibly immune compromised,0,Undetectable,1.711997453,,,,12/12,LL,LA/LG,A:G,G:A,C:T,G:A,G:G,G:A,T:G,0,0,0,0
13,13-17,Adolescent,Male,Catholic,Pre-primary,Normal weight,Muganda,,high socioecnomic status,Yes,Stage 2,I don’t know,Yes,moderate stress,cases,709,Advanced immune compromised,0,Undetectable,2.01523849,,,,10/12,LL,LA/LA,A:A,A:A,T:T,G:A,G:G,G:A,T:G,0,0,0,0
14,13-17,Adolescent,Female,Catholic,Secondary level,Underweight,Muganda,Single parent alive,low socio-economic status,Yes,Stage 2,Was not a premature at birth,Yes,mild stress,cases,624,Advanced immune compromised,10,Suppressed,1.131487655,,,,10/12,SS,SA/SA,A:A,A:A,T:T,G:A,G:G,G:A,T:G,1,0,0,1
10.116359,13-17,Adolescent,Male,Muslim,Pre-primary,Underweight,Muganda,Both parents alive,high socioecnomic status,Yes,Stage 3,Was not a premature at birth,Yes,mild stress,cases,803,Advanced immune compromised,0,Undetectable,1.058346828,,,,12/12,LL,LA/LA,A:A,,C:C,G:A,T:G,G:A,T:G,1,1,0,1
7.581109,13-17,Adolescent,Female,Catholic,Pre-primary,Underweight,Muganda,Single parent alive,high socioecnomic status,Yes,Stage 3,I don’t know,Yes,mild stress,cases,1730,Advanced immune compromised,10,Suppressed,1.933330946,,,,12/12,LL,LA/LA,A:A,A:A,C:C,G:A,T:G,G:A,T:G,1,0,1,0
17,13-17,Adolescent,Female,Catholic,Secondary level,Obesity,Muganda,Both parents dead,high socioecnomic status,Yes,Stage 2,Was not a premature at birth,Yes,severe stress,controls,674,Advanced immune compromised,0,Undetectable,0.756905038,0.657675129,0.099229909,Decreased,10/10,LL,LG/LG,G:G,A:A,C:C,G:A,T:G,G:A,T:G,1,1,0,1
15,13-17,Adolescent,Male,Muslim,Pre-primary,Underweight,Muganda,Single parent alive,high socioecnomic status,Yes,Stage 2,Was not a premature at birth,Yes,severe stress,cases,631,Advanced immune compromised,,,,0.947328993,,,12/12,LL,LA/LA,A:A,,C:T,G:A,T:G,G:A,T:G,1,1,0,0
15,13-17,Adolescent,Male,Catholic,Pre-primary,Normal weight,Muganda,Both parents dead,low socio-economic status,No,Stage 3,Was not a premature at birth,Yes,severe stress,controls,239,Normal CD4 range,68222,Unsuppressed,1.037424184,0.987577748,0.049846437,Decreased,12/12,LL,LA/LA,A:A,G:A,C:T,G:A,T:G,G:A,T:G,1,1,0,1
13,13-17,Adolescent,Female,Muslim,Pre-primary,Underweight,Muganda,Single parent alive,low socio-economic status,Yes,Stage 3,Was not a premature at birth,Yes,severe stress,controls,839,Advanced immune compromised,4648,Unsuppressed,1.215440383,,,,12/12,LL,LA/LA,A:A,A:A,T:T,G:A,T:G,G:A,T:G,0,0,0,0
14,13-17,Adolescent,Female,Protestant,Pre-primary,Underweight,Muganda,Both parents alive,low socio-economic status,Yes,Stage 1,Was not a premature at birth,Yes,severe stress,cases,1015,Advanced immune compromised,0,Undetectable,1.557296423,,,,12/12,LL,LA/LA,A:A,,C:C,G:G,T:G,G:A,T:G,1,1,1,1
13,13-17,Adolescent,Male,Catholic,Pre-primary,Underweight,Non-Munganda but Ugandan,Both parents dead,high socioecnomic status,Yes,Stage 2,Was not a premature at birth,Yes,severe stress,cases,577,Advanced immune compromised,,,1.25291661,2.189599251,-0.93668264,Increased,10/12,LS,LA/SA,A:A,,C:C,G:G,T:G,G:A,T:G,0,0,0,0
16,13-17,Adolescent,Male,Catholic,No formal education,Normal weight,Muganda,Single parent alive,low socio-economic status,Yes,Stage 2,Was not a premature at birth,Yes,moderate stress,controls,568,Advanced immune compromised,,,,1.765636437,,,10/12,LL,LA/LG,A:G,A:A,C:C,G:G,T:G,G:A,T:G,0,0,0,0
17,13-17,Adolescent,Female,Protestant,Secondary level,Overweight,Muganda,Both parents alive,high socioecnomic status,Yes,Stage 2,Was not a premature at birth,Yes,moderate stress,cases,1173,Advanced immune compromised,,,1.507123686,0.747931262,0.75919241,Decreased,12/12,LL,LA/LG,A:G,A:A,C:C,G:G,T:G,G:A,T:G,1,0,0,1
15,13-17,Adolescent,Female,Protestant,Secondary level,Overweight,Non-Munganda but Ugandan,Both parents alive,low socio-economic status,Yes,Stage 2,I don’t know,No,moderate stress,cases,315,Normal CD4 range,,,,0.829390244,,,,LS,LA/LA,A:A,,C:T,G:G,T:G,G:A,T:G,1,1,0,1
14.699521,13-17,Adolescent,Male,Muslim,Pre-primary,Normal weight,Muganda,Single parent alive,high socioecnomic status,Yes,Stage 2,Was not a premature at birth,Yes,mild stress,cases,525,Advanced immune compromised,10,Suppressed,1.787531105,1.118778573,0.66875255,Decreased,10/12,LS,LA/SA,A:A,A:A,C:T,G:G,T:G,G:A,T:G,1,1,0,0
13.314168,13-17,Adolescent,Male,Protestant,Pre-primary,Underweight,Muganda,Single parent alive,low socio-economic status,Yes,Stage 4,Was not a premature at birth,Yes,moderate stress,cases,485,Possibly immune compromised,,,,,,,12/12,LS,LA/SA,A:A,A:A,C:T,G:G,T:G,G:A,T:G,1,0,1,0
16,13-17,Adolescent,Female,Protestant,Pre-primary,Overweight,Muganda,Both parents alive,high socioecnomic status,Yes,Stage 3,Was not a premature at birth,Yes,severe stress,controls,481,Possibly immune compromised,,,0.86457471,0.817341081,0.04723363,Decreased,12/12,LS,LA/SA,A:A,A:A,C:T,G:G,T:G,G:A,T:G,1,0,0,1
8.873374,13-17,Adolescent,Male,Muslim,Pre-primary,Normal weight,Muganda,Both parents alive,low socio-economic status,No,Stage 2,Was not a premature at birth,Yes,severe stress,controls,1112,Advanced immune compromised,0,Undetectable,0.678796639,0.57928137,0.099515267,Decreased,12/12,LL,LA/LG,A:G,A:A,C:T,G:G,T:G,G:A,T:G,0,0,0,0
14,13-17,Adolescent,Male,Muslim,Pre-primary,Normal weight,Non-Munganda but Ugandan,Both parents alive,high socioecnomic status,Yes,Stage 2,Was not a premature at birth,Yes,severe stress,cases,787,Advanced immune compromised,0,Undetectable,1.183288689,0.889500834,0.29378787,Decreased,10/10,LL,,,A:A,C:T,G:G,T:G,G:A,T:G,0,0,0,0
13,13-17,Adolescent,Male,Catholic,Pre-primary,Underweight,Muganda,Single parent alive,low socio-economic status,Yes,Stage 2,Was not a premature at birth,Yes,mild stress,cases,915,Advanced immune compromised,,,1.416658173,0.540953994,0.87570417,Decreased,10/12,LS,LA/SA,A:A,G:A,C:T,G:G,T:G,G:A,T:G,0,0,0,0
14,13-17,Adolescent,Female,Protestant,Pre-primary,Normal weight,Muganda,Both parents alive,high socioecnomic status,Yes,Stage 4,Was not a premature at birth,Yes,severe stress,controls,335,Normal CD4 range,,,,1.115218253,,,10/12,LL,LA/LA,A:A,A:A,T:T,G:G,T:G,G:A,T:G,1,0,0,1
10.444901,13-17,Adolescent,Female,Catholic,Pre-primary,Underweight,Non-Munganda but Ugandan,Single parent alive,high socioecnomic status,No,Stage 2,Was a premature at birth,Yes,severe stress,controls,445,Possibly immune compromised,23503,Unsuppressed,1.149190566,0.873062453,0.27612811,Decreased,10/12,LL,LG/LG,G:G,A:A,T:T,G:G,T:G,G:A,T:G,0,0,0,0
13.188228,13-17,Adolescent,Female,Catholic,Pre-primary,Underweight,Muganda,Both parents dead,low socio-economic status,Yes,Stage 2,I don’t know,Yes,mild stress,controls,939,Advanced immune compromised,,,1.236600835,,,,12/12,SS,SA/SA,A:A,G:A,T:T,G:G,T:G,G:A,T:G,0,0,0,0
10.735113,13-17,Adolescent,Female,Catholic,Pre-primary,Underweight,Non-Munganda but Ugandan,Both parents alive,high socioecnomic status,Yes,Stage 3,Was not a premature at birth,Yes,mild stress,controls,836,Advanced immune compromised,10,Suppressed,1.254457595,,,,12/12,LL,LA/LA,A:A,A:A,C:C,G:G,T:T,G:A,T:G,0,0,0,0
,13-17,Adolescent,Female,Protestant,Pre-primary,Underweight,Non-Munganda but Ugandan,Both parents alive,low socio-economic status,Yes,Stage 2,Was a premature at birth,Yes,severe stress,controls,1710,Advanced immune compromised,,,0.478154967,0.715309813,-0.23715484,Increased,12/12,LL,LA/LA,A:A,A:A,C:C,G:G,T:T,G:A,T:G,0,0,0,0
13,13-17,Adolescent,Female,Catholic,Pre-primary,Underweight,Muganda,Single parent alive,high socioecnomic status,Yes,Stage 4,Was not a premature at birth,Yes,severe stress,controls,839,Advanced immune compromised,89,Suppressed,0.604794157,1.017283231,-0.41248909,Increased,,LL,LA/LA,A:A,A:A,C:C,G:G,T:T,G:A,T:G,1,0,0,1
14,13-17,Adolescent,Male,Protestant,Secondary level,Underweight,Muganda,Both parents alive,high socioecnomic status,Yes,Stage 2,Was not a premature at birth,Yes,moderate stress,cases,937,Advanced immune compromised,0,Undetectable,1.734663089,0.944888615,0.78977448,Decreased,12/12,LS,LA/SA,A:A,A:A,C:C,G:G,T:T,G:A,T:G,1,0,0,1
15,13-17,Adolescent,Female,Catholic,Pre-primary,Normal weight,Muganda,Both parents alive,high socioecnomic status,Yes,Stage 3,Was not a premature at birth,Yes,moderate stress,controls,577,Advanced immune compromised,0,Undetectable,0.804735846,1.011864746,-0.2071289,Increased,12/12,LS,LA/SA,A:A,A:A,C:C,G:G,T:T,G:A,T:G,1,0,0,1
6.0944557,13-17,Adolescent,Female,Catholic,Pre-primary,Underweight,Muganda,Both parents alive,high socioecnomic status,Yes,Stage 2,Was a premature at birth,Yes,severe stress,controls,1987,Advanced immune compromised,103,Suppressed,1.043362444,0.957298844,0.086063601,Decreased,12/12,LL,LA/LG,A:G,A:A,C:C,G:G,T:T,G:A,T:G,0,0,0,0
10.149213,13-17,Adolescent,Male,Catholic,Pre-primary,Underweight,Muganda,Both parents dead,high socioecnomic status,Yes,Stage 1,Was not a premature at birth,Yes,mild stress,cases,798,Advanced immune compromised,0,Undetectable,1.171447075,0.752912925,0.41853416,Decreased,10/12,LL,LA/LA,A:A,A:A,C:T,G:G,T:T,G:A,T:G,0,0,0,0
9.6591377,13-17,Adolescent,Female,Born Again,Pre-primary,Underweight,Non-Munganda but Ugandan,Single parent alive,high socioecnomic status,Yes,Stage 1,Was not a premature at birth,Yes,severe stress,controls,1188,Advanced immune compromised,459,Suppressed,0.57416803,0.705027943,-0.13085991,Increased,12/12,LL,LA/LA,A:A,A:A,C:T,G:G,T:T,G:A,T:G,1,0,0,1
15,13-17,Adolescent,Female,Born Again,Pre-primary,Underweight,Muganda,Single parent alive,low socio-economic status,Yes,Stage 2,Was not a premature at birth,Yes,severe stress,cases,931,Advanced immune compromised,,,1.346120147,0.842283052,0.50383711,Decreased,10/12,LS,LA/SA,A:A,A:A,C:T,G:G,T:T,G:A,T:G,1,1,1,1
13,13-17,Adolescent,Male,Catholic,Secondary level,Underweight,Non-Munganda but Ugandan,Both parents alive,high socioecnomic status,Yes,Stage 3,Was not a premature at birth,I don’t know,severe stress,controls,789,Advanced immune compromised,,,1.469801685,0.847692238,0.62210947,Decreased,12/12,LS,LA/SA,A:A,A:A,C:T,G:G,T:T,G:A,T:G,1,0,0,1
13,13-17,Adolescent,Male,Catholic,Pre-primary,Underweight,Non-Munganda but Ugandan,Single parent alive,high socioecnomic status,Yes,Stage 2,Was not a premature at birth,Yes,moderate stress,cases,573,Advanced immune compromised,10,Suppressed,1.11784436,1.183969714,-0.066125356,Increased,12/12,LL,LA/LG,A:G,A:A,C:T,G:G,T:T,G:A,T:G,0,0,0,0
7.581109,13-17,Adolescent,Female,Protestant,Pre-primary,Underweight,Muganda,Single parent alive,low socio-economic status,Yes,Stage 3,Was not a premature at birth,Yes,mild stress,cases,1055,Advanced immune compromised,10,Suppressed,1.043044099,,,,12/12,LL,LA/LA,A:A,G:A,C:T,G:G,T:T,G:A,T:G,0,0,0,0
13,13-17,Adolescent,Female,Protestant,Pre-primary,Normal weight,Muganda,Single parent alive,high socioecnomic status,Yes,Stage 2,Was not a premature at birth,Yes,severe stress,cases,1884,Advanced immune compromised,0,Undetectable,0.956399148,1.288250136,-0.33185098,Increased,12/12,LS,LA/SA,A:A,G:A,C:T,G:G,T:T,G:A,T:G,1,0,1,0
5.9438739,13-17,Adolescent,Female,Catholic,Pre-primary,Underweight,Non-Munganda but Ugandan,Single parent alive,low socio-economic status,Yes,Stage 2,Was not a premature at birth,Yes,mild stress,controls,1524,Advanced immune compromised,240,Suppressed,0.902739166,0.715433971,0.1873052,Decreased,10/12,LL,LA/LA,A:A,A:A,T:T,G:G,T:T,G:A,T:G,0,0,0,0
14,13-17,Adolescent,Female,Born Again,Secondary level,Normal weight,Non-Munganda but Ugandan,Both parents alive,low socio-economic status,Yes,Stage 2,Was not a premature at birth,Yes,severe stress,cases,338,Normal CD4 range,153493,Unsuppressed,1.376006241,0.935336574,0.44066966,Decreased,10/12,LL,LA/LA,A:A,A:A,T:T,G:G,T:T,G:A,T:G,1,1,1,1
13.130733,13-17,Adolescent,Male,Catholic,Pre-primary,Underweight,Non-Munganda but Ugandan,Both parents alive,high socioecnomic status,Yes,Stage 2,Was not a premature at birth,Yes,severe stress,cases,628,Advanced immune compromised,10,Suppressed,2.042955464,,,,10/12,LL,LA/LG,A:G,A:A,T:T,G:G,T:T,G:A,T:G,1,1,1,0
14,13-17,Adolescent,Male,Catholic,Secondary level,Normal weight,Muganda,Single parent alive,high socioecnomic status,Yes,Stage 3,Was not a premature at birth,Yes,moderate stress,controls,200,Normal CD4 range,,,0.992295762,0.959696109,0.032599654,Decreased,10/10,LL,LG/LG,G:G,A:A,T:T,G:G,T:T,G:A,T:G,1,0,0,1
13,13-17,Adolescent,Female,Protestant,Pre-primary,Underweight,Muganda,Single parent alive,high socioecnomic status,Yes,Stage 1,Was not a premature at birth,Yes,mild stress,controls,710,Advanced immune compromised,10,Suppressed,1.129356718,0.812972381,0.31638435,Decreased,12/12,LS,LA/SA,A:A,G:A,T:T,G:G,T:T,G:A,T:G,0,0,0,0
15,13-17,Adolescent,Male,Catholic,Pre-primary,Underweight,Muganda,Both parents alive,high socioecnomic status,Yes,Stage 2,Was not a premature at birth,Yes,severe stress,cases,1042,Advanced immune compromised,0,Undetectable,,,,,12/12,LS,LA/SA,A:A,,C:C,G:G,,G:G,T:G,0,0,0,0
14,13-17,Adolescent,Male,Born Again,Pre-primary,Underweight,Muganda,Both parents dead,high socioecnomic status,Yes,Stage 2,Was not a premature at birth,Yes,severe stress,cases,312,Normal CD4 range,,,,,,,12/12,LL,LA/LG,A:G,,C:C,G:G,,G:G,T:G,1,0,1,0
16.780287,13-17,Adolescent,Female,Catholic,Pre-primary,Normal weight,Non-Munganda but Ugandan,Single parent alive,high socioecnomic status,Yes,Stage 3,Was not a premature at birth,Yes,severe stress,controls,358,Possibly immune compromised,,,1.017269846,0.823324128,0.19394572,Decreased,12/12,LL,LA/LA,A:A,A:A,C:T,G:A,G:G,G:G,T:G,1,1,0,0
14,13-17,Adolescent,Female,Catholic,Pre-primary,Underweight,Non-Munganda but Ugandan,Single parent alive,low socio-economic status,Yes,Stage 2,Was not a premature at birth,Yes,severe stress,cases,752,Advanced immune compromised,33,Suppressed,1.002437092,0.554761427,0.44767568,Decreased,10/12,LL,LA/LG,A:G,A:A,C:T,G:A,G:G,G:G,T:G,0,0,0,0
14.61191,13-17,Adolescent,Male,Muslim,Secondary level,Underweight,Muganda,Single parent alive,high socioecnomic status,Yes,Stage 2,Was not a premature at birth,Yes,moderate stress,controls,165,Normal CD4 range,,,1.509932934,1.004254414,0.50567853,Decreased,12/12,LL,LA/LG,A:G,G:A,T:T,G:A,G:G,G:G,T:G,0,0,0,0
13,13-17,Adolescent,Female,Born Again,Pre-primary,Underweight,Muganda,Both parents dead,high socioecnomic status,Yes,Stage 3,Was not a premature at birth,Yes,severe stress,cases,708,Advanced immune compromised,,,1.086553214,2.091526605,-1.0049734,Increased,10/12,LL,LA/LA,A:A,,C:C,G:G,G:G,G:G,T:G,1,0,0,1
15,13-17,Adolescent,Male,Catholic,Pre-primary,Underweight,Muganda,Both parents alive,low socio-economic status,Yes,Stage 2,Was not a premature at birth,Yes,moderate stress,cases,717,Advanced immune compromised,,,,0.741133656,,,12/12,LL,LA/LA,A:A,A:A,C:C,G:G,G:G,G:G,T:G,1,0,0,1
10.431211,13-17,Adolescent,Female,Catholic,Pre-primary,Underweight,Muganda,Both parents alive,high socioecnomic status,Yes,Stage 3,Was not a premature at birth,No,mild stress,cases,863,Advanced immune compromised,30,Suppressed,1.86903335,,,,12/12,LL,LA/LA,A:A,A:A,C:C,G:G,G:G,G:G,T:G,0,0,0,0
17,13-17,Adolescent,Male,Catholic,Pre-primary,Underweight,Muganda,Single parent alive,high socioecnomic status,Yes,Stage 2,Was not a premature at birth,Yes,severe stress,cases,836,Advanced immune compromised,0,Undetectable,1.470718161,,,,12/12,LS,LA/SA,A:A,A:A,C:C,G:G,G:G,G:G,T:G,0,0,0,0
6.7241616,13-17,Adolescent,Female,Catholic,Pre-primary,Underweight,Non-Munganda but Ugandan,Single parent alive,low socio-economic status,Yes,Stage 2,Was not a premature at birth,Yes,moderate stress,cases,1627,Advanced immune compromised,0,Undetectable,0.332611704,,,,12/12,LL,LA/LA,A:A,G:A,C:C,G:G,G:G,G:G,T:G,0,0,0,0
15,13-17,Adolescent,Female,Catholic,Pre-primary,Normal weight,Muganda,Single parent alive,low socio-economic status,Yes,Stage 3,Was not a premature at birth,Yes,mild stress,cases,710,Advanced immune compromised,,,1.686258424,0.874855028,0.81140339,Decreased,10/12,LS,SA/LG,A:G,A:A,C:T,G:G,G:G,G:G,T:G,0,0,0,0
14,13-17,Adolescent,Male,Muslim,Pre-primary,Underweight,Muganda,Single parent alive,high socioecnomic status,Yes,Stage 4,Was not a premature at birth,Yes,severe stress,cases,1090,Advanced immune compromised,0,Undetectable,1.263826036,0.759084346,0.50474167,Decreased,10/12,LL,LA/LA,A:A,G:A,C:T,G:G,G:G,G:G,T:G,0,0,0,0
15.192334,13-17,Adolescent,Female,Catholic,Secondary level,Normal weight,Muganda,Both parents dead,high socioecnomic status,Yes,Stage 2,I don’t know,Yes,mild stress,cases,427,Possibly immune compromised,,,1.77321011,1.255826149,0.51738393,Decreased,10/12,LL,LA/LA,A:A,A:A,T:T,G:G,G:G,G:G,T:G,1,1,0,1
13,13-17,Adolescent,Male,Protestant,Pre-primary,Underweight,Non-Munganda but Ugandan,Both parents alive,high socioecnomic status,Yes,Stage 3,Was not a premature at birth,No,severe stress,cases,319,Normal CD4 range,,,1.222356972,0.95537998,0.26697698,Decreased,12/12,SS,SA/SA,A:A,A:A,C:C,G:A,T:G,G:G,T:G,0,0,0,0
6.6091719,13-17,Adolescent,Female,Protestant,Pre-primary,Underweight,Non-Munganda but Ugandan,Both parents alive,high socioecnomic status,Yes,Stage 1,Was not a premature at birth,Yes,mild stress,controls,1181,Advanced immune compromised,0,Undetectable,1.092628558,0.611249666,0.48137888,Decreased,12/12,LL,LA/LA,A:A,A:A,C:C,G:G,T:G,G:G,T:G,0,0,0,0
14,13-17,Adolescent,Male,Born Again,Pre-primary,Underweight,Muganda,Single parent alive,low socio-economic status,Yes,Stage 3,Was not a premature at birth,No,severe stress,controls,443,Possibly immune compromised,74138,Unsuppressed,0.692112669,,,,12/12,LL,LA/LA,A:A,A:A,C:C,G:G,T:G,G:G,T:G,0,0,0,0
15,13-17,Adolescent,Male,Catholic,Secondary level,Overweight,Muganda,,high socioecnomic status,Yes,Stage 2,I don’t know,Yes,moderate stress,cases,718,Advanced immune compromised,0,Undetectable,,,,,12/12,LS,LA/SA,A:A,A:A,C:C,G:G,T:G,G:G,T:G,0,0,0,0
15,13-17,Adolescent,Male,Muslim,Secondary level,Underweight,Muganda,Both parents dead,low socio-economic status,Yes,Stage 3,Was not a premature at birth,Yes,moderate stress,controls,325,Normal CD4 range,231510,Unsuppressed,1.146745952,1.041182004,0.10556395,Decreased,12/12,LS,LA/SA,A:A,A:A,C:C,G:G,T:G,G:G,T:G,0,0,0,0
14.639288,13-17,Adolescent,Female,Born Again,Pre-primary,Underweight,Muganda,Both parents alive,high socioecnomic status,Yes,Stage 2,Was not a premature at birth,Yes,severe stress,controls,521,Advanced immune compromised,0,Undetectable,1.424825098,1.768921015,-0.34409592,Increased,12/12,LL,LA/LG,A:G,,T:T,G:G,T:G,G:G,T:G,0,0,0,0
14,13-17,Adolescent,Female,Catholic,Secondary level,Normal weight,Muganda,Both parents dead,high socioecnomic status,Yes,Stage 3,Was not a premature at birth,Yes,moderate stress,controls,789,Advanced immune compromised,2827,Unsuppressed,1.459316395,0.883222684,0.57609373,Decreased,10/10,SS,SA/SA,A:A,A:A,T:T,G:G,T:G,G:G,T:G,0,0,0,0
14,13-17,Adolescent,Female,Muslim,Secondary level,Normal weight,Muganda,Both parents alive,low socio-economic status,Yes,Stage 2,Was not a premature at birth,No,severe stress,cases,500,Possibly immune compromised,1106,Unsuppressed,,,,,10/12,LL,LA/LG,A:G,,C:T,G:G,T:T,G:G,T:G,1,0,0,1
15,13-17,Adolescent,Female,Protestant,Secondary level,Normal weight,Non-Munganda but Ugandan,Both parents dead,high socioecnomic status,Yes,Stage 3,Was not a premature at birth,Yes,mild stress,controls,600,Advanced immune compromised,,,0.811149413,0.968124571,-0.15697517,Increased,12/12,LS,LA/SA,A:A,A:A,C:T,G:G,T:T,G:G,T:G,0,0,0,0
17,13-17,Adolescent,Female,Protestant,Secondary level,Normal weight,Muganda,Single parent alive,low socio-economic status,Yes,Stage 3,Was not a premature at birth,Yes,moderate stress,cases,735,Advanced immune compromised,0,Undetectable,,1.290453299,,,10/12,LL,LA/LG,A:G,,,,G:G,,T:T,1,1,1,1
16,13-17,Adolescent,Male,Catholic,Pre-primary,Normal weight,Muganda,Both parents dead,low socio-economic status,Yes,Stage 2,Was not a premature at birth,Yes,mild stress,cases,296,Normal CD4 range,54430,Unsuppressed,1.518065561,,,,10/12,LL,LA/LA,A:A,A:A,C:C,G:A,T:G,A:A,T:T,1,0,0,1
10.108145,13-17,Adolescent,Female,Catholic,Pre-primary,Underweight,Non-Munganda but Ugandan,Both parents alive,low socio-economic status,Yes,Stage 2,Was not a premature at birth,Yes,mild stress,controls,1231,Advanced immune compromised,26,Suppressed,0.755393772,,,,12/12,LL,LA/LA,A:A,A:A,C:C,G:A,T:G,A:A,T:T,0,0,0,0
,13-17,Adolescent,Male,Catholic,Pre-primary,Underweight,Muganda,Single parent alive,low socio-economic status,Yes,Stage 2,Was not a premature at birth,Yes,severe stress,controls,1752,Advanced immune compromised,10,Suppressed,1.021460184,0.929052713,0.092407472,Decreased,,LL,LA/LA,A:A,A:A,C:C,G:A,T:G,A:A,T:T,0,0,0,0
12.123203,13-17,Adolescent,Female,Muslim,Pre-primary,Obesity,Muganda,Both parents alive,high socioecnomic status,No,Stage 2,Was not a premature at birth,I don’t know,severe stress,controls,1057,Advanced immune compromised,2639,Unsuppressed,0.915805978,0.77347694,0.14232904,Decreased,10/12,LS,LA/SA,A:A,A:A,C:C,G:A,T:G,A:A,T:T,1,0,0,1
8.0438061,13-17,Adolescent,Female,Catholic,Pre-primary,Underweight,Muganda,Both parents alive,high socioecnomic status,Yes,Stage 2,Was not a premature at birth,Yes,moderate stress,controls,2294,Advanced immune compromised,0,Undetectable,1.177757356,1.117703035,0.060054321,Decreased,10/10,LL,LA/LG,A:G,A:A,C:C,G:A,T:G,A:A,T:T,0,0,0,0
16.323067,13-17,Adolescent,Female,Catholic,Secondary level,Normal weight,Non-Munganda but Ugandan,Single parent alive,high socioecnomic status,Yes,Stage 2,Was not a premature at birth,Yes,mild stress,cases,626,Advanced immune compromised,0,Undetectable,0.756537533,0.666518605,0.090018928,Decreased,12/12,LL,LA/LA,A:A,A:A,C:T,G:A,T:G,A:A,T:T,1,1,0,1
10.699521,13-17,Adolescent,Female,Catholic,Pre-primary,Underweight,Muganda,Both parents alive,high socioecnomic status,Yes,Stage 2,Was not a premature at birth,Yes,moderate stress,cases,925,Advanced immune compromised,,,1.274726466,0.832985581,0.44174087,Decreased,,LL,LA/LA,A:A,A:A,C:T,G:A,T:G,A:A,T:T,0,0,0,0
5.0266938,13-17,Adolescent,Female,Catholic,Pre-primary,Underweight,Non-Munganda but Ugandan,Both parents alive,high socioecnomic status,Yes,Stage 2,Was not a premature at birth,Yes,mild stress,controls,2005,Advanced immune compromised,0,Undetectable,1.265580239,0.583396642,0.68218362,Decreased,,LL,LA/LA,A:A,A:A,C:T,G:A,T:G,A:A,T:T,0,0,0,0
9.1115675,13-17,Adolescent,Female,Catholic,Pre-primary,Underweight,Muganda,Both parents alive,high socioecnomic status,Yes,Stage 3,Was not a premature at birth,Yes,mild stress,controls,848,Advanced immune compromised,0,Undetectable,0.980561675,0.845569161,0.13499251,Decreased,12/12,LS,LA/SA,A:A,A:A,C:T,G:A,T:G,A:A,T:T,0,0,0,0
17,13-17,Adolescent,Female,Muslim,No formal education,Normal weight,Muganda,Single parent alive,high socioecnomic status,Yes,Stage 2,Was not a premature at birth,Yes,mild stress,cases,317,Normal CD4 range,0,Undetectable,0.72511375,1.197766295,-0.47265255,Increased,10/12,LL,LA/LG,A:G,A:A,C:T,G:A,T:G,A:A,T:T,0,0,0,0
15,13-17,Adolescent,Male,Catholic,Pre-primary,Underweight,Muganda,Both parents alive,high socioecnomic status,Yes,Stage 2,Was not a premature at birth,Yes,mild stress,cases,503,Advanced immune compromised,1319,Unsuppressed,1.889984501,1.032763312,0.85722119,Decreased,12/12,LL,LA/LA,A:A,A:A,T:T,G:A,T:G,A:A,T:T,1,1,0,1
15,13-17,Adolescent,Male,Others,Secondary level,Normal weight,Non-Munganda but Ugandan,Both parents dead,high socioecnomic status,Yes,Stage 2,Was not a premature at birth,Yes,severe stress,cases,450,Possibly immune compromised,40748,Unsuppressed,,0.943723634,,,10/12,LL,LA/LA,A:A,G:G,C:T,G:G,T:G,A:A,T:T,0,0,0,0
5.7385354,13-17,Adolescent,Male,Catholic,No formal education,Underweight,Muganda,Single parent alive,low socio-economic status,Yes,Stage 2,Was not a premature at birth,Yes,moderate stress,controls,906,Advanced immune compromised,68,Suppressed,1.011258471,0.82053255,0.19072592,Decreased,12/12,LL,LA/LG,A:G,G:A,T:T,G:G,T:G,A:A,T:T,0,0,0,0
15,13-17,Adolescent,Female,Protestant,Pre-primary,Normal weight,Muganda,Both parents dead,high socioecnomic status,Yes,Stage 3,Was not a premature at birth,Yes,severe stress,cases,504,Advanced immune compromised,,,1.235339262,0.522947806,0.71239144,Decreased,10/12,LL,LA/LG,A:G,A:A,C:T,,T:T,A:A,T:T,1,1,1,1
14,13-17,Adolescent,Female,Protestant,Pre-primary,Normal weight,Muganda,Single parent alive,low socio-economic status,Yes,Stage 1,Was not a premature at birth,Yes,moderate stress,controls,861,Advanced immune compromised,0,Undetectable,1.135071665,0.673556241,0.46151543,Decreased,10/12,LL,LA/LA,A:A,A:A,C:C,G:G,T:T,A:A,T:T,1,0,0,1
12,13-17,Adolescent,Male,Catholic,Pre-primary,Underweight,Non-Munganda but Ugandan,Both parents alive,high socioecnomic status,Yes,Stage 3,Was not a premature at birth,Yes,moderate stress,cases,790,Advanced immune compromised,,,1.405206444,1.058849519,0.34635693,Decreased,12/12,LL,LA/LA,A:A,A:A,C:T,G:A,G:G,G:A,T:T,1,0,0,1
13.716633,13-17,Adolescent,Female,Muslim,Pre-primary,Underweight,Muganda,Single parent alive,low socio-economic status,Yes,Stage 3,Was not a premature at birth,Yes,mild stress,controls,483,Possibly immune compromised,,,1.449561918,1.486756749,-0.037194829,Increased,12/12,LL,LA/LA,A:A,A:A,C:T,G:A,G:G,G:A,T:T,1,0,0,1
15,13-17,Adolescent,Male,Muslim,Pre-primary,Underweight,Muganda,Both parents alive,high socioecnomic status,Yes,Stage 3,Was not a premature at birth,Yes,moderate stress,controls,796,Advanced immune compromised,,,1.2716669,,,,10/12,LS,SA/LG,A:G,G:G,C:T,G:A,G:G,G:A,T:T,0,0,0,0
14,13-17,Adolescent,Male,Protestant,Pre-primary,Underweight,Muganda,Both parents alive,high socioecnomic status,Yes,Stage 2,Was not a premature at birth,Yes,severe stress,cases,31,Normal CD4 range,499017,Unsuppressed,,0.873225459,,,10/10,SS,SA/SA,A:A,A:A,T:T,G:A,G:G,G:A,T:T,1,0,1,0
15,13-17,Adolescent,Male,Protestant,Pre-primary,Normal weight,Muganda,Single parent alive,high socioecnomic status,Yes,Stage 3,Was not a premature at birth,Yes,severe stress,cases,736,Advanced immune compromised,,,,0.933969933,,,12/12,LL,LA/LA,A:A,,C:C,G:A,T:G,G:A,T:T,0,0,0,0
13.894592,13-17,Adolescent,Male,Muslim,Pre-primary,Normal weight,Non-Munganda but Ugandan,Single parent alive,low socio-economic status,Yes,Stage 2,Was not a premature at birth,Yes,moderate stress,controls,419,Possibly immune compromised,,,1.287349974,1.484226366,-0.19687639,Increased,12/12,LL,LA/LA,A:A,A:A,C:C,G:A,T:G,G:A,T:T,0,0,0,0
15,13-17,Adolescent,Female,Catholic,Secondary level,Underweight,Muganda,Single parent alive,high socioecnomic status,Yes,Stage 1,Was not a premature at birth,Yes,severe stress,cases,586,Advanced immune compromised,,,1.779229589,0.801289819,0.97793978,Decreased,12/12,LS,LA/SA,A:A,A:A,C:C,G:A,T:G,G:A,T:T,1,0,0,1
14,13-17,Adolescent,Male,Muslim,Pre-primary,Underweight,Non-Munganda but Ugandan,Both parents alive,high socioecnomic status,Yes,Stage 1,Was not a premature at birth,Yes,severe stress,cases,705,Advanced immune compromised,20,Suppressed,0.810123968,,,,12/12,LS,LA/SA,A:A,A:A,C:C,G:A,T:G,G:A,T:T,1,0,1,0
13.623546,13-17,Adolescent,Male,Catholic,No formal education,Underweight,Muganda,Both parents alive,low socio-economic status,Yes,Stage 3,Was not a premature at birth,Yes,severe stress,cases,11,Normal CD4 range,15148,Unsuppressed,1.347104956,0.9521881,0.39491686,Decreased,10/10,LL,LG/LG,G:G,A:A,C:C,G:A,T:G,G:A,T:T,0,0,0,0
13,13-17,Adolescent,Male,Catholic,Pre-primary,Underweight,Muganda,Single parent alive,high socioecnomic status,Yes,Stage 2,Was not a premature at birth,Yes,mild stress,cases,481,Possibly immune compromised,598,Suppressed,0.929241595,0.759166687,0.17007491,Decreased,12/12,LL,LA/LG,A:G,G:A,C:C,G:A,T:G,G:A,T:T,1,0,0,1
13,13-17,Adolescent,Male,Catholic,Pre-primary,Underweight,Muganda,Both parents dead,low socio-economic status,Yes,Stage 3,Was not a premature at birth,Yes,mild stress,controls,753,Advanced immune compromised,6455,Unsuppressed,1.295112376,1.559040183,-0.26392782,Increased,10/10,LL,LA/LG,A:G,,C:T,G:A,T:G,G:A,T:T,0,0,0,0
13,13-17,Adolescent,Female,Protestant,Pre-primary,Normal weight,Muganda,Single parent alive,high socioecnomic status,Yes,Stage 3,Was not a premature at birth,Yes,severe stress,controls,601,Advanced immune compromised,,,1.200902877,,,,10/12,LL,LA/LG,A:G,,C:T,G:A,T:G,G:A,T:T,1,0,0,1
15,13-17,Adolescent,Male,Protestant,Pre-primary,Normal weight,Non-Munganda but Ugandan,Both parents alive,low socio-economic status,Yes,Stage 2,Was not a premature at birth,Yes,mild stress,controls,1021,Advanced immune compromised,0,Undetectable,1.271702113,,,,10/12,LL,LA/LG,A:G,A:A,C:T,G:A,T:G,G:A,T:T,1,1,0,1
9.9082823,13-17,Adolescent,Female,Catholic,Pre-primary,Underweight,Muganda,Both parents alive,low socio-economic status,Yes,Stage 2,Was not a premature at birth,I don’t know,mild stress,controls,804,Advanced immune compromised,1593,Unsuppressed,0.800915862,0.629844961,0.1710709,Decreased,10/10,LS,SA/LG,A:G,G:A,C:T,G:A,T:G,G:A,T:T,1,0,0,1
12,13-17,Adolescent,Male,Protestant,Pre-primary,Underweight,Muganda,Both parents alive,high socioecnomic status,Yes,Stage 2,Was not a premature at birth,Yes,severe stress,controls,792,Advanced immune compromised,0,Undetectable,1.334058348,0.997698867,0.33635947,Decreased,10/12,LL,LA/LA,A:A,G:A,,G:G,T:G,G:A,T:T,1,0,0,1
7.778234,13-17,Adolescent,Male,Catholic,Pre-primary,Underweight,Muganda,Both parents alive,high socioecnomic status,Yes,Stage 4,Was not a premature at birth,Yes,mild stress,cases,1251,Advanced immune compromised,0,Undetectable,1.222529645,,,,10/10,LL,LA/LG,A:G,A:A,C:C,G:G,T:G,G:A,T:T,0,0,0,0
14,13-17,Adolescent,Male,Protestant,Secondary level,Obesity,Muganda,Both parents dead,high socioecnomic status,Yes,Stage 2,Was not a premature at birth,Yes,mild stress,cases,123,Normal CD4 range,37050,Unsuppressed,1.49102383,,,,12/12,LL,LA/LA,A:A,A:A,C:T,G:G,T:G,G:A,T:T,0,0,0,0
11.616701,13-17,Adolescent,Female,Catholic,Pre-primary,Underweight,Muganda,Both parents dead,low socio-economic status,Yes,Stage 1,Was not a premature at birth,Yes,moderate stress,controls,984,Advanced immune compromised,25,Suppressed,1.29488955,0.642545913,0.65234363,Decreased,12/12,LL,LA/LA,A:A,A:A,C:T,G:G,T:G,G:A,T:T,0,0,0,0
9.6016426,13-17,Adolescent,Female,Catholic,Pre-primary,Normal weight,Muganda,Both parents alive,high socioecnomic status,Yes,Stage 1,Was not a premature at birth,Yes,moderate stress,controls,1309,Advanced immune compromised,0,Undetectable,1.092549361,,,,12/12,LL,LA/LA,A:A,A:A,C:T,G:G,T:G,G:A,T:T,0,0,0,0
14,13-17,Adolescent,Female,Muslim,Secondary level,Normal weight,Non-Munganda but Ugandan,Single parent alive,low socio-economic status,Yes,Stage 3,Was not a premature at birth,Yes,severe stress,cases,264,Normal CD4 range,,,1.457569205,1.012552441,0.44501677,Decreased,12/12,LL,LA/LG,A:G,A:A,C:T,G:G,T:G,G:A,T:T,1,0,0,1
16,13-17,Adolescent,Female,Protestant,Pre-primary,Overweight,Muganda,Single parent alive,high socioecnomic status,Yes,Stage 3,Was not a premature at birth,Yes,moderate stress,cases,1151,Advanced immune compromised,,,0.705213949,0.727747872,-0.022533923,Increased,10/12,LS,SA/LG,A:G,A:A,C:T,G:G,T:G,G:A,T:T,1,0,0,1
5.0814509,13-17,Adolescent,Male,Muslim,Pre-primary,Underweight,Non-Munganda but Ugandan,Both parents alive,low socio-economic status,Yes,Stage 2,Was not a premature at birth,Yes,mild stress,cases,1000,Advanced immune compromised,10,Suppressed,1.962959054,0.713142628,1.2498164,Decreased,10/12,LL,LG/LG,G:G,A:A,C:T,G:G,T:G,G:A,T:T,0,0,0,0
14,13-17,Adolescent,Male,Catholic,Pre-primary,Underweight,Muganda,Both parents dead,low socio-economic status,Yes,Stage 2,Was not a premature at birth,Yes,severe stress,controls,478,Possibly immune compromised,10,Suppressed,0.949906263,,,,10/12,LL,LA/LA,A:A,G:A,C:T,G:G,T:G,G:A,T:T,0,0,0,0
14,13-17,Adolescent,Female,Catholic,Pre-primary,Normal weight,Muganda,Both parents dead,high socioecnomic status,Yes,Stage 1,Was not a premature at birth,Yes,moderate stress,cases,849,Advanced immune compromised,10,Suppressed,0.951727657,0.86145496,0.090272695,Decreased,10/12,LL,LA/LA,A:A,G:A,C:T,G:G,T:G,G:A,T:T,1,1,0,0
13,13-17,Adolescent,Female,Catholic,Pre-primary,Underweight,Non-Munganda but Ugandan,Both parents alive,low socio-economic status,Yes,Stage 3,Was not a premature at birth,Yes,severe stress,controls,856,Advanced immune compromised,,,0.930442702,0.853965112,0.076477587,Decreased,10/12,LL,LA/LA,A:A,A:A,C:T,G:G,T:T,G:A,T:T,1,0,0,1
13.295004,13-17,Adolescent,Male,Catholic,No formal education,Underweight,Muganda,Both parents alive,low socio-economic status,Yes,Stage 2,Was not a premature at birth,Yes,mild stress,controls,464,Possibly immune compromised,8594,Unsuppressed,1.266168102,0.370883328,0.89528477,Decreased,12/12,LS,LA/SA,A:A,A:A,C:T,G:G,T:T,G:A,T:T,0,0,0,0
7.5236139,13-17,Adolescent,Male,Muslim,Pre-primary,Underweight,Non-Munganda but Ugandan,Single parent alive,low socio-economic status,Yes,Stage 2,Was not a premature at birth,Yes,mild stress,controls,662,Advanced immune compromised,98754,Unsuppressed,1.21864841,0.721146027,0.49750239,Decreased,10/12,LL,LG/LG,G:G,A:A,T:T,G:G,T:T,G:A,T:T,0,0,0,0
9.5797396,13-17,Adolescent,Male,Protestant,Pre-primary,Underweight,Muganda,Both parents alive,low socio-economic status,Yes,Stage 2,Was not a premature at birth,Yes,moderate stress,controls,1547,Advanced immune compromised,0,Undetectable,0.618790665,,,,12/12,LL,LA/LG,A:G,A:A,C:C,G:G,G:G,G:G,T:T,0,0,0,0
16,13-17,Adolescent,Male,Catholic,Pre-primary,Underweight,Muganda,Single parent alive,low socio-economic status,Yes,Stage 2,Was not a premature at birth,Yes,moderate stress,controls,356,Possibly immune compromised,62,Suppressed,0.802953373,,,,10/12,LL,LA/LG,A:G,,C:C,G:G,T:G,G:G,T:T,0,0,0,0
12.539356,13-17,Adolescent,Female,Protestant,Pre-primary,Underweight,Muganda,Single parent alive,high socioecnomic status,Yes,Stage 3,Was not a premature at birth,Yes,moderate stress,controls,891,Advanced immune compromised,,,0.941208959,0.769147522,0.17206144,Decreased,10/12,LS,LA/SA,A:A,A:A,C:C,G:G,T:G,G:G,T:T,1,0,1,0
13,13-17,Adolescent,Male,Born Again,Pre-primary,Underweight,Non-Munganda but Ugandan,Single parent alive,high socioecnomic status,Yes,Stage 1,Was not a premature at birth,Yes,severe stress,controls,895,Advanced immune compromised,0,Undetectable,0.772896862,,,,10/10,LL,LG/LG,G:G,,C:T,G:G,T:G,G:G,T:T,1,1,1,1
6.2450376,13-17,Adolescent,Male,Catholic,Pre-primary,Underweight,Muganda,Both parents alive,low socio-economic status,Yes,Stage 2,Was not a premature at birth,Yes,mild stress,controls,2734,Advanced immune compromised,0,Undetectable,0.831399291,0.683986862,0.14741243,Decreased,12/12,SS,SA/SA,A:A,A:A,T:T,G:G,T:G,G:G,T:T,0,0,0,0
17,13-17,Adolescent,Female,Born Again,Secondary level,Normal weight,Muganda,Both parents alive,high socioecnomic status,Yes,Stage 2,I don’t know,Yes,moderate stress,cases,467,Possibly immune compromised,0,Undetectable,1.221379518,1.465419623,-0.2440401,Increased,12/12,LL,LA/LA,A:A,,C:C,G:G,T:T,G:G,T:T,1,0,0,1
15,13-17,Adolescent,Female,Catholic,Pre-primary,Underweight,Muganda,Both parents alive,low socio-economic status,Yes,Stage 3,Was not a premature at birth,Yes,severe stress,controls,275,Normal CD4 range,,,1.090725474,0.576181567,0.51454389,Decreased,10/12,LS,LA/SA,A:A,A:A,C:T,G:G,T:T,G:G,T:T,0,0,0,0
15,13-17,Adolescent,Female,Muslim,Secondary level,Overweight,Non-Munganda but Ugandan,Single parent alive,low socio-economic status,Yes,Stage 3,Was not a premature at birth,Yes,mild stress,cases,205,Normal CD4 range,,,0.87728117,1.212370335,-0.33508918,Increased,12/12,LS,LA/SA,A:A,A:A,C:T,G:G,T:T,G:G,T:T,1,0,0,1
13,13-17,Adolescent,Male,Catholic,Pre-primary,Underweight,Muganda,Single parent alive,low socio-economic status,Yes,Stage 3,Was not a premature at birth,Yes,severe stress,controls,649,Advanced immune compromised,,,,1.015202995,,,10/12,LL,LA/LG,A:G,A:A,T:T,G:G,T:T,G:G,T:T,1,0,1,0
13,13-17,Adolescent,Female,Protestant,Secondary level,Overweight,Non-Munganda but Ugandan,Both parents alive,high socioecnomic status,Yes,Stage 2,Was not a premature at birth,Yes,severe stress,cases,1404,Advanced immune compromised,0,Undetectable,1.350011457,0.449048349,0.90096313,Decreased,12/12,SS,SA/SA,A:A,A:A,C:C,G:G,T:T,G:A,,1,0,0,1
8.7775497,13-17,Adolescent,Female,Catholic,Pre-primary,Underweight,Non-Munganda but Ugandan,Both parents alive,low socio-economic status,Yes,Stage 4,Was not a premature at birth,Yes,severe stress,controls,1448,Advanced immune compromised,0,Undetectable,1.18595691,1.163687069,0.022269841,Decreased,10/12,LS,SA/LG,A:G,,,,,,,0,0,0,0
7.1321015,13-17,Adolescent,Female,Catholic,Pre-primary,Underweight,Muganda,Both parents alive,high socioecnomic status,Yes,Stage 4,Was not a premature at birth,Yes,moderate stress,controls,1874,Advanced immune compromised,,,1.741269602,0.480822351,1.2604473,Decreased,,,,,,,,,,,0,0,0,0
16,13-17,Adolescent,Female,Born Again,Secondary level,Normal weight,Non-Munganda but Ugandan,Both parents alive,low socio-economic status,Yes,Stage 3,Was not a premature at birth,Yes,severe stress,controls,1022,Advanced immune compromised,,,,0.999253848,,,,,,,,,,,,,1,0,0,1
10.083505,13-17,Adolescent,Female,Catholic,Pre-primary,Underweight,Muganda,Both parents alive,low socio-economic status,Yes,Stage 1,Was not a premature at birth,Yes,moderate stress,controls,1507,Advanced immune compromised,298,Suppressed,,,,,,,,,,,,,,,0,0,0,0
9.0568104,13-17,Adolescent,Male,Protestant,Pre-primary,Underweight,Muganda,Both parents alive,high socioecnomic status,Yes,Stage 2,Was not a premature at birth,Yes,moderate stress,controls,1113,Advanced immune compromised,0,Undetectable,,,,,,,,,,,,,,,1,0,0,1
6.7734427,13-17,Adolescent,Male,Muslim,Pre-primary,Underweight,Muganda,Single parent alive,low socio-economic status,Yes,Stage 3,Was not a premature at birth,Yes,severe stress,controls,766,Advanced immune compromised,51,Suppressed,,,,,,,,,,,,,,,0,0,0,0
6.6913075,13-17,Adolescent,Male,Catholic,Pre-primary,Underweight,Muganda,Both parents alive,high socioecnomic status,Yes,Stage 4,Was not a premature at birth,Yes,moderate stress,controls,1491,Advanced immune compromised,19892,Unsuppressed,,0.428436653,,,,,,,,,,,,,0,0,0,0
12,13-17,Adolescent,Female,Born Again,Pre-primary,Underweight,Muganda,Both parents dead,high socioecnomic status,Yes,Stage 2,I don’t know,Yes,moderate stress,cases,764,Advanced immune compromised,,,,,,,,,,,,,,,,,0,0,0,0
,13-17,Adolescent,Female,Catholic,Pre-primary,Underweight,Muganda,Both parents alive,low socio-economic status,Yes,Stage 3,Was not a premature at birth,Yes,mild stress,controls,139,Normal CD4 range,629215,Unsuppressed,,0.722167212,,,,,,,,,,,,,0,0,0,0
15,13-17,Adolescent,Female,Born Again,Secondary level,Normal weight,Non-Munganda but Ugandan,Both parents alive,low socio-economic status,Yes,Stage 2,Was not a premature at birth,Yes,moderate stress,cases,,,,,,1.091748331,,,,,,,,,,,,,1,0,0,1
13,13-17,Adolescent,Female,Catholic,Pre-primary,Underweight,Non-Munganda but Ugandan,Single parent alive,low socio-economic status,Yes,Stage 2,Was not a premature at birth,I don’t know,mild stress,controls,602,Advanced immune compromised,0,Undetectable,,0.954541894,,,,,,,,,,,,,1,0,0,1
14,13-17,Adolescent,Male,Catholic,Pre-primary,Underweight,Muganda,Single parent alive,high socioecnomic status,Yes,Stage 4,Was not a premature at birth,Yes,severe stress,controls,924,Advanced immune compromised,0,Undetectable,,0.626933265,,,,,,,,,,,,,1,1,0,0
13,13-17,Adolescent,Female,Protestant,Pre-primary,Underweight,Muganda,Both parents dead,low socio-economic status,Yes,Stage 3,Was not a premature at birth,Yes,mild stress,controls,859,Advanced immune compromised,10,Suppressed,,0.687615505,,,,,,,,,,,,,1,0,1,0
