PatientID,Age,AgeCategory,Gender_of_Child,Religion,Childs_Education_Level,BMI_category,childtrib1,orphanhood,Socio_Economic_Status,Support_Program,Stress,Premature_Birth,Born_with_HIV,Child_Takes_ART,Worst_HIV_Stage,cd4takeoff1,CD4_category,Viralload,Viralload_Category,Baseline_telomere_length,Telomere_length_12Months,tldiff,telomere_length_change,stin2vntr_,httlpr1_polymorphism,HTTLPRrs35531,rs35531_polymorphism,Rs10482605_polymorphism,Rs1360780_polymorphism,rs1386494_polymorphism,rs1843809_polymorphism,rs34517220_polymorphism,rs4570625_polymorphism,GroupCategory,GAD,MDD,PTSD,IMDs
CHAKA/02/04/1366,10.55441,Adolescent,Female,Christians,Pre-primary,Underweight,Muganda,Both parents dead,high socioecnomic status,No,moderate stress,I don’t know,Yes,Yes,Stage 2,1105,Advanced immune compromised,,,1.0680237,0.62904669,0.438977,Decreased,,LS,LA/SA,A:A,,C:C,,,,G:G,controls,0,0,1,1
CHAKA/02/09/0681,9.880903,Adolescent,Female,Christians,Pre-primary,Underweight,Non-Munganda but Ugandan,Both parents alive,high socioecnomic status,No,severe stress,Was not a premature at birth,Yes,Yes,Stage 1,2159,Advanced immune compromised,10,Suppressed,1.0120824,0.85025587,0.1618266,Decreased,12-Dec,LL,LA/LA,A:A,A:A,C:T,G:A,T:G,A:A,G:G,controls,0,0,0,0
CHAKA/02/01/0041,7.5154,Adolescent,Female,Christians,Pre-primary,Underweight,Non-Munganda but Ugandan,Single parent alive,low socio-economic status,No,moderate stress,Was not a premature at birth,Yes,Yes,Stage 2,2697,Advanced immune compromised,2697,Unsuppressed,0.99136322,,,,12-Dec,LL,LA/LA,A:A,A:A,C:C,G:G,T:T,A:A,G:G,controls,0,0,0,0
CHAKA/05/05/0869,10.04517,Adolescent,Male,Christians,Pre-primary,Underweight,Muganda,Both parents dead,low socio-economic status,No,moderate stress,Was not a premature at birth,Yes,Yes,Stage 3,620,Advanced immune compromised,0,Undetectable,0.98151337,1.1186387,-0.1371253,Increased,10-Dec,LL,LA/LA,A:A,G:A,T:T,G:A,T:G,G:A,G:G,controls,0,0,0,0
CHAKA/03/05/0870,5.853525,Adolescent,Male,Christians,Pre-primary,Underweight,Non-Munganda but Ugandan,,high socioecnomic status,Yes,mild stress,Was not a premature at birth,Yes,Yes,Stage 2,1205,Advanced immune compromised,0,Undetectable,1.1063053,0.92577842,0.1805268,Decreased,10-Dec,LL,LA/LG,A:G,A:A,C:T,G:G,T:G,G:A,G:G,controls,0,0,0,0
CHAKA/02/01/0109,7.501711,Children,Female,Christians,Pre-primary,Underweight,Non-Munganda but Ugandan,Single parent alive,low socio-economic status,No,mild stress,Was not a premature at birth,Yes,Yes,Stage 2,1728,Advanced immune compromised,602,Suppressed,1.7559047,0.90965146,0.8462532,Decreased,10-Dec,LS,SA/LG,A:G,A:A,C:C,G:G,T:T,G:A,G:G,controls,0,0,0,0
CHAKA/03/08/1258,15,Children,Female,Christians,Pre-primary,Normal weight,Muganda,Single parent alive,low socio-economic status,No,mild stress,Was not a premature at birth,Yes,Yes,Stage 3,83,Normal CD4 range,123776,Unsuppressed,0.77347027,,,,10-Dec,LS,LA/SA,A:A,G:A,C:C,G:G,T:G,G:G,G:G,controls,0,0,0,0
CHAKA/02/04/0498,14,Adolescent,Male,Christians,Pre-primary,Normal weight,Muganda,Both parents dead,high socioecnomic status,No,severe stress,Was not a premature at birth,Yes,Yes,Stage 2,623,Advanced immune compromised,30,Suppressed,0.95625808,0.88823064,0.0680274,Decreased,12-Dec,LS,LA/SA,A:A,G:A,T:T,G:G,T:G,G:G,G:G,controls,0,0,0,0
CHAKA/01/04/0568,15,Adolescent,Female,Christians,Secondary level,Normal weight,Non-Munganda but Ugandan,Both parents dead,low socio-economic status,No,severe stress,Was not a premature at birth,Yes,Yes,Stage 1,623,Advanced immune compromised,,,,0.86617815,,,10-Oct,LS,SA/LG,A:G,G:G,T:T,G:G,T:G,G:G,G:G,controls,0,0,1,1
CHAKA/05/07/1188,7.014374,Children,Male,Christians,Pre-primary,Underweight,Muganda,Single parent alive,high socioecnomic status,No,mild stress,Was not a premature at birth,Yes,Yes,Stage 2,1051,Advanced immune compromised,68,Suppressed,0.88694449,0.55895717,0.3279873,Decreased,,LS,LA/SA,A:A,,C:T,,G:G,,T:G,controls,0,0,0,0
CHAKA/02/02/0294,13,Adolescent,Female,Christians,Pre-primary,Normal weight,Non-Munganda but Ugandan,Both parents alive,high socioecnomic status,No,severe stress,Was not a premature at birth,Yes,Yes,Stage 2,539,Advanced immune compromised,,,1.241337,0.84036852,0.4009685,Decreased,12-Dec,LL,LA/LA,A:A,A:A,C:C,G:A,T:G,A:A,T:G,controls,0,0,0,0
CHAKA/02/09/0660,13,Adolescent,Female,Christians,Pre-primary,Underweight,Non-Munganda but Ugandan,Single parent alive,high socioecnomic status,No,moderate stress,Was not a premature at birth,Yes,Yes,Stage 2,503,Advanced immune compromised,10,Suppressed,,0.80990676,,,,LL,LA/LG,A:G,A:A,T:T,G:A,T:G,A:A,T:G,controls,0,1,0,1
CHAKA/01/04/0583,17,Adolescent,Male,Christians,Secondary level,Normal weight,Non-Munganda but Ugandan,Single parent alive,high socioecnomic status,No,mild stress,Was not a premature at birth,Yes,Yes,Stage 1,436,Possibly immune compromised,0,Undetectable,1.3467656,0.65172924,0.6950364,Decreased,10-Oct,LS,LA/SA,A:A,A:A,C:C,G:G,T:T,A:A,T:G,controls,0,0,1,1
CHAKA/02/01/0054,11.19507,Adolescent,Male,Christians,Pre-primary,Underweight,Non-Munganda but Ugandan,Single parent alive,high socioecnomic status,No,severe stress,Was not a premature at birth,Yes,Yes,Stage 1,1328,Advanced immune compromised,10,Suppressed,0.61771881,0.71168339,-0.0939646,Increased,12-Dec,LL,LA/LA,A:A,A:A,C:T,G:A,G:G,G:A,T:G,controls,0,0,0,0
CHAKA/02/09/0710,10.3655,Adolescent,Male,Christians,Pre-primary,Underweight,Muganda,Single parent alive,low socio-economic status,No,moderate stress,Was a premature at birth,Yes,Yes,Stage 3,2272,Advanced immune compromised,0,Undetectable,1.0096021,,,,10-Dec,LL,LA/LG,A:G,A:A,C:T,G:A,G:G,G:A,T:G,controls,0,0,0,0
CHAKA/01/04/0599,12,Adolescent,Female,Christians,Pre-primary,Normal weight,Non-Munganda but Ugandan,Both parents alive,high socioecnomic status,No,moderate stress,Was not a premature at birth,Yes,Yes,Stage 1,583,Advanced immune compromised,,,0.98247374,1.18225,-0.1997763,Increased,10-Dec,LL,LA/LG,A:G,G:A,C:C,G:A,T:G,G:A,T:G,controls,0,0,0,0
CHAKA/03/08/1299,8.594113,Children,Female,Christians,Pre-primary,Underweight,Muganda,Single parent alive,low socio-economic status,No,severe stress,Was not a premature at birth,Yes,Yes,Stage 2,922,Advanced immune compromised,10,Suppressed,1.3724561,1.3514437,0.0210125,Decreased,12-Dec,LL,LA/LG,A:G,,C:T,G:G,T:G,G:A,T:G,controls,0,0,0,0
CHAKA/01/02/0212,11.55921,Adolescent,Male,Christians,Pre-primary,Underweight,Muganda,Both parents alive,low socio-economic status,No,mild stress,Was not a premature at birth,Yes,Yes,Stage 2,908,Advanced immune compromised,0,Undetectable,1.3217004,,,,12-Dec,LS,LA/SA,A:A,A:A,C:T,G:G,T:G,G:A,T:G,controls,0,1,0,1
CHAKA/01/09/0652,12,Adolescent,Male,Christians,Secondary level,Underweight,Non-Munganda but Ugandan,Single parent alive,high socioecnomic status,No,moderate stress,Was not a premature at birth,No,Yes,Stage 2,669,Advanced immune compromised,,,0.78663723,0.8604121,-0.0737749,Increased,10-Dec,LL,LA/LG,A:G,G:A,C:C,G:G,T:T,G:A,T:G,controls,0,0,0,0
CHAKA/02/09/0690,9.659138,Adolescent,Female,Christians,Pre-primary,Underweight,Non-Munganda but Ugandan,Single parent alive,high socioecnomic status,No,severe stress,Was not a premature at birth,Yes,Yes,Stage 1,1188,Advanced immune compromised,459,Suppressed,0.57416803,0.70502794,-0.1308599,Increased,12-Dec,LL,LA/LA,A:A,A:A,C:T,G:G,T:T,G:A,T:G,controls,0,0,1,1
CHAKA/03/06/0938,5.111567,Children,Male,Christians,No formal education,Normal weight,Muganda,,low socio-economic status,No,mild stress,Was not a premature at birth,Yes,Yes,Stage 2,2444,Advanced immune compromised,10,Suppressed,0.78638382,,,,12-Dec,LL,LA/LG,A:G,G:A,C:T,G:G,T:T,G:A,T:G,controls,0,0,0,0
CHAKA/03/08/1340,6.507871,Children,Female,Christians,Pre-primary,Underweight,Muganda,Both parents alive,high socioecnomic status,No,severe stress,Was not a premature at birth,Yes,Yes,Stage 2,1278,Advanced immune compromised,0,Undetectable,0.99162026,0.76155444,0.2300658,Decreased,12-Dec,LL,LA/LA,A:A,A:A,C:C,G:G,G:G,G:G,T:G,controls,0,0,0,0
CHAKA/03/08/1229,14,Adolescent,Male,Christians,Pre-primary,Underweight,Muganda,Single parent alive,low socio-economic status,Yes,severe stress,Was not a premature at birth,No,Yes,Stage 3,443,Possibly immune compromised,74138,Unsuppressed,0.69211267,,,,12-Dec,LL,LA/LA,A:A,A:A,C:C,G:G,T:G,G:G,T:G,controls,0,0,0,0
CHAKA/02/01/0133,14.63929,Adolescent,Female,Christians,Pre-primary,Underweight,Muganda,Both parents alive,high socioecnomic status,No,severe stress,Was not a premature at birth,Yes,Yes,Stage 2,521,Advanced immune compromised,0,Undetectable,1.4248251,1.768921,-0.3440959,Increased,12-Dec,LL,LA/LG,A:G,,T:T,G:G,T:G,G:G,T:G,controls,0,0,0,0
CHAKA/02/01/0016,8.999315,Children,Male,Christians,Pre-primary,Underweight,Non-Munganda but Ugandan,Both parents alive,high socioecnomic status,Yes,moderate stress,Was not a premature at birth,Yes,Yes,Stage 1,872,Advanced immune compromised,0,Undetectable,1.859982,0.86469703,0.995285,Decreased,12-Dec,LL,LA/LA,A:A,A:A,C:T,G:A,T:G,A:A,T:T,controls,0,0,0,0
CHAKA/03/06/0998,8.517454,Children,Female,Christians,Pre-primary,Underweight,Muganda,Both parents alive,high socioecnomic status,Yes,mild stress,Was not a premature at birth,Yes,Yes,Stage 2,1057,Advanced immune compromised,28,Suppressed,0.86639368,0.73226862,0.1341251,Decreased,12-Dec,LL,LA/LG,A:G,A:A,T:T,G:G,T:T,A:A,T:T,controls,0,0,0,0
CHAKA/02/02/0220,6.351814,Adolescent,Male,Christians,Pre-primary,Underweight,Muganda,Both parents alive,high socioecnomic status,No,moderate stress,Was not a premature at birth,Yes,Yes,Stage 2,959,Advanced immune compromised,0,Undetectable,1.4718724,,,,10-Dec,LL,LA/LG,A:G,G:A,T:T,G:A,T:G,G:A,T:T,controls,0,0,0,0
CHAKA/01/04/0532,9.029432,Adolescent,Female,Christians,Pre-primary,Underweight,Non-Munganda but Ugandan,Single parent alive,low socio-economic status,No,severe stress,Was not a premature at birth,Yes,Yes,Stage 1,1500,Advanced immune compromised,31,Suppressed,0.90618492,1.7650274,-0.8588425,Increased,12-Dec,LS,LA/SA,A:A,A:A,C:C,G:G,T:T,G:A,T:T,controls,0,0,0,0
CHAKA/01/03/0317,14,Children,Male,Christians,Secondary level,Underweight,Non-Munganda but Ugandan,Single parent alive,high socioecnomic status,No,moderate stress,Was not a premature at birth,Yes,Yes,Stage 2,84,Normal CD4 range,62272,Unsuppressed,0.91332543,0.55422728,0.3590982,Decreased,12-Dec,LL,LA/LA,A:A,A:A,C:T,G:G,T:T,G:A,T:T,controls,0,0,1,1
CHAKA/03/06/0944,9.522245,Children,Female,Christians,Pre-primary,Underweight,Muganda,,high socioecnomic status,No,moderate stress,Was not a premature at birth,Yes,Yes,Stage 2,1069,Advanced immune compromised,0,Undetectable,1.3701405,0.90425278,0.4658878,Decreased,12-Dec,LL,LA/LA,A:A,G:A,T:T,G:G,T:T,G:A,T:T,controls,0,0,0,0
CHAKA/03/06/1017,6.658453,Adolescent,Female,Christians,Pre-primary,Underweight,Muganda,Both parents alive,low socio-economic status,No,mild stress,Was not a premature at birth,Yes,Yes,Stage 3,1225,Advanced immune compromised,0,Undetectable,0.8850334,0.78176651,0.1032669,Decreased,10-Dec,LL,LA/LA,A:A,A:A,C:T,G:A,G:G,G:G,T:T,controls,0,0,0,0
CHAKA/02/04/0454,13,Adolescent,Male,Christians,Pre-primary,Underweight,Non-Munganda but Ugandan,Single parent alive,high socioecnomic status,Yes,severe stress,Was not a premature at birth,Yes,Yes,Stage 1,895,Advanced immune compromised,0,Undetectable,0.77289686,,,,10-Oct,LL,LG/LG,G:G,,C:T,G:G,T:G,G:G,T:T,controls,0,0,0,0
CHAKA/02/09/0731,7.307324,Adolescent,Female,Christians,Pre-primary,Underweight,Non-Munganda but Ugandan,Both parents alive,low socio-economic status,No,mild stress,Was not a premature at birth,Yes,Yes,Stage 2,1594,Advanced immune compromised,52,Suppressed,0.71299229,0.64478164,0.0682106,Decreased,12-Dec,LL,LA/LA,A:A,A:A,T:T,G:G,T:G,G:G,T:T,controls,0,0,0,0
CHAKA/01/03/0318,8.635181,Adolescent,Male,Christians,Pre-primary,Underweight,Muganda,Single parent alive,low socio-economic status,No,moderate stress,Was not a premature at birth,No,Yes,Stage 3,408,Possibly immune compromised,161446,Unsuppressed,1.3257644,0.9038922,0.4218722,Decreased,12-Dec,LL,LA/LA,A:A,A:A,T:T,G:G,G:G,G:G,,controls,0,0,1,1
CHAKA/05/07/1147,15,Adolescent,Female,Christians,Secondary level,Underweight,Muganda,Single parent alive,low socio-economic status,No,mild stress,Was not a premature at birth,Yes,Yes,Stage 3,571,Advanced immune compromised,82,Suppressed,1.64882,0.86529097,0.783529,Decreased,12-Dec,LL,LA/LA,A:A,,,,,,,controls,0,0,0,0
CHAKA/01/02/0178,16,Adolescent,Female,Christians,Secondary level,Normal weight,Non-Munganda but Ugandan,Both parents alive,low socio-economic status,No,severe stress,Was not a premature at birth,Yes,Yes,Stage 3,1022,Advanced immune compromised,,,,0.99925385,,,,,,,,,,,,,controls,0,0,0,0
CHAKA/03/08/1298,10.45859,Adolescent,Male,Christians,Pre-primary,Underweight,Muganda,Both parents alive,low socio-economic status,No,severe stress,Was not a premature at birth,Yes,Yes,Stage 3,1476,Advanced immune compromised,0,Undetectable,,0.76213325,,,,,,,,,,,,,controls,0,0,0,0
CHAKA/02/09/0687,13,Children,Male,Christians,Pre-primary,Normal weight,Muganda,Single parent alive,high socioecnomic status,No,severe stress,Was not a premature at birth,Yes,Yes,Stage 2,646,Advanced immune compromised,52,Suppressed,0.91290933,0.87236116,0.0405482,Decreased,12-Dec,LS,LA/SA,A:A,G:G,C:T,A:A,G:G,A:A,G:G,controls,0,0,0,0
CHAKA/01/02/0152,5.242984,Children,Female,Christians,Pre-primary,Underweight,Non-Munganda but Ugandan,,high socioecnomic status,No,severe stress,Was not a premature at birth,Yes,Yes,Stage 2,1683,Advanced immune compromised,104,Suppressed,1.682923,0.91486287,0.7680601,Decreased,12-Dec,LS,SA/LG,A:G,A:A,C:C,G:A,T:G,A:A,G:G,controls,0,0,0,0
CHAKA/01/02/0162,6.754278,Children,Female,Christians,Pre-primary,Underweight,Non-Munganda but Ugandan,,low socio-economic status,No,severe stress,Was not a premature at birth,Yes,Yes,Stage 3,941,Advanced immune compromised,15605,Unsuppressed,1.3888312,0.63022727,0.758604,Decreased,10-Dec,LL,LA/LA,A:A,A:A,C:T,G:A,T:G,A:A,G:G,controls,0,0,1,1
CHAKA/02/02/0245,7.370294,Children,Male,Christians,Pre-primary,Underweight,Non-Munganda but Ugandan,Both parents alive,low socio-economic status,No,moderate stress,Was not a premature at birth,Yes,Yes,Stage 3,1006,Advanced immune compromised,35481,Unsuppressed,,0.61559986,,,12-Dec,LL,LA/LA,A:A,A:A,C:T,G:A,T:G,A:A,G:G,controls,0,0,0,0
CHAKA/03/05/0824,10.3217,Adolescent,Male,Christians,Pre-primary,Underweight,Muganda,Single parent alive,low socio-economic status,No,mild stress,Was not a premature at birth,Yes,Yes,Stage 1,615,Advanced immune compromised,8329,Unsuppressed,,0.93736882,,,12-Dec,LS,LA/SA,A:A,A:A,C:T,G:A,T:G,A:A,G:G,controls,0,0,0,0
CHAKA/02/03/0379,12.77755,Adolescent,Female,Christians,Pre-primary,Underweight,Muganda,Single parent alive,high socioecnomic status,No,mild stress,Was not a premature at birth,No,No,Stage 2,502,Advanced immune compromised,159411,Unsuppressed,1.4227282,0.71486434,0.7078639,Decreased,12-Dec,LL,LA/LG,A:G,A:A,C:T,G:A,T:G,A:A,G:G,controls,0,0,0,0
CHAKA/03/08/1250,6.291581,Adolescent,Female,Christians,No formal education,Underweight,Muganda,Both parents alive,high socioecnomic status,No,mild stress,Was not a premature at birth,Yes,Yes,Stage 2,1925,Advanced immune compromised,10,Suppressed,1.1454137,0.41368269,0.7317311,Decreased,10-Dec,LS,SA/LG,A:G,A:A,C:T,G:A,T:G,A:A,G:G,controls,0,0,0,0
CHAKA/01/04/0547,12,Adolescent,Female,Christians,Pre-primary,Normal weight,Muganda,Both parents alive,high socioecnomic status,No,severe stress,Was not a premature at birth,Yes,Yes,Stage 1,794,Advanced immune compromised,248,Suppressed,,0.83619496,,,12-Dec,LL,LA/LA,A:A,G:A,C:T,G:A,T:G,A:A,G:G,controls,0,0,0,0
CHAKA/01/02/0156,7.036276,Children,Male,Christians,Pre-primary,Underweight,Muganda,Both parents alive,high socioecnomic status,No,moderate stress,Was not a premature at birth,Yes,Yes,Stage 3,1164,Advanced immune compromised,10,Suppressed,0.98579052,0.85412294,0.1316676,Decreased,12-Dec,LL,LA/LA,A:A,A:A,C:C,G:G,T:T,A:A,G:G,controls,0,0,0,0
CHAKA/01/03/0306,5.344285,Children,Male,Christians,Pre-primary,Underweight,Non-Munganda but Ugandan,Both parents alive,high socioecnomic status,No,mild stress,Was not a premature at birth,Yes,Yes,Stage 2,753,Advanced immune compromised,10,Suppressed,1.1843125,0.72738947,0.456923,Decreased,12-Dec,LL,LA/LG,A:G,A:A,C:C,G:G,T:T,A:A,G:G,controls,0,0,0,0
CHAKA/01/04/0576,11.1896,Children,Male,Christians,Pre-primary,Underweight,Muganda,Both parents alive,high socioecnomic status,No,severe stress,Was not a premature at birth,Yes,Yes,Stage 1,953,Advanced immune compromised,0,Undetectable,0.96623394,,,,10-Dec,LL,LA/LG,A:G,A:A,C:T,G:G,T:T,A:A,G:G,controls,0,0,1,1
CHAKA/03/06/0925,9.642711,Children,Female,Christians,Pre-primary,Underweight,Muganda,Both parents alive,low socio-economic status,No,mild stress,Was not a premature at birth,Yes,Yes,Stage 2,1318,Advanced immune compromised,0,Undetectable,0.79430415,0.6847172,0.1095869,Decreased,12-Dec,LL,LA/LA,A:A,G:A,C:T,G:G,T:T,A:A,G:G,controls,0,0,0,0
CHAKA/03/08/1259,15,Children,Male,Christians,Pre-primary,Underweight,Muganda,Both parents alive,high socioecnomic status,No,mild stress,Was not a premature at birth,Yes,Yes,Stage 3,473,Possibly immune compromised,61029,Unsuppressed,1.5143884,0.99941707,0.5149714,Decreased,10-Dec,LL,LA/LG,A:G,G:A,C:T,G:G,T:T,A:A,G:G,controls,0,0,0,0
CHAKA/01/02/0213,12,Children,Female,Christians,Pre-primary,Underweight,Muganda,Single parent alive,high socioecnomic status,No,mild stress,Was not a premature at birth,Yes,Yes,Stage 3,1046,Advanced immune compromised,,,1.0819257,,,,10-Dec,LS,LA/SA,A:A,A:A,T:T,G:G,T:T,A:A,G:G,controls,0,0,0,0
CHAKA/01/09/0626,5.004791,Adolescent,Female,Christians,Pre-primary,Underweight,Muganda,Both parents alive,low socio-economic status,No,moderate stress,Was not a premature at birth,Yes,Yes,Stage 1,1445,Advanced immune compromised,10,Suppressed,0.71507932,0.88637205,-0.1712927,Increased,12-Dec,LS,LA/SA,A:A,A:A,C:T,G:A,G:G,G:A,G:G,controls,0,0,0,0
CHAKA/03/08/1201,10.00137,Children,Female,Christians,Pre-primary,Underweight,Muganda,Both parents alive,high socioecnomic status,No,severe stress,Was not a premature at birth,I don’t know,Yes,Stage 2,1046,Advanced immune compromised,0,Undetectable,2.1793587,1.036217,1.143142,Decreased,12-Dec,LL,LA/LG,A:G,A:A,T:T,G:A,G:G,G:A,G:G,controls,0,0,0,0
CHAKA/02/01/0131,14.37372,Adolescent,Male,Christians,Secondary level,Underweight,Non-Munganda but Ugandan,Both parents alive,high socioecnomic status,Yes,mild stress,Was not a premature at birth,Yes,No,Stage 2,925,Advanced immune compromised,57636,Unsuppressed,1.3236833,0.9495398,0.3741435,Decreased,10-Dec,LL,LA/LA,A:A,A:A,C:C,G:A,T:G,G:A,G:G,controls,0,0,0,0
CHAKA/03/06/0912,12.64887,Adolescent,Female,Christians,Pre-primary,Underweight,Muganda,Both parents alive,high socioecnomic status,No,severe stress,Was not a premature at birth,Yes,Yes,Stage 3,1507,Advanced immune compromised,0,Undetectable,0.87985022,1.0656615,-0.1858113,Increased,10-Dec,LL,LA/LA,A:A,A:A,C:C,G:A,T:G,G:A,G:G,controls,0,0,0,0
CHAKA/02/02/0248,14,Adolescent,Male,Christians,Secondary level,Normal weight,Non-Munganda but Ugandan,Single parent alive,high socioecnomic status,No,moderate stress,Was not a premature at birth,Yes,Yes,Stage 2,393,Possibly immune compromised,1352,Unsuppressed,1.222008,,,,12-Dec,LL,LA/LA,A:A,A:A,C:C,G:A,T:G,G:A,G:G,controls,0,0,0,0
CHAKA/03/05/0751,12,Adolescent,Female,Christians,Pre-primary,Underweight,Non-Munganda but Ugandan,Both parents alive,low socio-economic status,No,severe stress,Was not a premature at birth,Yes,Yes,Stage 3,398,Possibly immune compromised,26023,Unsuppressed,0.91432462,1.2803107,-0.3659861,Increased,12-Dec,LL,LA/LA,A:A,A:A,C:C,G:A,T:G,G:A,G:G,controls,0,0,0,0
CHAKA/03/05/0791,14,Children,Female,Christians,Secondary level,Underweight,Muganda,Single parent alive,high socioecnomic status,No,mild stress,Was not a premature at birth,Yes,Yes,Stage 1,483,Possibly immune compromised,399,Suppressed,1.0660546,0.82285424,0.2432003,Decreased,10-Dec,LL,LA/LA,A:A,A:A,C:T,G:A,T:G,G:A,G:G,controls,0,0,0,0
CHAKA/05/05/0889,11.92608,Children,Male,Christians,Pre-primary,Underweight,Muganda,Both parents dead,low socio-economic status,No,mild stress,Was not a premature at birth,Yes,Yes,Stage 1,1218,Advanced immune compromised,1020,Unsuppressed,1.1801836,0.88269291,0.2974907,Decreased,,LS,LA/SA,A:A,A:A,C:T,G:A,T:G,G:A,G:G,controls,0,0,0,0
CHAKA/05/07/1190,9.114305,Adolescent,Male,Christians,Pre-primary,Underweight,Muganda,Both parents alive,high socioecnomic status,No,mild stress,Was not a premature at birth,Yes,Yes,Stage 2,1145,Advanced immune compromised,72,Suppressed,1.0167651,0.7106004,0.3061647,Decreased,10-Dec,LL,LA/LG,A:G,A:A,C:T,G:A,T:G,G:A,G:G,controls,0,0,0,0
CHAKA/02/02/0233,7.704312,Children,Female,Christians,Pre-primary,Underweight,Non-Munganda but Ugandan,Single parent alive,high socioecnomic status,No,mild stress,Was not a premature at birth,Yes,Yes,Stage 2,853,Advanced immune compromised,10,Suppressed,1.068188,0.92655392,0.1416341,Decreased,12-Dec,LL,LA/LG,A:G,G:A,C:T,G:A,T:G,G:A,G:G,controls,0,0,0,0
CHAKA/01/04/0560,13,Adolescent,Female,Christians,Pre-primary,Underweight,Muganda,Both parents alive,low socio-economic status,No,moderate stress,Was not a premature at birth,Yes,Yes,Stage 1,976,Advanced immune compromised,6281,Unsuppressed,1.3930042,,,,12-Dec,LL,LA/LA,A:A,A:A,T:T,G:A,T:G,G:A,G:G,controls,0,0,1,1
CHAKA/02/01/0150,6.067077,Children,Female,Christians,Pre-primary,Underweight,Muganda,,low socio-economic status,No,mild stress,Was not a premature at birth,Yes,Yes,Stage 2,2093,Advanced immune compromised,53,Suppressed,1.6011069,0.74761797,0.8534889,Decreased,12-Dec,LL,LA/LA,A:A,A:A,C:C,G:G,T:G,G:A,G:G,controls,0,0,0,0
CHAKA/01/02/0196,7.408624,Children,Female,Christians,Pre-primary,Underweight,Muganda,Both parents alive,high socioecnomic status,No,mild stress,Was not a premature at birth,Yes,Yes,Stage 3,593,Advanced immune compromised,336981,Unsuppressed,,0.88229104,,,12-Dec,SS,SA/SA,A:A,A:A,C:C,G:G,T:G,G:A,G:G,controls,0,0,0,0
CHAKA/02/02/0265,7.520876,Adolescent,Female,Christians,Pre-primary,Underweight,Muganda,Both parents alive,high socioecnomic status,No,mild stress,Was not a premature at birth,Yes,Yes,Stage 2,1079,Advanced immune compromised,54,Suppressed,0.92863567,0.50426898,0.4243667,Decreased,10-Dec,LL,LA/LA,A:A,G:A,C:T,G:G,T:G,G:A,G:G,controls,0,0,0,0
CHAKA/02/01/0034,14,Adolescent,Male,Christians,Pre-primary,Underweight,Non-Munganda but Ugandan,Single parent alive,high socioecnomic status,No,moderate stress,Was not a premature at birth,Yes,Yes,Stage 4,364,Possibly immune compromised,,,1.3456526,,,,10-Oct,LL,LA/LA,A:A,A:A,C:C,G:G,T:T,G:A,G:G,controls,0,1,0,1
CHAKA/03/05/0871,11.19781,Adolescent,Male,Christians,Pre-primary,Underweight,Non-Munganda but Ugandan,Both parents alive,high socioecnomic status,No,moderate stress,Was not a premature at birth,Yes,Yes,Stage 2,635,Advanced immune compromised,12746,Unsuppressed,0.62247696,0.6974918,-0.0750148,Increased,12-Dec,LS,LA/SA,A:A,A:A,C:C,G:G,T:T,G:A,G:G,controls,0,0,0,0
CHAKA/02/09/0675,8.884326,Children,Female,Christians,Pre-primary,Underweight,Non-Munganda but Ugandan,Single parent alive,high socioecnomic status,No,moderate stress,Was not a premature at birth,Yes,No,Stage 3,767,Advanced immune compromised,2539,Unsuppressed,0.91352168,0.71958791,0.1939338,Decreased,,,,,A:A,C:C,G:G,T:T,G:A,G:G,controls,0,0,0,0
CHAKA/03/06/1035,8.826831,Adolescent,Female,Christians,Pre-primary,Underweight,Muganda,Single parent alive,high socioecnomic status,No,mild stress,Was not a premature at birth,Yes,Yes,Stage 2,1660,Advanced immune compromised,10,Suppressed,0.92966064,,,,,LS,LA/SA,A:A,A:A,C:T,G:G,T:T,G:A,G:G,controls,0,0,0,0
CHAKA/03/06/0972,17.11431,Adolescent,Male,Christians,No formal education,Normal weight,Muganda,Both parents dead,high socioecnomic status,No,mild stress,Was not a premature at birth,Yes,No,Stage 2,793,Advanced immune compromised,,,0.9994251,1.0622577,-0.0628326,Increased,12-Dec,SS,SA/SA,A:A,A:A,C:T,G:G,T:T,G:A,G:G,controls,0,0,0,0
CHAKA/08/05/0521,7.978097,Children,Female,Christians,Pre-primary,Underweight,Muganda,Both parents alive,high socioecnomic status,No,mild stress,Was not a premature at birth,Yes,Yes,Stage 2,999,Advanced immune compromised,10,Suppressed,0.72015978,0.72355558,-0.0033958,Increased,12-Dec,LL,LA/LA,A:A,G:A,C:T,G:G,T:T,G:A,G:G,controls,0,0,0,0
CHAKA/02/01/0089,9.319644,Adolescent,Female,Christians,Pre-primary,Underweight,Muganda,Both parents alive,low socio-economic status,No,moderate stress,Was not a premature at birth,Yes,No,Stage 2,1231,Advanced immune compromised,9593,Unsuppressed,1.4268897,0.80082978,0.6260599,Decreased,10-Oct,LL,LA/LG,A:G,,T:T,G:G,T:T,G:A,G:G,controls,0,0,0,0
CHAKA/03/06/0922,15.05544,Adolescent,Female,Christians,Pre-primary,Overweight,Muganda,Single parent alive,high socioecnomic status,No,moderate stress,Was not a premature at birth,Yes,Yes,Stage 2,540,Advanced immune compromised,0,Undetectable,0.9160609,0.63726697,0.2787939,Decreased,12-Dec,LS,LA/SA,A:A,A:A,T:T,G:G,T:T,G:A,G:G,controls,0,0,0,0
CHAKA/01/09/0634,9.653662,Adolescent,Female,Christians,Pre-primary,Underweight,Muganda,Both parents alive,low socio-economic status,No,severe stress,Was not a premature at birth,Yes,Yes,Stage 1,811,Advanced immune compromised,24513,Unsuppressed,0.95301983,0.6661417,0.2868781,Decreased,12-Dec,LL,LA/LA,A:A,A:A,C:T,G:A,G:G,G:G,G:G,controls,0,0,0,0
CHAKA/03/07/1082,8.396988,Adolescent,Female,Christians,Pre-primary,Underweight,Muganda,Single parent alive,low socio-economic status,No,severe stress,Was not a premature at birth,Yes,Yes,Stage 4,1280,Advanced immune compromised,0,Undetectable,1.150163,0.6843992,0.4657638,Decreased,10-Dec,LL,LG/LG,G:G,G:A,C:T,G:A,G:G,G:G,G:G,controls,0,0,0,0
CHAKA/05/07/0426,15,Children,Female,Christians,Pre-primary,Underweight,Muganda,Both parents dead,high socioecnomic status,,moderate stress,Was not a premature at birth,Yes,Yes,Stage 2,749,Advanced immune compromised,10,Suppressed,0.91855429,0.78033697,0.1382173,Decreased,,LL,LA/LA,A:A,A:A,C:T,G:G,G:G,G:G,G:G,controls,0,0,0,0
CHAKA/02/09/0728,7.331964,Adolescent,Male,Christians,Pre-primary,Underweight,Muganda,Single parent alive,low socio-economic status,No,moderate stress,Was not a premature at birth,Yes,Yes,Stage 1,1369,Advanced immune compromised,0,Undetectable,1.3556943,0.78766954,0.5680248,Decreased,12-Dec,LS,SA/LG,A:G,G:A,C:C,G:G,T:G,G:G,G:G,controls,0,0,0,0
CHAKA/03/07/0427,10.41752,Children,Male,Christians,Pre-primary,Underweight,Muganda,Single parent alive,low socio-economic status,No,mild stress,Was not a premature at birth,Yes,Yes,Stage 3,1313,Advanced immune compromised,79,Suppressed,1.4403073,,,,,LL,LA/LG,A:G,A:A,C:T,G:G,T:G,G:G,G:G,controls,0,0,0,0
CHAKA/05/07/1146,16,Adolescent,Female,Christians,Pre-primary,Underweight,Muganda,Both parents alive,high socioecnomic status,No,severe stress,Was not a premature at birth,Yes,Yes,Stage 3,1347,Advanced immune compromised,0,Undetectable,1.4627533,0.50435889,0.9583944,Decreased,10-Dec,LL,LA/LA,A:A,G:A,C:T,G:G,T:G,G:G,G:G,controls,0,0,0,0
CHAKA/02/04/0476,7.008898,Adolescent,Male,Christians,Pre-primary,Underweight,Muganda,Both parents alive,low socio-economic status,No,moderate stress,Was not a premature at birth,Yes,Yes,Stage 2,827,Advanced immune compromised,10,Suppressed,0.84965698,,,,12-Dec,LL,LA/LA,A:A,G:A,C:T,G:G,T:G,G:G,G:G,controls,0,0,0,0
CHAKA/03/06/0913,9.741273,Adolescent,Female,Christians,Pre-primary,Underweight,Muganda,Both parents dead,low socio-economic status,No,moderate stress,Was not a premature at birth,Yes,Yes,Stage 3,433,Possibly immune compromised,31323,Unsuppressed,0.90194323,1.8636093,-0.9616661,Increased,12-Dec,LS,SA/LG,A:G,G:G,C:T,G:G,T:G,G:G,G:G,controls,0,0,0,0
CHAKA/02/09/0688,9.371663,Adolescent,Female,Christians,Pre-primary,Underweight,Non-Munganda but Ugandan,Both parents alive,low socio-economic status,,moderate stress,Was not a premature at birth,Yes,Yes,Stage 1,1439,Advanced immune compromised,0,Undetectable,1.0503373,0.71712141,0.3332159,Decreased,12-Dec,LL,LA/LA,A:A,A:A,C:C,G:G,T:T,G:G,G:G,controls,0,0,0,0
CHAKA/03/08/1216,13,Adolescent,Male,Christians,Pre-primary,Underweight,Muganda,Both parents dead,high socioecnomic status,No,moderate stress,Was not a premature at birth,Yes,Yes,Stage 2,871,Advanced immune compromised,,,1.009359,,,,12-Dec,LL,LA/LA,A:A,A:A,C:C,G:G,T:T,G:G,G:G,controls,0,0,0,0
CHAKA/05/06/1032,9.086926,Adolescent,Female,Christians,Pre-primary,Underweight,Muganda,Single parent alive,low socio-economic status,No,mild stress,Was not a premature at birth,Yes,Yes,Stage 2,932,Advanced immune compromised,10,Suppressed,0.49377888,,,,12-Dec,LL,LA/LA,A:A,A:A,C:T,G:G,T:T,G:G,G:G,controls,0,0,0,0
CHAKA/03/08/1283,9.475701,Adolescent,Female,Christians,Pre-primary,Underweight,Muganda,Single parent alive,low socio-economic status,No,mild stress,Was not a premature at birth,Yes,Yes,Stage 2,1089,Advanced immune compromised,10,Suppressed,1.4396117,1.1171821,0.3224295,Decreased,12-Dec,LS,LA/SA,A:A,A:A,C:T,G:G,T:T,G:G,G:G,controls,0,0,0,0
CHAKA/02/03/0388,16,Adolescent,Male,Christians,Secondary level,Normal weight,Non-Munganda but Ugandan,Both parents alive,high socioecnomic status,No,moderate stress,Was not a premature at birth,Yes,Yes,Stage 3,781,Advanced immune compromised,0,Undetectable,,,,,10-Dec,LL,LA/LA,A:A,,T:T,G:G,,,T:G,controls,0,0,0,0
CHAKA/05/08/1334,6.694045,Children,Female,Christians,Pre-primary,Underweight,Non-Munganda but Ugandan,Both parents alive,low socio-economic status,No,mild stress,Was not a premature at birth,Yes,Yes,Stage 2,1963,Advanced immune compromised,0,Undetectable,1.3525312,0.54338981,0.8091413,Decreased,10-Dec,LL,LA/LA,A:A,A:A,C:C,G:A,T:G,A:A,T:G,controls,0,0,0,0
CHAKA/02/03/0395,7.830253,Children,Female,Christians,Pre-primary,Underweight,Muganda,Single parent alive,low socio-economic status,No,mild stress,Was not a premature at birth,Yes,No,Stage 2,1269,Advanced immune compromised,0,Undetectable,0.90716567,0.68588492,0.2212807,Decreased,10-Dec,LL,LA/LG,A:G,A:A,C:C,G:A,T:G,A:A,T:G,controls,0,0,0,0
CHAKA/02/02/0254,8.580424,Adolescent,Female,Christians,Pre-primary,Underweight,Muganda,Both parents alive,low socio-economic status,No,severe stress,Was not a premature at birth,Yes,Yes,Stage 2,1221,Advanced immune compromised,30,Suppressed,1.1635357,,,,12-Dec,LL,LA/LA,A:A,A:A,C:T,G:A,T:G,A:A,T:G,controls,0,0,0,0
CHAKA/03/05/0753,7.644079,Children,Male,Christians,Pre-primary,Underweight,Muganda,Both parents alive,high socioecnomic status,No,moderate stress,Was not a premature at birth,Yes,Yes,Stage 2,860,Advanced immune compromised,0,Undetectable,0.94621973,0.82100196,0.1252178,Decreased,12-Dec,LL,LA/LA,A:A,A:A,C:T,G:A,T:G,A:A,T:G,controls,0,0,0,0
CHAKA/01/04/0552,7.326488,Children,Male,Christians,Pre-primary,Underweight,Muganda,Both parents alive,low socio-economic status,No,severe stress,Was not a premature at birth,Yes,Yes,Stage 1,1365,Advanced immune compromised,10,Suppressed,,,,,10-Dec,SS,SA/SA,A:A,,C:C,G:G,T:T,A:A,T:G,controls,0,0,0,0
CHAKA/03/07/1089,7.597536,Children,Male,Christians,Pre-primary,Underweight,Muganda,Both parents dead,low socio-economic status,No,moderate stress,Was a premature at birth,Yes,Yes,Stage 3,802,Advanced immune compromised,0,Undetectable,1.1950954,0.74731809,0.4477774,Decreased,10-Dec,LL,LA/LA,A:A,A:A,C:C,G:G,T:T,A:A,T:G,controls,0,0,0,0
CHAKA/03/08/1275,15,Adolescent,Female,Christians,Pre-primary,Underweight,Muganda,Single parent alive,high socioecnomic status,No,moderate stress,Was not a premature at birth,Yes,Yes,Stage 3,254,Normal CD4 range,441565,Unsuppressed,1.0818003,0.80362795,0.2781723,Decreased,10-Oct,LS,LA/SA,A:A,A:A,C:C,G:G,T:T,A:A,T:G,controls,0,0,0,0
CHAKA/02/01/0148,11.65503,Adolescent,Male,Christians,Pre-primary,Underweight,Muganda,Single parent alive,low socio-economic status,No,severe stress,Was not a premature at birth,Yes,Yes,Stage 2,56,Normal CD4 range,523935,Unsuppressed,1.1323379,0.96591053,0.1664274,Decreased,10-Dec,LL,LA/LG,A:G,A:A,C:C,G:G,T:T,A:A,T:G,controls,0,0,0,0
CHAKA/03/08/1246,5.661875,Children,Female,Christians,Pre-primary,Underweight,Muganda,Both parents alive,high socioecnomic status,No,moderate stress,Was not a premature at birth,Yes,Yes,Stage 3,3354,Advanced immune compromised,6137,Unsuppressed,1.7249011,0.74545052,0.9794505,Decreased,12-Dec,LL,LA/LG,A:G,A:A,C:C,G:G,T:T,A:A,T:G,controls,0,1,0,1
CHAKA/02/09/0694,9.91102,Adolescent,Female,Christians,Pre-primary,Underweight,Muganda,Both parents alive,low socio-economic status,No,moderate stress,Was not a premature at birth,Yes,Yes,Stage 3,601,Advanced immune compromised,0,Undetectable,,0.72850498,,,12-Dec,LL,LA/LA,A:A,A:A,C:T,G:G,T:T,A:A,T:G,controls,0,0,0,0
CHAKA/01/04/0600,7.455168,Children,Male,Christians,Pre-primary,Underweight,Muganda,Both parents alive,high socioecnomic status,No,mild stress,Was not a premature at birth,Yes,Yes,Stage 2,256,Normal CD4 range,847993,Unsuppressed,1.0955315,,,,12-Dec,LS,LA/SA,A:A,A:A,C:T,G:G,T:T,A:A,T:G,controls,0,0,0,0
CHAKA/03/08/1314,11.36756,Adolescent,Male,Christians,Pre-primary,Underweight,Muganda,Both parents alive,high socioecnomic status,No,mild stress,Was not a premature at birth,Yes,Yes,Stage 2,1121,Advanced immune compromised,,,,1.0157777,,,10-Dec,LL,LA/LG,A:G,A:A,C:T,G:G,T:T,A:A,T:G,controls,0,0,0,0
CHAKA/02/01/0086,14.65571,Adolescent,Male,Christians,Pre-primary,Underweight,Non-Munganda but Ugandan,Both parents dead,high socioecnomic status,No,moderate stress,Was not a premature at birth,Yes,Yes,Stage 2,510,Advanced immune compromised,1893,Unsuppressed,1.3805442,1.3780914,0.0024529,Decreased,12-Dec,LL,LA/LA,A:A,G:A,C:T,G:G,T:T,A:A,T:G,controls,0,0,0,0
CHAKA/03/07/1103,,Children,Female,Christians,Pre-primary,Obesity,Muganda,Single parent alive,high socioecnomic status,No,moderate stress,Was not a premature at birth,Yes,Yes,Stage 2,891,Advanced immune compromised,10,Suppressed,,0.96103779,,,12-Dec,LL,LA/LA,A:A,G:A,C:T,G:G,T:T,A:A,T:G,controls,0,0,0,0
CHAKA/05/06/1039,4.999316,Adolescent,Female,Christians,Pre-primary,Underweight,Muganda,Both parents alive,low socio-economic status,No,mild stress,Was not a premature at birth,Yes,Yes,Stage 2,1516,Advanced immune compromised,5314,Unsuppressed,0.99493525,0.80296096,0.1919743,Decreased,,LS,LA/SA,A:A,G:A,C:T,G:G,T:T,A:A,T:G,controls,0,0,0,0
CHAKA/03/08/1312,12,Children,Female,Christians,Pre-primary,Underweight,Muganda,Single parent alive,low socio-economic status,No,moderate stress,Was not a premature at birth,Yes,Yes,Stage 3,442,Possibly immune compromised,,,0.71365732,0.64206327,0.071594,Decreased,10-Dec,LL,LG/LG,G:G,G:A,C:T,G:G,T:T,A:A,T:G,controls,0,0,0,0
CHAKA/05/06/1047,,Adolescent,Female,Christians,Pre-primary,Underweight,Muganda,Both parents alive,high socioecnomic status,No,moderate stress,Was not a premature at birth,Yes,Yes,Stage 2,1318,Advanced immune compromised,0,Undetectable,,1.1515033,,,,SS,,,A:A,T:T,G:G,T:T,A:A,T:G,controls,0,0,0,0
CHAKA/03/08/1215,12,Children,Female,Christians,Pre-primary,Underweight,Muganda,Both parents alive,high socioecnomic status,No,mild stress,Was not a premature at birth,I don’t know,Yes,Stage 2,545,Advanced immune compromised,22,Suppressed,0.90011242,0.89739018,0.0027222,Decreased,12-Dec,LS,LA/SA,A:A,G:A,T:T,A:A,G:G,G:A,T:G,controls,0,0,0,0
CHAKA/05/05/0524,16,Adolescent,Female,Christians,Pre-primary,Underweight,Non-Munganda but Ugandan,Single parent alive,low socio-economic status,No,mild stress,Was not a premature at birth,Yes,Yes,Stage 2,700,Advanced immune compromised,0,Undetectable,0.11797198,0.43453603,-0.3165641,Increased,12-Dec,LS,LA/SA,A:A,A:A,C:C,G:A,G:G,G:A,T:G,controls,0,0,0,0
CHAKA/03/05/0815,7.408624,Children,Female,Christians,Pre-primary,Underweight,Muganda,Both parents alive,low socio-economic status,No,moderate stress,Was not a premature at birth,Yes,No,Stage 2,1502,Advanced immune compromised,5392,Unsuppressed,1.6525598,0.83584215,0.8167177,Decreased,10-Oct,LS,SA/LG,A:G,A:A,C:C,G:A,G:G,G:A,T:G,controls,0,0,0,0
CHAKA/05/05/0875,10.00411,Adolescent,Female,Christians,Pre-primary,Underweight,Muganda,Single parent alive,low socio-economic status,No,moderate stress,Was not a premature at birth,Yes,Yes,Stage 2,380,Possibly immune compromised,27678,Unsuppressed,0.85177636,0.8210854,0.030691,Decreased,10-Dec,LL,LA/LA,A:A,A:A,C:T,G:A,G:G,G:A,T:G,controls,0,0,0,0
CHAKA/02/01/0107,9.774127,Adolescent,Female,Christians,Pre-primary,Underweight,Muganda,Both parents alive,low socio-economic status,No,mild stress,Was not a premature at birth,Yes,Yes,Stage 3,1209,Advanced immune compromised,0,Undetectable,1.4115514,0.97585604,0.4356954,Decreased,12-Dec,LL,LA/LA,A:A,A:A,C:T,G:A,G:G,G:A,T:G,controls,0,0,0,0
CHAKA/02/02/0260,6.255989,Children,Female,Christians,Pre-primary,Underweight,Muganda,Both parents alive,high socioecnomic status,No,mild stress,Was not a premature at birth,Yes,Yes,Stage 3,1152,Advanced immune compromised,61255,Unsuppressed,0.89832692,0.82391236,0.0744146,Decreased,12-Dec,LL,LA/LA,A:A,A:A,C:T,G:A,G:G,G:A,T:G,controls,0,0,0,0
CHAKA/03/08/1248,,Adolescent,Female,Christians,Pre-primary,Underweight,Muganda,Both parents alive,high socioecnomic status,No,mild stress,Was not a premature at birth,I don’t know,Yes,Stage 3,11,Normal CD4 range,27888,Unsuppressed,,,,,12-Dec,LL,LA/LA,A:A,A:A,C:T,G:A,G:G,G:A,T:G,controls,0,0,0,0
CHAKA/05/07/1169,14,Children,Female,Christians,Pre-primary,Normal weight,Muganda,Both parents dead,low socio-economic status,No,moderate stress,Was not a premature at birth,Yes,Yes,Stage 2,1230,Advanced immune compromised,,,1.0269382,0.76249081,0.2644474,Decreased,12-Dec,LL,LA/LA,A:A,A:A,C:T,G:A,G:G,G:A,T:G,controls,0,0,0,0
CHAKA/03/06/0907,7.942505,Children,Female,Christians,Pre-primary,Underweight,Muganda,Single parent alive,high socioecnomic status,No,moderate stress,Was not a premature at birth,Yes,Yes,Stage 2,1314,Advanced immune compromised,0,Undetectable,0.09637537,1.3302782,-1.233903,Increased,10-Oct,LL,LA/LG,A:G,A:A,C:T,G:A,G:G,G:A,T:G,controls,0,0,0,0
CHAKA/01/02/0165,8.503764,Children,Male,Christians,Pre-primary,Underweight,Muganda,Single parent alive,high socioecnomic status,No,mild stress,Was not a premature at birth,Yes,Yes,Stage 2,745,Advanced immune compromised,10,Suppressed,1.3299412,1.3327484,-0.0028072,Increased,10-Dec,LS,SA/LG,A:G,A:A,C:T,G:A,G:G,G:A,T:G,controls,0,0,0,0
CHAKA/03/07/1059,10.94867,Adolescent,Female,Christians,Pre-primary,Normal weight,Muganda,Both parents dead,high socioecnomic status,No,mild stress,Was not a premature at birth,Yes,Yes,Stage 3,559,Advanced immune compromised,10,Suppressed,1.9276628,0.77960625,1.148057,Decreased,10-Dec,LS,LA/SA,A:A,G:A,C:T,G:A,G:G,G:A,T:G,controls,0,0,0,0
CHAKA/03/05/0774,10.50787,Children,Female,Christians,Pre-primary,Underweight,Muganda,Both parents alive,low socio-economic status,No,severe stress,Was not a premature at birth,Yes,Yes,Stage 2,1095,Advanced immune compromised,126,Suppressed,0.86098181,0.98673804,-0.1257562,Increased,10-Dec,LS,SA/LG,A:G,A:A,C:C,G:A,T:G,G:A,T:G,controls,0,1,0,1
CHAKA/03/05/0779,17,Adolescent,Female,Christians,Secondary level,Obesity,Muganda,Both parents dead,high socioecnomic status,No,severe stress,Was not a premature at birth,Yes,Yes,Stage 2,674,Advanced immune compromised,0,Undetectable,0.75690504,0.65767513,0.0992299,Decreased,10-Oct,LL,LG/LG,G:G,A:A,C:C,G:A,T:G,G:A,T:G,controls,0,0,0,0
CHAKA/03/08/1220,15,Adolescent,Female,Christians,Pre-primary,Normal weight,Muganda,Single parent alive,high socioecnomic status,No,mild stress,Was not a premature at birth,Yes,Yes,Stage 3,135,Normal CD4 range,50114,Unsuppressed,0.77349023,0.78582451,-0.0123343,Increased,12-Dec,LL,LA/LA,A:A,G:A,C:C,G:A,T:G,G:A,T:G,controls,0,0,0,0
CHAKA/03/08/1266,16,Children,Female,Christians,Secondary level,Normal weight,Muganda,Single parent alive,high socioecnomic status,No,mild stress,Was not a premature at birth,Yes,Yes,Stage 3,266,Normal CD4 range,102,Suppressed,1.6253193,1.111049,0.5142704,Decreased,12-Dec,LL,LA/LA,A:A,G:A,C:C,G:A,T:G,G:A,T:G,controls,0,0,0,0
CHAKA/03/05/0826,9.051334,Adolescent,Male,Christians,Pre-primary,Underweight,Non-Munganda but Ugandan,Both parents dead,low socio-economic status,No,mild stress,Was not a premature at birth,Yes,Yes,Stage 2,48,Normal CD4 range,553958,Unsuppressed,1.8728322,0.9345801,0.9382521,Decreased,10-Dec,LL,LA/SA,A:A,A:A,C:T,G:A,T:G,G:A,T:G,controls,0,0,0,0
CHAKA/03/07/1094,8.769336,Children,Female,Christians,Pre-primary,Underweight,Muganda,Both parents alive,high socioecnomic status,No,mild stress,Was not a premature at birth,Yes,Yes,Stage 3,85,Normal CD4 range,2621863,Unsuppressed,0.79588278,1.1628218,-0.366939,Increased,10-Dec,LL,LA/LG,A:G,A:A,C:T,G:A,T:G,G:A,T:G,controls,0,0,0,0
CHAKA/04/07/1139,15,Adolescent,Male,Christians,Pre-primary,Normal weight,Muganda,Both parents dead,low socio-economic status,No,severe stress,Was not a premature at birth,Yes,No,Stage 3,239,Normal CD4 range,68222,Unsuppressed,1.0374242,0.98757775,0.0498464,Decreased,12-Dec,LL,LA/LA,A:A,G:A,C:T,G:A,T:G,G:A,T:G,controls,0,0,1,1
CHAKA/01/02/0223,10.89665,Adolescent,Male,Christians,Pre-primary,Underweight,Non-Munganda but Ugandan,Single parent alive,high socioecnomic status,No,moderate stress,Was not a premature at birth,Yes,Yes,Stage 3,702,Advanced immune compromised,0,Undetectable,1.3036731,0.99837745,0.3052956,Decreased,12-Dec,LS,LA/SA,A:A,G:A,C:T,G:A,T:G,G:A,T:G,controls,0,0,0,0
CHAKA/03/08/1284,5.448323,Children,Female,Christians,Pre-primary,Underweight,Muganda,Single parent alive,low socio-economic status,No,moderate stress,Was not a premature at birth,Yes,Yes,Stage 3,2071,Advanced immune compromised,10,Suppressed,1.0420348,0.59782205,0.4442128,Decreased,10-Oct,LS,SA/LG,A:G,A:A,T:T,G:A,T:G,G:A,T:G,controls,0,0,0,0
CHAKA/03/07/1101,,Children,Male,Christians,Pre-primary,Underweight,Non-Munganda but Ugandan,Single parent alive,low socio-economic status,No,moderate stress,Was not a premature at birth,Yes,Yes,Stage 3,1077,Advanced immune compromised,80,Suppressed,1.0512765,0.90325776,0.1480188,Decreased,10-Dec,LL,LA/LA,A:A,A:A,C:C,G:G,T:G,G:A,T:G,controls,0,0,0,0
CHAKA/02/04/0512,10.05065,Children,Female,Christians,Pre-primary,Underweight,Muganda,Both parents alive,high socioecnomic status,No,moderate stress,Was not a premature at birth,Yes,Yes,Stage 1,861,Advanced immune compromised,290,Suppressed,0.80457437,,,,12-Dec,LL,LA/LA,A:A,A:A,C:C,G:G,T:G,G:A,T:G,controls,0,0,1,1
CHAKA/02/02/0232,11.18138,Children,Female,Christians,Pre-primary,Underweight,Muganda,Both parents alive,high socioecnomic status,No,mild stress,Was not a premature at birth,Yes,Yes,Stage 2,1022,Advanced immune compromised,10,Suppressed,1.0036982,0.72518145,0.2785168,Decreased,12-Dec,LS,LA/SA,A:A,A:A,C:C,G:G,T:G,G:A,T:G,controls,0,0,0,0
CHAKA/05/05/0856,17,Adolescent,Female,Christians,Pre-primary,Underweight,Muganda,Both parents dead,high socioecnomic status,No,moderate stress,Was not a premature at birth,Yes,Yes,Stage 2,470,Possibly immune compromised,,,1.864431,0.70165188,1.162779,Decreased,10-Oct,LL,LA/LG,A:G,A:A,C:C,G:G,T:G,G:A,T:G,controls,0,0,0,0
CHAKA/03/06/0980,16,Adolescent,Male,Christians,No formal education,Normal weight,Muganda,Single parent alive,low socio-economic status,Yes,moderate stress,Was not a premature at birth,Yes,Yes,Stage 2,568,Advanced immune compromised,,,,1.7656364,,,10-Dec,LL,LA/LG,A:G,A:A,C:C,G:G,T:G,G:A,T:G,controls,0,0,0,0
CHAKA/02/03/0410,9.634497,Adolescent,Female,Christians,Pre-primary,Underweight,Muganda,Both parents alive,low socio-economic status,No,moderate stress,I don’t know,Yes,No,Stage 2,1758,Advanced immune compromised,2360,Unsuppressed,1.3793603,0.89809859,0.4812617,Decreased,12-Dec,LL,LA/LG,A:G,A:A,C:C,G:G,T:G,G:A,T:G,controls,0,0,0,0
CHAKA/05/07/1183,5.804244,Adolescent,Male,Christians,Pre-primary,Underweight,Muganda,Both parents alive,high socioecnomic status,No,moderate stress,Was not a premature at birth,Yes,Yes,Stage 2,978,Advanced immune compromised,78,Suppressed,0.89551314,0.62950872,0.2660044,Decreased,10-Dec,LL,LA/LG,A:G,A:A,C:T,G:G,T:G,G:A,T:G,controls,0,0,0,0
CHAKA/03/07/0435,5.059548,Children,Male,Christians,Pre-primary,Underweight,Muganda,Both parents dead,low socio-economic status,No,moderate stress,Was not a premature at birth,Yes,Yes,Stage 2,1163,Advanced immune compromised,10,Suppressed,0.71624117,0.58650388,0.1297373,Decreased,10-Dec,LS,SA/LG,A:G,A:A,C:T,G:G,T:G,G:A,T:G,controls,0,0,0,0
CHAKA/02/01/0093,10.4449,Adolescent,Female,Christians,Pre-primary,Underweight,Non-Munganda but Ugandan,Single parent alive,high socioecnomic status,No,severe stress,Was a premature at birth,Yes,No,Stage 2,445,Possibly immune compromised,23503,Unsuppressed,1.1491906,0.87306245,0.2761281,Decreased,10-Dec,LL,LG/LG,G:G,A:A,T:T,G:G,T:G,G:A,T:G,controls,0,0,0,0
CHAKA/02/01/0037,13.18823,Adolescent,Female,Christians,Pre-primary,Underweight,Muganda,Both parents dead,low socio-economic status,No,mild stress,I don’t know,Yes,Yes,Stage 2,939,Advanced immune compromised,,,1.2366008,,,,12-Dec,SS,SA/SA,A:A,G:A,T:T,G:G,T:G,G:A,T:G,controls,0,0,0,0
CHAKA/01/02/0214,10.73511,Adolescent,Female,Christians,Pre-primary,Underweight,Non-Munganda but Ugandan,Both parents alive,high socioecnomic status,No,mild stress,Was not a premature at birth,Yes,Yes,Stage 3,836,Advanced immune compromised,10,Suppressed,1.2544576,,,,12-Dec,LL,LA/LA,A:A,A:A,C:C,G:G,T:T,G:A,T:G,controls,0,0,0,0
CHAKA/05/05/0893,8.303902,Adolescent,Male,Christians,Pre-primary,Underweight,Muganda,Both parents alive,low socio-economic status,No,mild stress,Was not a premature at birth,Yes,Yes,Stage 2,1311,Advanced immune compromised,10,Suppressed,0.92900646,0.90508364,0.0239228,Decreased,12-Dec,LL,LA/LA,A:A,A:A,C:C,G:G,T:T,G:A,T:G,controls,0,0,0,0
CHAKA/05/07/1200,13,Adolescent,Female,Christians,Pre-primary,Underweight,Muganda,Single parent alive,high socioecnomic status,No,severe stress,Was not a premature at birth,Yes,Yes,Stage 4,839,Advanced immune compromised,89,Suppressed,0.60479416,1.0172832,-0.4124891,Increased,,LL,LA/LA,A:A,A:A,C:C,G:G,T:T,G:A,T:G,controls,0,0,0,0
CHAKA/03/07/1080,15,Adolescent,Female,Christians,Pre-primary,Normal weight,Muganda,Both parents alive,high socioecnomic status,No,moderate stress,Was not a premature at birth,Yes,Yes,Stage 3,577,Advanced immune compromised,0,Undetectable,0.80473585,1.0118647,-0.2071289,Increased,12-Dec,LS,LA/SA,A:A,A:A,C:C,G:G,T:T,G:A,T:G,controls,0,0,0,0
CHAKA/05/05/0523,6.836413,Adolescent,Male,Christians,Pre-primary,Underweight,Muganda,Both parents alive,high socioecnomic status,No,mild stress,Was not a premature at birth,Yes,Yes,Stage 2,535,Advanced immune compromised,202,Suppressed,0.94298401,0.84948883,0.0934952,Decreased,,LS,LA/SA,A:A,A:A,C:C,G:G,T:T,G:A,T:G,controls,0,0,0,0
CHAKA/02/01/0040,6.094456,Adolescent,Female,Christians,Pre-primary,Underweight,Muganda,Both parents alive,high socioecnomic status,Yes,severe stress,Was a premature at birth,Yes,Yes,Stage 2,1987,Advanced immune compromised,103,Suppressed,1.0433624,0.95729884,0.0860636,Decreased,12-Dec,LL,LA/LG,A:G,A:A,C:C,G:G,T:T,G:A,T:G,controls,0,0,0,0
CHAKA/05/06/0375,7.854894,Children,Female,Christians,Pre-primary,Obesity,Muganda,Both parents alive,high socioecnomic status,No,severe stress,Was not a premature at birth,Yes,Yes,Stage 2,1126,Advanced immune compromised,50417,Unsuppressed,1.3450662,0.76628398,0.5787822,Decreased,12-Dec,LL,LA/LG,A:G,A:A,C:C,G:G,T:T,G:A,T:G,controls,0,0,0,0
CHAKA/02/09/0724,7.594798,Children,Male,Christians,Pre-primary,Underweight,Non-Munganda but Ugandan,Single parent alive,low socio-economic status,No,mild stress,Was not a premature at birth,Yes,Yes,Stage 2,1317,Advanced immune compromised,10,Suppressed,1.6029207,,,,12-Dec,LL,LA/LA,A:A,A:A,C:T,G:G,T:T,G:A,T:G,controls,0,0,0,0
CHAKA/02/02/0269,13,Adolescent,Male,Christians,Secondary level,Underweight,Non-Munganda but Ugandan,Both parents alive,high socioecnomic status,No,severe stress,Was not a premature at birth,I don’t know,Yes,Stage 3,789,Advanced immune compromised,,,1.4698017,0.84769224,0.6221095,Decreased,12-Dec,LS,LA/SA,A:A,A:A,C:T,G:G,T:T,G:A,T:G,controls,0,0,0,0
CHAKA/02/02/0240,7.59206,Children,Female,Christians,Pre-primary,Underweight,Muganda,,high socioecnomic status,No,mild stress,Was not a premature at birth,Yes,Yes,Stage 2,791,Advanced immune compromised,0,Undetectable,1.5012198,,,,10-Dec,SS,SA/SA,A:A,A:A,C:T,G:G,T:T,G:A,T:G,controls,0,0,0,0
CHAKA/02/03/0399,9.204655,Adolescent,Female,Christians,Pre-primary,Underweight,Muganda,Both parents alive,low socio-economic status,No,mild stress,Was not a premature at birth,Yes,Yes,Stage 2,905,Advanced immune compromised,10,Suppressed,,1.1898836,,,12-Dec,LL,LA/LG,A:G,A:A,C:T,G:G,T:T,G:A,T:G,controls,0,0,0,0
CHAKA/02/01/0128,5.943874,Adolescent,Female,Christians,Pre-primary,Underweight,Non-Munganda but Ugandan,Single parent alive,low socio-economic status,No,mild stress,Was not a premature at birth,Yes,Yes,Stage 2,1524,Advanced immune compromised,240,Suppressed,0.90273917,0.71543397,0.1873052,Decreased,10-Dec,LL,LA/LA,A:A,A:A,T:T,G:G,T:T,G:A,T:G,controls,0,0,0,0
CHAKA/02/01/0090,8.30664,Children,Male,Christians,Pre-primary,Underweight,Muganda,Both parents alive,low socio-economic status,No,mild stress,Was not a premature at birth,Yes,No,Stage 3,1162,Advanced immune compromised,2792,Unsuppressed,1.2776042,,,,10-Dec,LS,SA/LG,A:G,A:A,T:T,G:G,T:T,G:A,T:G,controls,0,0,0,0
CHAKA/02/02/0217,14,Adolescent,Male,Christians,Secondary level,Normal weight,Muganda,Single parent alive,high socioecnomic status,No,moderate stress,Was not a premature at birth,Yes,Yes,Stage 3,200,Normal CD4 range,,,0.99229576,0.95969611,0.0325997,Decreased,10-Oct,LL,LG/LG,G:G,A:A,T:T,G:G,T:T,G:A,T:G,controls,0,0,0,0
CHAKA/02/01/0029,16.78029,Adolescent,Female,Christians,Pre-primary,Normal weight,Non-Munganda but Ugandan,Single parent alive,high socioecnomic status,No,severe stress,Was not a premature at birth,Yes,Yes,Stage 3,358,Possibly immune compromised,,,1.0172698,0.82332413,0.1939457,Decreased,12-Dec,LL,LA/LA,A:A,A:A,C:T,G:A,G:G,G:G,T:G,controls,0,0,0,0
CHAKA/02/03/0414,13.06776,Adolescent,Male,Christians,Pre-primary,Normal weight,Muganda,Single parent alive,high socioecnomic status,No,moderate stress,I don’t know,Yes,Yes,Stage 2,1197,Advanced immune compromised,,,1.2642702,0.81956763,0.4447026,Decreased,12-Dec,LL,LA/LA,A:A,A:A,C:T,G:A,G:G,G:G,T:G,controls,0,0,0,0
CHAKA/01/02/0176,10.30253,Adolescent,Male,Christians,Pre-primary,Underweight,Muganda,Both parents alive,high socioecnomic status,No,moderate stress,Was not a premature at birth,Yes,Yes,Stage 2,1495,Advanced immune compromised,10,Suppressed,1.4200955,0.73101226,0.6890832,Decreased,10-Dec,LL,LA/LA,A:A,A:A,C:C,G:G,G:G,G:G,T:G,controls,0,0,0,0
CHAKA/03/08/1282,8.944558,Children,Male,Christians,Pre-primary,Underweight,Muganda,Both parents alive,high socioecnomic status,No,mild stress,Was not a premature at birth,Yes,Yes,Stage 2,1408,Advanced immune compromised,10,Suppressed,0.76472863,0.66729863,0.09743,Decreased,12-Dec,LL,LA/LA,A:A,A:A,C:C,G:G,G:G,G:G,T:G,controls,0,0,0,0
CHAKA/05/06/0443,,Children,Female,Christians,Pre-primary,Underweight,Muganda,Both parents alive,high socioecnomic status,No,mild stress,Was not a premature at birth,Yes,Yes,Stage 2,1180,Advanced immune compromised,4180,Unsuppressed,0.90440939,,,,12-Dec,LL,LG/LG,G:G,G:A,C:C,G:G,G:G,G:G,T:G,controls,0,0,0,0
CHAKA/05/06/1004,17,Adolescent,Female,Christians,Pre-primary,Overweight,Muganda,Single parent alive,high socioecnomic status,No,severe stress,Was not a premature at birth,Yes,Yes,Stage 3,58,Normal CD4 range,,,1.0448486,,,,10-Dec,LL,LA/LA,A:A,A:A,C:T,G:G,G:G,G:G,T:G,controls,0,0,0,0
CHAKA/02/03/0415,6.655715,Adolescent,Male,Christians,Pre-primary,Underweight,Muganda,Single parent alive,high socioecnomic status,No,severe stress,I don’t know,Yes,Yes,Stage 2,1722,Advanced immune compromised,0,Undetectable,0.44688314,0.81738512,-0.370502,Increased,10-Oct,LS,SA/LG,A:G,A:A,T:T,G:G,G:G,G:G,T:G,controls,0,0,0,0
CHAKA/03/06/0937,7.578371,Children,Female,Christians,Pre-primary,Underweight,Muganda,Both parents alive,low socio-economic status,No,mild stress,Was not a premature at birth,Yes,Yes,Stage 2,1851,Advanced immune compromised,0,Undetectable,,1.0656085,,,10-Dec,LS,LA/SA,A:A,A:A,C:C,G:A,T:G,G:G,T:G,controls,0,0,0,0
CHAKA/02/09/0698,9.065024,Adolescent,Male,Christians,Pre-primary,Underweight,Non-Munganda but Ugandan,Both parents alive,low socio-economic status,No,severe stress,Was not a premature at birth,Yes,Yes,Stage 2,199,Normal CD4 range,16183,Unsuppressed,,1.1744415,,,10-Dec,LL,LA/LG,A:G,,,G:G,T:G,G:G,T:G,controls,0,0,0,0
CHAKA/01/02/0353,10.01506,Children,Male,Christians,Pre-primary,Underweight,Muganda,Single parent alive,high socioecnomic status,No,mild stress,Was not a premature at birth,Yes,Yes,Stage 3,1033,Advanced immune compromised,0,Undetectable,0.91418161,1.8324159,-0.9182343,Increased,,LL,LA/LG,A:G,,,G:G,T:G,G:G,T:G,controls,0,0,0,0
CHAKA/02/03/0411,7.638604,Children,Female,Christians,Pre-primary,,Non-Munganda but Ugandan,Single parent alive,low socio-economic status,No,moderate stress,I don’t know,Yes,Yes,Stage 3,1052,Advanced immune compromised,0,Undetectable,1.6940473,0.93309522,0.7609521,Decreased,12-Dec,LS,LA/SA,A:A,G:A,C:C,G:G,T:G,G:G,T:G,controls,0,0,0,0
CHAKA/05/07/0437,6.699521,Children,Male,Christians,Pre-primary,Underweight,Muganda,Both parents alive,high socioecnomic status,No,mild stress,Was not a premature at birth,Yes,Yes,Stage 2,1617,Advanced immune compromised,,,0.72372301,0.71082311,0.0128999,Decreased,10-Dec,LL,LA/LG,A:G,A:A,C:T,G:G,T:G,G:G,T:G,controls,0,0,0,0
CHAKA/02/02/0264,11.60027,Adolescent,Male,Christians,Pre-primary,Underweight,Muganda,Both parents alive,low socio-economic status,No,mild stress,Was not a premature at birth,Yes,Yes,Stage 2,852,Advanced immune compromised,88,Suppressed,1.3613599,0.8187897,0.5425702,Decreased,12-Dec,LL,LA/LA,A:A,G:A,C:T,G:G,T:G,G:G,T:G,controls,0,0,0,0
CHAKA/01/02/0183,14,Adolescent,Female,Christians,Secondary level,Normal weight,Muganda,Both parents dead,high socioecnomic status,No,moderate stress,Was not a premature at birth,Yes,Yes,Stage 3,789,Advanced immune compromised,2827,Unsuppressed,1.4593164,0.88322268,0.5760937,Decreased,10-Oct,SS,SA/SA,A:A,A:A,T:T,G:G,T:G,G:G,T:G,controls,0,0,0,0
CHAKA/03/07/1079,14,Adolescent,Male,Christians,Secondary level,Underweight,Muganda,Both parents alive,high socioecnomic status,No,mild stress,Was not a premature at birth,Yes,Yes,Stage 3,344,Normal CD4 range,10,Suppressed,1.1134557,0.69523688,0.4182188,Decreased,12-Dec,LS,LA/SA,A:A,A:A,C:C,G:G,T:T,G:G,T:G,controls,0,0,0,0
CHAKA/02/01/0097,12.79398,Adolescent,Female,Christians,Pre-primary,Underweight,Muganda,Both parents alive,high socioecnomic status,No,severe stress,Was not a premature at birth,No,No,Stage 2,569,Advanced immune compromised,6025,Unsuppressed,,,,,10-Dec,LL,LA/LA,A:A,,C:T,G:G,T:T,G:G,T:G,controls,0,0,0,0
CHAKA/05/05/0835,11.84942,Adolescent,Female,Christians,Pre-primary,Normal weight,Muganda,Both parents alive,low socio-economic status,No,mild stress,Was not a premature at birth,Yes,Yes,Stage 2,687,Advanced immune compromised,0,Undetectable,0.35150149,0.5773811,-0.2258796,Increased,12-Dec,LL,LA/LA,A:A,G:A,C:T,G:G,T:T,G:G,T:G,controls,0,0,0,0
CHAKA/03/07/1058,5.467488,Children,Male,Christians,No formal education,Underweight,Muganda,Both parents alive,low socio-economic status,,moderate stress,Was not a premature at birth,Yes,Yes,Stage 3,1006,Advanced immune compromised,3912,Unsuppressed,,1.0824979,,,12-Dec,LS,LA/SA,A:A,,T:T,G:G,T:T,G:G,T:G,controls,0,0,0,0
CHAKA/05/06/1045,15,Children,Male,Christians,Secondary level,Overweight,Muganda,Single parent alive,high socioecnomic status,No,mild stress,Was not a premature at birth,Yes,Yes,Stage 2,609,Advanced immune compromised,0,Undetectable,,1.3602143,,,,LS,LA/SA,A:A,A:A,C:C,,G:G,A:A,T:T,controls,0,0,0,0
CHAKA/05/07/0424,6.223135,Children,Female,Christians,Pre-primary,Underweight,Muganda,Both parents alive,high socioecnomic status,No,moderate stress,Was not a premature at birth,Yes,Yes,Stage 2,404,Possibly immune compromised,71524,Unsuppressed,1.0661193,1.0895836,-0.0234642,Increased,10-Dec,LS,LA/SA,A:A,A:A,C:C,A:A,G:G,A:A,T:T,controls,0,0,0,0
CHAKA/02/01/0023,5.007529,Adolescent,Female,Christians,Pre-primary,Underweight,Muganda,Single parent alive,low socio-economic status,No,mild stress,Was not a premature at birth,Yes,Yes,Stage 2,2267,Advanced immune compromised,0,Undetectable,1.0096723,0.95056566,0.0591067,Decreased,12-Dec,LL,LA/LG,A:G,A:A,T:T,A:A,G:G,A:A,T:T,controls,0,0,0,0
CHAKA/03/06/0965,10.10814,Adolescent,Female,Christians,Pre-primary,Underweight,Non-Munganda but Ugandan,Both parents alive,low socio-economic status,No,mild stress,Was not a premature at birth,Yes,Yes,Stage 2,1231,Advanced immune compromised,26,Suppressed,0.75539377,,,,12-Dec,LL,LA/LA,A:A,A:A,C:C,G:A,T:G,A:A,T:T,controls,0,0,0,0
CHAKA/05/07/1196,,Adolescent,Male,Christians,Pre-primary,Underweight,Muganda,Single parent alive,low socio-economic status,No,severe stress,Was not a premature at birth,Yes,Yes,Stage 2,1752,Advanced immune compromised,10,Suppressed,1.0214602,0.92905271,0.0924075,Decreased,,LL,LA/LA,A:A,A:A,C:C,G:A,T:G,A:A,T:T,controls,0,0,0,0
CHAKA/03/05/0825,8.043806,Adolescent,Female,Christians,Pre-primary,Underweight,Muganda,Both parents alive,high socioecnomic status,No,moderate stress,Was not a premature at birth,Yes,Yes,Stage 2,2294,Advanced immune compromised,0,Undetectable,1.1777574,1.117703,0.0600543,Decreased,10-Oct,LL,LA/LG,A:G,A:A,C:C,G:A,T:G,A:A,T:T,controls,0,0,0,0
CHAKA/02/03/0382,14,Children,Male,Christians,Pre-primary,Obesity,Non-Munganda but Ugandan,Both parents dead,high socioecnomic status,No,mild stress,I don’t know,Yes,Yes,Stage 3,447,Possibly immune compromised,95,Suppressed,1.1941628,0.63403038,0.5601324,Decreased,10-Dec,LL,LA/LA,A:A,A:A,C:T,G:A,T:G,A:A,T:T,controls,0,0,0,0
CHAKA/05/08/0447,5.026694,Adolescent,Female,Christians,Pre-primary,Underweight,Non-Munganda but Ugandan,Both parents alive,high socioecnomic status,No,mild stress,Was not a premature at birth,Yes,Yes,Stage 2,2005,Advanced immune compromised,0,Undetectable,1.2655802,0.58339664,0.6821836,Decreased,,LL,LA/LA,A:A,A:A,C:T,G:A,T:G,A:A,T:T,controls,0,0,0,0
CHAKA/05/06/0994,14.69405,Adolescent,Female,Christians,Pre-primary,Underweight,Muganda,Single parent alive,high socioecnomic status,No,moderate stress,Was not a premature at birth,Yes,Yes,Stage 2,736,Advanced immune compromised,,,0.82271949,1.2212736,-0.3985541,Increased,12-Dec,LL,LA/SA,A:A,A:A,C:T,G:A,T:G,A:A,T:T,controls,0,0,1,1
CHAKA/01/02/0197,9.111567,Adolescent,Female,Christians,Pre-primary,Underweight,Muganda,Both parents alive,high socioecnomic status,No,mild stress,Was not a premature at birth,Yes,Yes,Stage 3,848,Advanced immune compromised,0,Undetectable,0.98056168,0.84556916,0.1349925,Decreased,12-Dec,LS,LA/SA,A:A,A:A,C:T,G:A,T:G,A:A,T:T,controls,0,0,0,0
CHAKA/03/05/0804,5.738535,Adolescent,Male,Christians,No formal education,Underweight,Muganda,Single parent alive,low socio-economic status,No,moderate stress,Was not a premature at birth,Yes,Yes,Stage 2,906,Advanced immune compromised,68,Suppressed,1.0112585,0.82053255,0.1907259,Decreased,12-Dec,LL,LA/LG,A:G,G:A,T:T,G:G,T:G,A:A,T:T,controls,0,0,0,0
CHAKA/01/03/0320,7.649555,Children,Male,Christians,No formal education,Underweight,Non-Munganda but Ugandan,Both parents alive,low socio-economic status,No,mild stress,Was not a premature at birth,Yes,Yes,Stage 3,1205,Advanced immune compromised,20,Suppressed,0.99945957,,,,12-Dec,LL,LA/LA,A:A,A:A,T:T,G:G,T:T,A:A,T:T,controls,0,0,0,0
CHAKA/03/06/0934,8.563997,Adolescent,Male,Christians,Pre-primary,Underweight,Non-Munganda but Ugandan,Both parents alive,high socioecnomic status,No,mild stress,Was not a premature at birth,Yes,Yes,Stage 2,530,Advanced immune compromised,10,Suppressed,0.93690048,0.64869909,0.2882014,Decreased,12-Dec,LL,LA/LA,A:A,A:A,T:T,G:G,T:T,A:A,T:T,controls,0,0,0,0
CHAKA/03/05/0790,5.023956,Children,Female,Christians,Pre-primary,Underweight,Muganda,Both parents alive,low socio-economic status,No,severe stress,Was not a premature at birth,Yes,Yes,Stage 2,828,Advanced immune compromised,10,Suppressed,1.3321847,0.73894077,0.593244,Decreased,10-Dec,LL,LA/LG,A:G,A:A,T:T,G:G,T:T,A:A,T:T,controls,0,1,0,1
CHAKA/02/02/0293,7.603012,Children,Female,Christians,Pre-primary,Underweight,Muganda,Single parent alive,low socio-economic status,No,moderate stress,Was not a premature at birth,Yes,Yes,Stage 3,1429,Advanced immune compromised,0,Undetectable,,0.74190625,,,10-Dec,LL,LA/LG,A:G,A:A,C:C,G:A,T:G,G:A,T:T,controls,0,0,0,0
CHAKA/02/03/0416,8.588638,Adolescent,Male,Christians,Pre-primary,Underweight,Muganda,Single parent alive,low socio-economic status,No,mild stress,Was not a premature at birth,Yes,Yes,Stage 2,1349,Advanced immune compromised,0,Undetectable,0.92974263,0.71583557,0.2139071,Decreased,12-Dec,LL,LA/LG,A:G,A:A,C:C,G:A,T:G,G:A,T:T,controls,0,0,0,0
CHAKA/03/08/1235,13,Adolescent,Male,Christians,Pre-primary,Underweight,Muganda,Both parents dead,low socio-economic status,No,mild stress,Was not a premature at birth,Yes,Yes,Stage 3,753,Advanced immune compromised,6455,Unsuppressed,1.2951124,1.5590402,-0.2639278,Increased,10-Oct,LL,LA/LG,A:G,,C:T,G:A,T:G,G:A,T:T,controls,0,0,0,0
CHAKA/03/05/0858,11.93155,Adolescent,Female,Christians,Pre-primary,Underweight,Muganda,Both parents alive,high socioecnomic status,No,mild stress,Was not a premature at birth,Yes,Yes,Stage 2,263,Normal CD4 range,1037,Unsuppressed,1.187868,1.6398976,-0.4520296,Increased,10-Dec,LL,LA/LA,A:A,A:A,C:T,G:A,T:G,G:A,T:T,controls,0,0,0,0
CHAKA/02/04/0511,5.645448,Children,Female,Christians,Pre-primary,Underweight,Muganda,Both parents alive,high socioecnomic status,No,severe stress,Was not a premature at birth,Yes,Yes,Stage 1,146,Normal CD4 range,530,Suppressed,0.93347191,,,,12-Dec,LL,LA/LA,A:A,G:A,C:T,G:A,T:G,G:A,T:T,controls,0,0,1,1
CHAKA/05/07/1186,9.908282,Adolescent,Female,Christians,Pre-primary,Underweight,Muganda,Both parents alive,low socio-economic status,No,mild stress,Was not a premature at birth,I don’t know,Yes,Stage 2,804,Advanced immune compromised,1593,Unsuppressed,0.80091586,0.62984496,0.1710709,Decreased,10-Oct,LS,SA/LG,A:G,G:A,C:T,G:A,T:G,G:A,T:T,controls,0,0,1,1
CHAKA/01/09/0622,11.6167,Adolescent,Female,Christians,Pre-primary,Underweight,Muganda,Both parents dead,low socio-economic status,No,moderate stress,Was not a premature at birth,Yes,Yes,Stage 1,984,Advanced immune compromised,25,Suppressed,1.2948895,0.64254591,0.6523436,Decreased,12-Dec,LL,LA/LA,A:A,A:A,C:T,G:G,T:G,G:A,T:T,controls,0,0,0,0
CHAKA/02/04/0490,9.601643,Adolescent,Female,Christians,Pre-primary,Normal weight,Muganda,Both parents alive,high socioecnomic status,No,moderate stress,Was not a premature at birth,Yes,Yes,Stage 1,1309,Advanced immune compromised,0,Undetectable,1.0925494,,,,12-Dec,LL,LA/LA,A:A,A:A,C:T,G:G,T:G,G:A,T:T,controls,0,0,0,0
CHAKA/01/02/0157,7.748118,Children,Female,Christians,Pre-primary,Underweight,Muganda,Both parents alive,high socioecnomic status,No,moderate stress,Was not a premature at birth,Yes,Yes,Stage 3,1472,Advanced immune compromised,0,Undetectable,1.227321,1.3769152,-0.1495941,Increased,12-Dec,LS,LA/SA,A:A,A:A,C:T,G:G,T:G,G:A,T:T,controls,0,0,0,0
CHAKA/03/08/1232,10.44216,Adolescent,Female,Christians,Pre-primary,Underweight,Muganda,Single parent alive,low socio-economic status,No,mild stress,Was not a premature at birth,Yes,Yes,Stage 3,1220,Advanced immune compromised,101,Suppressed,1.3734149,0.75282315,0.6205918,Decreased,12-Dec,LS,SA/LG,A:G,A:A,C:T,G:G,T:G,G:A,T:T,controls,0,0,0,0
CHAKA/03/05/0802,14,Adolescent,Male,Christians,Pre-primary,Underweight,Muganda,Both parents dead,low socio-economic status,No,severe stress,Was not a premature at birth,Yes,Yes,Stage 2,478,Possibly immune compromised,10,Suppressed,0.94990626,,,,10-Dec,LL,LA/LA,A:A,G:A,C:T,G:G,T:G,G:A,T:T,controls,0,0,0,0
CHAKA/03/05/0840,13,Children,Male,Christians,Pre-primary,Normal weight,Muganda,Both parents dead,low socio-economic status,No,mild stress,Was not a premature at birth,Yes,Yes,Stage 2,899,Advanced immune compromised,47,Suppressed,0.97861454,,,,12-Dec,LL,LA/LG,A:G,G:A,C:C,G:G,T:T,G:A,T:T,controls,0,0,0,0
CHAKA/03/08/1234,13,Adolescent,Female,Christians,Pre-primary,Underweight,Non-Munganda but Ugandan,Both parents alive,low socio-economic status,No,severe stress,Was not a premature at birth,Yes,Yes,Stage 3,856,Advanced immune compromised,,,0.9304427,0.85396511,0.0764776,Decreased,10-Dec,LL,LA/LA,A:A,A:A,C:T,G:G,T:T,G:A,T:T,controls,0,0,0,0
CHAKA/02/01/0091,13.295,Adolescent,Male,Christians,No formal education,Underweight,Muganda,Both parents alive,low socio-economic status,No,mild stress,Was not a premature at birth,Yes,Yes,Stage 2,464,Possibly immune compromised,8594,Unsuppressed,1.2661681,0.37088333,0.8952848,Decreased,12-Dec,LS,LA/SA,A:A,A:A,C:T,G:G,T:T,G:A,T:T,controls,0,0,0,0
CHAKA/05/06/1008,12,Children,Male,Christians,Pre-primary,Underweight,Non-Munganda but Ugandan,Both parents alive,high socioecnomic status,No,mild stress,Was not a premature at birth,Yes,Yes,Stage 2,709,Advanced immune compromised,0,Undetectable,0.63284323,0.63352325,-0.00068,Increased,12-Dec,LL,LA/LG,A:G,A:A,C:T,G:G,T:T,G:A,T:T,controls,0,0,0,0
CHAKA/02/01/0070,6.543463,Children,Male,Christians,Pre-primary,Underweight,Muganda,Both parents alive,high socioecnomic status,No,moderate stress,Was not a premature at birth,Yes,Yes,Stage 4,726,Advanced immune compromised,30,Suppressed,1.0951442,0.73786607,0.3572781,Decreased,12-Dec,LL,LA/LA,A:A,G:A,C:T,G:G,T:T,G:A,T:T,controls,0,0,0,0
CHAKA/02/01/0017,9.612594,Adolescent,Male,Christians,Pre-primary,Normal weight,Non-Munganda but Ugandan,Both parents alive,low socio-economic status,No,mild stress,Was not a premature at birth,Yes,Yes,Stage 3,1103,Advanced immune compromised,0,Undetectable,1.1462229,2.1898767,-1.043654,Increased,12-Dec,LL,LA/LA,A:A,,C:C,G:G,T:G,G:G,T:T,controls,0,0,0,0
CHAKA/03/05/0778,16,Adolescent,Male,Christians,Pre-primary,Underweight,Muganda,Single parent alive,low socio-economic status,No,moderate stress,Was not a premature at birth,Yes,Yes,Stage 2,356,Possibly immune compromised,62,Suppressed,0.80295337,,,,10-Dec,LL,LA/LG,A:G,,C:C,G:G,T:G,G:G,T:T,controls,0,0,0,0
CHAKA/05/08/1346,,Adolescent,Female,Christians,Pre-primary,Underweight,Muganda,Both parents alive,high socioecnomic status,No,moderate stress,Was not a premature at birth,Yes,Yes,Stage 2,19,Normal CD4 range,,,1.2004016,0.90709813,0.2933034,Decreased,,LL,LA/LA,A:A,A:A,C:T,G:G,T:G,G:G,T:T,controls,0,0,0,0
CHAKA/05/05/0514,12,Adolescent,Male,Christians,No formal education,Underweight,Muganda,Both parents dead,low socio-economic status,No,mild stress,Was not a premature at birth,Yes,Yes,Stage 2,783,Advanced immune compromised,124413,Unsuppressed,0.73870439,0.56718191,0.1715225,Decreased,12-Dec,LS,LA/SA,A:A,A:A,C:T,G:G,T:G,G:G,T:T,controls,0,0,0,0
CHAKA/02/02/0258,6.006845,Children,Male,Christians,Pre-primary,Underweight,Muganda,Both parents alive,high socioecnomic status,No,mild stress,I don’t know,Yes,Yes,Stage 2,3066,Advanced immune compromised,10,Suppressed,1.7399285,,,,12-Dec,SS,SA/SA,A:A,A:A,T:T,G:G,T:G,G:G,T:T,controls,0,0,0,0
CHAKA/02/09/0659,6.245038,Adolescent,Male,Christians,Pre-primary,Underweight,Muganda,Both parents alive,low socio-economic status,No,mild stress,Was not a premature at birth,Yes,Yes,Stage 2,2734,Advanced immune compromised,0,Undetectable,0.83139929,0.68398686,0.1474124,Decreased,12-Dec,SS,SA/SA,A:A,A:A,T:T,G:G,T:G,G:G,T:T,controls,0,0,0,0
CHAKA/05/08/1293,15,Adolescent,Female,Christians,Pre-primary,Underweight,Muganda,Both parents alive,low socio-economic status,No,severe stress,Was not a premature at birth,Yes,Yes,Stage 3,275,Normal CD4 range,,,1.0907255,0.57618157,0.5145439,Decreased,10-Dec,LS,LA/SA,A:A,A:A,C:T,G:G,T:T,G:G,T:T,controls,0,0,0,0
CHAKA/03/05/0803,10.82272,Children,Female,Christians,Pre-primary,Underweight,Muganda,Single parent alive,low socio-economic status,No,mild stress,Was not a premature at birth,No,Yes,Stage 1,1361,Advanced immune compromised,17437,Unsuppressed,1.9601452,0.80373883,1.156406,Decreased,12-Dec,LS,LA/SA,A:A,A:A,C:T,G:G,T:T,G:G,T:T,controls,0,0,0,0
CHAKA/03/07/1136,13,Adolescent,Male,Christians,Pre-primary,Underweight,Muganda,Single parent alive,low socio-economic status,No,severe stress,Was not a premature at birth,Yes,Yes,Stage 3,649,Advanced immune compromised,,,,1.015203,,,10-Dec,LL,LA/LG,A:G,A:A,T:T,G:G,T:T,G:G,T:T,controls,0,0,0,0
CHAKA/05/07/1177,15,Children,Female,Christians,Pre-primary,Underweight,Muganda,Single parent alive,high socioecnomic status,No,mild stress,Was not a premature at birth,Yes,Yes,Stage 2,1400,Advanced immune compromised,,,1.1048421,0.59724651,0.5075956,Decreased,10-Dec,LL,LA/LG,A:G,A:A,C:C,G:G,G:G,G:G,,controls,0,0,0,0
CHAKA/02/02/0287,8.77755,Adolescent,Female,Christians,Pre-primary,Underweight,Non-Munganda but Ugandan,Both parents alive,low socio-economic status,No,severe stress,Was not a premature at birth,Yes,Yes,Stage 4,1448,Advanced immune compromised,0,Undetectable,1.1859569,1.1636871,0.0222698,Decreased,10-Dec,LS,SA/LG,A:G,,,,,,,controls,0,0,0,0
CHAKA/01/02/0171,7.132102,Adolescent,Female,Christians,Pre-primary,Underweight,Muganda,Both parents alive,high socioecnomic status,No,moderate stress,Was not a premature at birth,Yes,Yes,Stage 4,1874,Advanced immune compromised,,,1.7412696,0.48082235,1.260447,Decreased,,,,,,,,,,,controls,0,0,0,0
CHAKA/01/02/0172,7.66872,Adolescent,Female,Christians,Pre-primary,Underweight,Muganda,Both parents alive,high socioecnomic status,No,severe stress,Was not a premature at birth,Yes,Yes,Stage 2,3924,Advanced immune compromised,10,Suppressed,,1.7412696,,,,,,,,,,,,,controls,0,0,0,0
CHAKA/01/02/0270,10.25325,Children,Female,Christians,Pre-primary,Underweight,Muganda,Both parents alive,low socio-economic status,No,moderate stress,Was not a premature at birth,Yes,Yes,Stage 2,563,Advanced immune compromised,31,Suppressed,,,,,,,,,,,,,,,controls,0,0,0,0
CHAKA/01/04/0531,8.188911,Adolescent,Female,Christians,Pre-primary,Underweight,Muganda,Both parents alive,high socioecnomic status,No,moderate stress,Was not a premature at birth,Yes,Yes,Stage 1,,,,,,,,,,,,,,,,,,,controls,0,0,0,0
CHAKA/01/04/0597,7.74538,Children,Male,Christians,Pre-primary,Underweight,Non-Munganda but Ugandan,Both parents alive,high socioecnomic status,No,severe stress,Was not a premature at birth,Yes,Yes,Stage 2,1061,Advanced immune compromised,290217,Unsuppressed,,,,,,,,,,,,,,,controls,0,0,1,1
CHAKA/01/09/0665,10.0835,Adolescent,Female,Christians,Pre-primary,Underweight,Muganda,Both parents alive,low socio-economic status,No,moderate stress,Was not a premature at birth,Yes,Yes,Stage 1,1507,Advanced immune compromised,298,Suppressed,,,,,,,,,,,,,,,controls,0,0,0,0
CHAKA/02/09/0685,6.691308,Adolescent,Male,Christians,Pre-primary,Underweight,Muganda,Both parents alive,high socioecnomic status,No,moderate stress,Was not a premature at birth,Yes,Yes,Stage 4,1491,Advanced immune compromised,19892,Unsuppressed,,0.42843665,,,,,,,,,,,,,controls,0,0,0,0
CHAKA/03/07/1144,,Adolescent,Female,Christians,Pre-primary,Underweight,Muganda,Both parents alive,low socio-economic status,No,mild stress,Was not a premature at birth,Yes,Yes,Stage 3,139,Normal CD4 range,629215,Unsuppressed,,0.72216721,,,,,,,,,,,,,controls,0,0,0,0
CHAKA/03/08/1327,10.53251,Adolescent,Male,Christians,Pre-primary,Underweight,Muganda,Both parents alive,low socio-economic status,No,severe stress,Was not a premature at birth,Yes,Yes,Stage 3,962,Advanced immune compromised,25852,Unsuppressed,,1.1074075,,,,,,,,,,,,,controls,0,0,0,0
CHAKA/05/05/0891,13,Adolescent,Female,Christians,Pre-primary,Underweight,Non-Munganda but Ugandan,Single parent alive,low socio-economic status,No,mild stress,Was not a premature at birth,I don’t know,Yes,Stage 2,602,Advanced immune compromised,0,Undetectable,,0.95454189,,,,,,,,,,,,,controls,0,0,0,0
CHAKA/05/05/0895,10.09446,Adolescent,Female,Christians,Pre-primary,Underweight,Muganda,Single parent alive,low socio-economic status,No,moderate stress,Was not a premature at birth,Yes,Yes,Stage 3,567,Advanced immune compromised,0,Undetectable,,0.96931279,,,,,,,,,,,,,controls,0,0,0,0
CHAKA/05/07/1198,14,Adolescent,Male,Christians,Pre-primary,Underweight,Muganda,Single parent alive,high socioecnomic status,No,severe stress,Was not a premature at birth,Yes,Yes,Stage 4,924,Advanced immune compromised,0,Undetectable,,0.62693327,,,,,,,,,,,,,controls,0,0,0,0
CHAKA/02/01/0138,10.17933,Children,Male,Muslim,Pre-primary,Underweight,Muganda,,high socioecnomic status,No,moderate stress,Was not a premature at birth,Yes,Yes,Stage 3,1280,Advanced immune compromised,1450,Unsuppressed,0.90970379,,,,12-Dec,LL,LA/LA,A:A,A:A,C:T,G:A,T:G,A:A,G:G,controls,0,0,0,0
CHAKA/05/08/1279,,Children,Male,Muslim,Pre-primary,Underweight,Muganda,Both parents alive,high socioecnomic status,No,mild stress,Was not a premature at birth,Yes,Yes,Stage 2,476,Possibly immune compromised,1279,Unsuppressed,1.6054322,0.82717759,0.7782546,Decreased,12-Dec,LS,LA/SA,A:A,A:A,C:T,G:A,T:G,A:A,G:G,controls,0,0,0,0
CHAKA/03/06/0970,5.097878,Children,Female,Muslim,Pre-primary,Underweight,Non-Munganda but Ugandan,Both parents alive,low socio-economic status,No,severe stress,Was not a premature at birth,Yes,Yes,Stage 2,963,Advanced immune compromised,0,Undetectable,0.55816511,1.2533054,-0.6951402,Increased,12-Dec,LL,LA/LG,A:G,A:A,C:T,G:A,T:G,A:A,G:G,controls,0,0,0,0
CHAKA/01/01/0003,6.020534,Adolescent,Female,Muslim,Pre-primary,Underweight,Muganda,Both parents alive,high socioecnomic status,Yes,moderate stress,Was not a premature at birth,Yes,Yes,Stage 3,230,Normal CD4 range,126898,Unsuppressed,1.251031,,,,10-Oct,LL,LA/LG,A:G,G:A,C:T,G:A,T:G,A:A,G:G,controls,0,0,0,0
CHAKA/01/09/0357,10.5462,Adolescent,Male,Muslim,Pre-primary,Underweight,Non-Munganda but Ugandan,Single parent alive,high socioecnomic status,No,moderate stress,Was not a premature at birth,Yes,Yes,Stage 1,1371,Advanced immune compromised,0,Undetectable,0.97872304,,,,10-Dec,LL,LA/LA,A:A,A:A,T:T,G:A,T:G,A:A,G:G,controls,0,0,0,0
CHAKA/05/06/1034,6.143737,Adolescent,Male,Muslim,Pre-primary,Underweight,Non-Munganda but Ugandan,Both parents alive,low socio-economic status,No,mild stress,Was not a premature at birth,Yes,Yes,Stage 2,1979,Advanced immune compromised,10,Suppressed,0.68954233,0.54091182,0.1486305,Decreased,12-Dec,LS,LA/SA,A:A,A:A,T:T,G:A,T:G,A:A,G:G,controls,0,0,0,0
CHAKA/02/04/0453,7.841205,Adolescent,Female,Muslim,Pre-primary,Underweight,Muganda,Single parent alive,high socioecnomic status,No,moderate stress,Was not a premature at birth,No,Yes,Stage 1,1219,Advanced immune compromised,0,Undetectable,0.92724128,,,,12-Dec,LL,LA/LA,A:A,A:A,C:C,G:A,G:G,G:A,G:G,controls,0,0,0,0
CHAKA/03/05/0757,6.340862,Children,Female,Muslim,Pre-primary,Underweight,Muganda,Both parents alive,low socio-economic status,No,moderate stress,Was not a premature at birth,Yes,Yes,Stage 2,807,Advanced immune compromised,206440,Unsuppressed,,0.87214473,,,12-Dec,LL,LA/LA,A:A,A:A,C:C,G:A,G:G,G:A,G:G,controls,0,0,0,0
CHAKA/02/09/0709,9.946612,Adolescent,Male,Muslim,Pre-primary,Underweight,Muganda,Both parents alive,high socioecnomic status,No,moderate stress,Was not a premature at birth,Yes,Yes,Stage 2,940,Advanced immune compromised,0,Undetectable,1.2403619,0.63594944,0.6044124,Decreased,10-Dec,LL,LA/LG,A:G,A:A,C:C,G:A,G:G,G:A,G:G,controls,0,0,0,0
CHAKA/02/01/0101,8.933607,Children,Male,Muslim,Pre-primary,Underweight,Muganda,Both parents alive,high socioecnomic status,No,mild stress,Was not a premature at birth,Yes,Yes,Stage 3,599,Advanced immune compromised,26,Suppressed,1.5303043,0.33402323,1.196281,Decreased,10-Dec,LL,LA/LG,A:G,G:A,T:T,G:A,T:G,G:A,G:G,controls,0,0,0,0
CHAKA/01/02/0179,11.09377,Adolescent,Female,Muslim,Pre-primary,Underweight,Muganda,Single parent alive,high socioecnomic status,No,moderate stress,Was not a premature at birth,Yes,Yes,Stage 2,855,Advanced immune compromised,0,Undetectable,1.7199637,0.80866125,0.9113024,Decreased,10-Oct,LL,LA/LA,A:A,A:A,C:C,G:G,T:G,G:A,G:G,controls,0,0,0,0
CHAKA/03/07/1100,13,Adolescent,Female,Muslim,Pre-primary,Overweight,Muganda,Both parents dead,high socioecnomic status,No,moderate stress,Was not a premature at birth,No,Yes,Stage 3,323,Normal CD4 range,14718,Unsuppressed,1.4622682,1.3041182,0.1581499,Decreased,10-Oct,LL,LA/LG,A:G,A:A,C:T,G:G,T:T,G:A,G:G,controls,0,0,0,0
CHAKA/02/01/0014,15.44969,Adolescent,Male,Muslim,Secondary level,Underweight,Muganda,Both parents alive,high socioecnomic status,No,severe stress,Was not a premature at birth,Yes,Yes,Stage 3,447,Possibly immune compromised,,,0.91031569,0.93734659,-0.0270309,Increased,10-Dec,LL,LA/LA,A:A,A:A,T:T,G:G,T:T,G:A,G:G,controls,0,0,0,0
CHAKA/05/08/1288,6.332649,Children,Male,Muslim,Pre-primary,Underweight,Non-Munganda but Ugandan,Single parent alive,low socio-economic status,No,moderate stress,Was not a premature at birth,Yes,Yes,Stage 2,1275,Advanced immune compromised,10,Suppressed,1.402202,1.2071956,0.1950064,Decreased,10-Dec,LL,LG/LG,G:G,G:A,T:T,G:G,T:T,G:A,G:G,controls,0,0,0,0
CHAKA/05/05/0852,12,Children,Female,Muslim,Pre-primary,Underweight,Muganda,Both parents alive,low socio-economic status,No,severe stress,Was not a premature at birth,Yes,Yes,Stage 2,997,Advanced immune compromised,,,0.82059617,0.67442467,0.1461715,Decreased,10-Dec,LL,LG/LG,G:G,A:A,T:T,G:G,G:G,G:G,G:G,controls,0,1,0,1
CHAKA/01/02/0155,8.429843,Children,Male,Muslim,Pre-primary,Underweight,Muganda,Both parents alive,high socioecnomic status,No,severe stress,Was not a premature at birth,Yes,Yes,Stage 3,635,Advanced immune compromised,73,Suppressed,0.01994315,,,,10-Dec,LS,LA/SA,A:A,A:A,C:C,G:G,T:G,G:G,G:G,controls,0,1,0,1
CHAKA/03/06/0940,7.972621,Adolescent,Female,Muslim,Pre-primary,Underweight,Muganda,Single parent alive,high socioecnomic status,No,mild stress,Was not a premature at birth,Yes,Yes,Stage 2,1187,Advanced immune compromised,10,Suppressed,1.2507785,0.72004839,0.5307301,Decreased,12-Dec,LS,SA/LG,A:G,,C:T,G:G,T:G,G:G,G:G,controls,0,0,0,0
CHAKA/05/05/0520,5.787817,Children,Female,Muslim,Pre-primary,Underweight,Muganda,Single parent alive,low socio-economic status,No,mild stress,Was not a premature at birth,Yes,Yes,Stage 1,448,Possibly immune compromised,0,Undetectable,1.0961982,0.71446303,0.3817352,Decreased,12-Dec,LL,LA/LA,A:A,A:A,T:T,G:G,T:G,G:G,G:G,controls,0,0,0,0
CHAKA/03/06/0982,8.484599,Adolescent,Female,Muslim,Pre-primary,Underweight,Muganda,Both parents alive,low socio-economic status,No,moderate stress,Was not a premature at birth,Yes,Yes,Stage 3,354,Possibly immune compromised,400131,Unsuppressed,0.70090354,1.0758842,-0.3749806,Increased,12-Dec,LL,LA/LG,A:G,A:A,C:T,G:G,T:T,G:G,G:G,controls,0,0,0,0
CHAKA/02/02/0161,9.607119,Children,Male,Muslim,Pre-primary,Underweight,Non-Ugandan,Both parents alive,low socio-economic status,No,severe stress,Was not a premature at birth,Yes,Yes,Stage 2,767,Advanced immune compromised,0,Undetectable,,,,,10-Dec,LS,SA/LG,A:G,A:A,C:T,G:G,T:T,G:G,G:G,controls,0,0,0,0
CHAKA/05/06/1016,8.566735,Children,Male,Muslim,Pre-primary,Underweight,Muganda,Single parent alive,low socio-economic status,No,mild stress,Was not a premature at birth,Yes,Yes,Stage 2,962,Advanced immune compromised,44,Suppressed,0.57759829,0.75353207,-0.1759338,Increased,,LL,LA/LG,A:G,,T:T,G:G,T:G,,T:G,controls,0,0,0,0
CHAKA/05/05/0894,15,Adolescent,Female,Muslim,Secondary level,Normal weight,Muganda,Both parents alive,low socio-economic status,No,mild stress,Was not a premature at birth,Yes,Yes,Stage 1,236,Normal CD4 range,336,Suppressed,0.57764452,0.86426199,-0.2866175,Increased,10-Oct,SS,SA/SA,A:A,A:A,C:C,G:A,T:G,A:A,T:G,controls,0,0,0,0
CHAKA/01/02/0338,14,Children,Female,Muslim,Pre-primary,Underweight,Muganda,Both parents alive,high socioecnomic status,No,severe stress,Was not a premature at birth,Yes,Yes,Stage 3,608,Advanced immune compromised,,,0.77125182,,,,12-Dec,LL,LA/LG,A:G,A:A,C:C,G:A,T:G,A:A,T:G,controls,0,0,0,0
CHAKA/02/01/0125,9.434634,Adolescent,Female,Muslim,Pre-primary,Underweight,Muganda,Single parent alive,low socio-economic status,No,moderate stress,Was not a premature at birth,Yes,Yes,Stage 2,427,Possibly immune compromised,0,Undetectable,1.6073877,0.85841646,0.7489713,Decreased,12-Dec,LS,LA/SA,A:A,A:A,C:C,G:A,G:G,G:A,T:G,controls,0,0,0,0
CHAKA/02/01/0124,7.436003,Adolescent,Female,Muslim,Pre-primary,Underweight,Muganda,Single parent alive,low socio-economic status,No,mild stress,Was not a premature at birth,Yes,Yes,Stage 1,922,Advanced immune compromised,0,Undetectable,0.79177759,1.1362285,-0.3444509,Increased,10-Dec,LS,SA/LG,A:G,A:A,C:C,G:A,G:G,G:A,T:G,controls,0,0,0,0
CHAKA/03/08/1260,14,Children,Female,Muslim,Secondary level,Normal weight,Muganda,Both parents alive,high socioecnomic status,No,mild stress,Was not a premature at birth,Yes,Yes,Stage 2,788,Advanced immune compromised,61029,Unsuppressed,1.2584821,0.856348,0.4021341,Decreased,10-Dec,LL,LA/LA,A:A,A:A,C:T,G:A,T:G,G:A,T:G,controls,0,0,0,0
CHAKA/02/09/0716,10.36824,Adolescent,Female,Muslim,Pre-primary,Underweight,Muganda,Both parents alive,high socioecnomic status,No,moderate stress,Was not a premature at birth,Yes,Yes,Stage 2,1086,Advanced immune compromised,0,Undetectable,1.3916511,1.1822584,0.2093927,Decreased,12-Dec,LL,LA/LA,A:A,A:A,C:T,G:A,T:G,G:A,T:G,controls,0,0,0,0
CHAKA/05/08/1289,11.37029,Adolescent,Male,Muslim,Pre-primary,Underweight,Muganda,Both parents alive,high socioecnomic status,No,mild stress,Was not a premature at birth,No,Yes,Stage 2,,,10,Suppressed,1.2062529,1.713417,-0.5071641,Increased,12-Dec,LL,LA/LG,A:G,A:A,C:T,G:A,T:G,G:A,T:G,controls,0,0,0,0
CHAKA/03/07/1092,13,Adolescent,Female,Muslim,Pre-primary,Underweight,Muganda,Single parent alive,low socio-economic status,No,severe stress,Was not a premature at birth,Yes,Yes,Stage 3,839,Advanced immune compromised,4648,Unsuppressed,1.2154404,,,,12-Dec,LL,LA/LA,A:A,A:A,T:T,G:A,T:G,G:A,T:G,controls,0,0,0,0
CHAKA/02/09/0744,9.623546,Adolescent,Female,Muslim,Pre-primary,Underweight,Muganda,Single parent alive,low socio-economic status,No,moderate stress,Was not a premature at birth,Yes,Yes,Stage 2,953,Advanced immune compromised,31488,Unsuppressed,0.86278563,0.83488116,0.0279045,Decreased,10-Dec,LL,LA/LG,A:G,A:A,T:T,G:A,T:G,G:A,T:G,controls,0,0,0,0
CHAKA/02/03/0385,7.635866,Children,Male,Muslim,Pre-primary,Underweight,Muganda,Both parents alive,low socio-economic status,No,moderate stress,Was not a premature at birth,Yes,Yes,Stage 4,1568,Advanced immune compromised,0,Undetectable,0.77248395,1.0510608,-0.2785769,Increased,12-Dec,LL,LA/LG,A:G,A:A,T:T,G:A,T:G,G:A,T:G,controls,0,0,0,0
CHAKA/01/02/0352,15,Adolescent,Female,Muslim,Secondary level,Underweight,Muganda,Both parents alive,high socioecnomic status,No,severe stress,Was not a premature at birth,Yes,Yes,Stage 2,392,Possibly immune compromised,1033,Unsuppressed,,,,,,LL,LA/LG,A:G,,C:C,G:G,T:G,G:A,T:G,controls,0,0,0,0
CHAKA/03/07/1107,14,Adolescent,Female,Muslim,Secondary level,Normal weight,Muganda,Single parent alive,high socioecnomic status,No,mild stress,Was not a premature at birth,Yes,Yes,Stage 3,494,Possibly immune compromised,369,Suppressed,1.7071356,1.4204156,0.28672,Decreased,12-Dec,LL,LA/LG,A:G,A:A,C:C,G:G,T:G,G:A,T:G,controls,0,0,0,0
CHAKA/01/09/0650,8.873374,Adolescent,Male,Muslim,Pre-primary,Normal weight,Muganda,Both parents alive,low socio-economic status,No,severe stress,Was not a premature at birth,Yes,No,Stage 2,1112,Advanced immune compromised,0,Undetectable,0.67879664,0.57928137,0.0995153,Decreased,12-Dec,LL,LA/LG,A:G,A:A,C:T,G:G,T:G,G:A,T:G,controls,0,0,0,0
CHAKA/02/02/0244,9.89733,Adolescent,Male,Muslim,Pre-primary,Underweight,Muganda,Both parents alive,high socioecnomic status,No,mild stress,Was not a premature at birth,Yes,Yes,Stage 2,1664,Advanced immune compromised,24,Suppressed,,,,,12-Dec,LL,LA/LA,A:A,,C:T,G:G,T:T,G:A,T:G,controls,0,0,0,0
CHAKA/01/09/0655,14,Children,Female,Muslim,Pre-primary,Normal weight,Non-Munganda but Ugandan,Single parent alive,low socio-economic status,Yes,severe stress,Was not a premature at birth,Yes,Yes,Stage 2,919,Advanced immune compromised,,,0.63691128,0.5078262,0.1290851,Decreased,10-Dec,LL,LA/LA,A:A,A:A,C:T,G:G,T:T,G:A,T:G,controls,0,0,0,0
CHAKA/02/03/0408,9.338809,Adolescent,Male,Muslim,Pre-primary,Underweight,Muganda,Both parents alive,low socio-economic status,No,mild stress,Was not a premature at birth,Yes,Yes,Stage 3,1057,Advanced immune compromised,35,Suppressed,2.0630657,0.84844836,1.214617,Decreased,12-Dec,LL,LA/LA,A:A,A:A,C:T,G:G,T:T,G:A,T:G,controls,0,0,1,1
CHAKA/03/08/0438,8.355921,Adolescent,Male,Muslim,Pre-primary,Underweight,Non-Munganda but Ugandan,Both parents alive,low socio-economic status,No,mild stress,Was not a premature at birth,Yes,Yes,Stage 3,1133,Advanced immune compromised,10,Suppressed,0.8184813,1.2759507,-0.4574694,Increased,,LL,LA/LA,A:A,A:A,C:T,G:G,T:T,G:A,T:G,controls,0,0,0,0
CHAKA/05/07/0432,6.162902,Children,Female,Muslim,Pre-primary,Underweight,Muganda,Both parents alive,low socio-economic status,No,severe stress,Was not a premature at birth,Yes,Yes,Stage 2,350,Normal CD4 range,118939,Unsuppressed,0.97751342,0.97368753,0.0038259,Decreased,12-Dec,LL,LA/LA,A:A,A:A,T:T,G:G,T:T,G:A,T:G,controls,0,0,0,0
CHAKA/03/07/1159,13,Adolescent,Female,Muslim,Pre-primary,Normal weight,Muganda,Both parents alive,high socioecnomic status,No,mild stress,Was not a premature at birth,Yes,Yes,Stage 3,599,Advanced immune compromised,,,1.2749337,0.87635858,0.3985752,Decreased,12-Dec,LS,LA/SA,A:A,A:A,T:T,G:G,T:T,G:A,T:G,controls,0,0,0,0
CHAKA/03/06/0987,16.62149,Adolescent,Female,Muslim,Secondary level,Overweight,Muganda,Single parent alive,high socioecnomic status,Yes,mild stress,Was not a premature at birth,Yes,Yes,Stage 3,153,Normal CD4 range,0,Undetectable,,1.1367329,,,12-Dec,SS,SA/SA,A:A,A:A,T:T,G:G,T:T,G:A,T:G,controls,0,0,0,0
CHAKA/05/06/0992,14.61191,Adolescent,Male,Muslim,Secondary level,Underweight,Muganda,Single parent alive,high socioecnomic status,No,moderate stress,Was not a premature at birth,Yes,Yes,Stage 2,165,Normal CD4 range,,,1.5099329,1.0042544,0.5056785,Decreased,12-Dec,LL,LA/LG,A:G,G:A,T:T,G:A,G:G,G:G,T:G,controls,0,0,0,0
CHAKA/03/07/1148,16,Children,Male,Muslim,Pre-primary,Normal weight,Muganda,Both parents alive,high socioecnomic status,No,severe stress,Was not a premature at birth,Yes,Yes,Stage 3,356,Possibly immune compromised,33596,Unsuppressed,1.3955299,0.8303565,0.5651734,Decreased,12-Dec,LL,LA/LG,A:G,A:A,C:T,G:G,G:G,G:G,T:G,controls,0,0,0,0
CHAKA/05/08/1301,10.83094,Adolescent,Male,Muslim,Pre-primary,Underweight,Non-Munganda but Ugandan,Single parent alive,high socioecnomic status,No,mild stress,Was not a premature at birth,Yes,Yes,Stage 2,1227,Advanced immune compromised,0,Undetectable,0.63619843,0.73398206,-0.0977836,Increased,12-Dec,LS,LA/SA,A:A,G:A,C:T,,T:G,G:G,T:G,controls,0,0,0,0
CHAKA/02/01/0130,14.81451,Children,Female,Muslim,Pre-primary,Underweight,Muganda,Both parents alive,low socio-economic status,No,mild stress,Was not a premature at birth,Yes,Yes,Stage 1,689,Advanced immune compromised,10,Suppressed,0.73131069,,,,12-Dec,LL,LA/LG,A:G,A:A,C:C,G:A,T:G,G:G,T:G,controls,0,0,0,0
CHAKA/03/08/1223,15,Adolescent,Male,Muslim,Secondary level,Underweight,Muganda,Both parents dead,low socio-economic status,No,moderate stress,Was not a premature at birth,Yes,Yes,Stage 3,325,Normal CD4 range,231510,Unsuppressed,1.146746,1.041182,0.1055639,Decreased,12-Dec,LS,LA/SA,A:A,A:A,C:C,G:G,T:G,G:G,T:G,controls,0,0,0,0
CHAKA/05/06/1009,,Adolescent,Female,Muslim,Pre-primary,Underweight,Non-Munganda but Ugandan,Both parents alive,low socio-economic status,No,severe stress,Was not a premature at birth,Yes,Yes,Stage 2,893,Advanced immune compromised,27120,Unsuppressed,0.88263829,0.80847288,0.0741654,Decreased,10-Dec,LL,LA/LA,A:A,A:A,C:T,G:G,T:G,G:G,T:G,controls,0,0,0,0
CHAKA/03/07/1143,,Adolescent,Male,Muslim,Pre-primary,Underweight,Muganda,Both parents alive,low socio-economic status,No,moderate stress,Was not a premature at birth,Yes,Yes,Stage 2,984,Advanced immune compromised,10,Suppressed,1.8195686,,,,12-Dec,LL,LA/LA,A:A,A:A,C:C,G:G,T:T,G:G,T:G,controls,0,0,0,0
CHAKA/03/06/1018,,Children,Male,Muslim,Pre-primary,Underweight,Muganda,Both parents alive,low socio-economic status,No,mild stress,Was not a premature at birth,Yes,Yes,Stage 2,616,Advanced immune compromised,21451,Unsuppressed,0.79562415,0.63462675,0.1609974,Decreased,10-Oct,SS,SA/SA,A:A,A:A,C:T,G:G,T:T,G:G,T:G,controls,0,0,0,0
CHAKA/05/05/0829,14,Adolescent,Female,Muslim,Pre-primary,Normal weight,Muganda,Both parents alive,high socioecnomic status,No,moderate stress,Was not a premature at birth,Yes,Yes,Stage 2,387,Possibly immune compromised,,,0.93774597,0.87961731,0.0581287,Decreased,12-Dec,LS,,,A:A,C:C,A:A,G:G,A:A,T:T,controls,0,0,0,0
CHAKA/02/01/0077,12.1232,Adolescent,Female,Muslim,Pre-primary,Obesity,Muganda,Both parents alive,high socioecnomic status,No,severe stress,Was not a premature at birth,I don’t know,No,Stage 2,1057,Advanced immune compromised,2639,Unsuppressed,0.91580598,0.77347694,0.142329,Decreased,10-Dec,LS,LA/SA,A:A,A:A,C:C,G:A,T:G,A:A,T:T,controls,0,0,0,0
CHAKA/02/02/0270,10.64203,Adolescent,Male,Muslim,Pre-primary,Underweight,Non-Munganda but Ugandan,Both parents alive,high socioecnomic status,No,mild stress,Was not a premature at birth,Yes,Yes,Stage 2,563,Advanced immune compromised,31,Suppressed,1.2947254,0.66047004,0.6342554,Decreased,12-Dec,LS,LA/SA,A:A,A:A,C:C,G:A,T:G,A:A,T:T,controls,0,0,0,0
CHAKA/02/01/0106,15.9206,Children,Female,Muslim,Pre-primary,Normal weight,Non-Munganda but Ugandan,Single parent alive,low socio-economic status,Yes,mild stress,Was not a premature at birth,Yes,Yes,Stage 2,415,Possibly immune compromised,10,Suppressed,0.98804312,0.84297471,0.1450684,Decreased,10-Dec,LS,LA/SA,A:A,A:A,C:T,G:A,T:G,A:A,T:T,controls,0,0,0,0
CHAKA/02/01/0044,11.9206,Adolescent,Female,Muslim,Pre-primary,Underweight,Muganda,Both parents alive,low socio-economic status,No,mild stress,Was not a premature at birth,Yes,Yes,Stage 2,492,Possibly immune compromised,0,Undetectable,0.78149613,0.75188762,0.0296085,Decreased,10-Dec,LS,SA/LG,A:G,G:A,C:T,G:G,T:T,A:A,T:T,controls,0,0,0,0
CHAKA/02/01/0030,13.71663,Adolescent,Female,Muslim,Pre-primary,Underweight,Muganda,Single parent alive,low socio-economic status,No,mild stress,Was not a premature at birth,Yes,Yes,Stage 3,483,Possibly immune compromised,,,1.4495619,1.4867567,-0.0371948,Increased,12-Dec,LL,LA/LA,A:A,A:A,C:T,G:A,G:G,G:A,T:T,controls,0,0,0,0
CHAKA/02/09/0733,15,Adolescent,Male,Muslim,Pre-primary,Underweight,Muganda,Both parents alive,high socioecnomic status,No,moderate stress,Was not a premature at birth,Yes,Yes,Stage 3,796,Advanced immune compromised,,,1.2716669,,,,10-Dec,LS,SA/LG,A:G,G:G,C:T,G:A,G:G,G:A,T:T,controls,0,0,0,0
CHAKA/04/06/0969,13.89459,Adolescent,Male,Muslim,Pre-primary,Normal weight,Non-Munganda but Ugandan,Single parent alive,low socio-economic status,No,moderate stress,Was not a premature at birth,Yes,Yes,Stage 2,419,Possibly immune compromised,,,1.28735,1.4842264,-0.1968764,Increased,12-Dec,LL,LA/LA,A:A,A:A,C:C,G:A,T:G,G:A,T:T,controls,0,0,0,0
CHAKA/01/03/0303,13,Children,Male,Muslim,Pre-primary,Underweight,Muganda,Both parents dead,low socio-economic status,No,moderate stress,I don’t know,Yes,Yes,Stage 2,244,Normal CD4 range,516,Suppressed,1.039247,0.98368528,0.0555617,Decreased,10-Dec,LL,LA/LG,A:G,G:A,C:C,G:A,T:G,G:A,T:T,controls,0,0,0,0
CHAKA/02/04/0465,12,Adolescent,Female,Muslim,Pre-primary,Normal weight,Non-Munganda but Ugandan,Single parent alive,high socioecnomic status,No,severe stress,Was not a premature at birth,Yes,Yes,Stage 2,492,Possibly immune compromised,10,Suppressed,1.3561579,,,,12-Dec,LL,LA/LA,A:A,A:A,C:T,G:A,T:G,G:A,T:T,controls,0,0,0,0
CHAKA/02/03/0397,5.215606,Children,Female,Muslim,Pre-primary,Underweight,Muganda,Both parents alive,high socioecnomic status,No,severe stress,Was not a premature at birth,Yes,Yes,Stage 3,1772,Advanced immune compromised,0,Undetectable,1.4463164,1.0863661,0.3599503,Decreased,12-Dec,LS,LA/SA,A:A,A:A,C:T,G:A,T:G,G:A,T:T,controls,0,0,0,0
CHAKA/01/04/0584,11,Children,Male,Muslim,Pre-primary,Underweight,Muganda,Both parents alive,low socio-economic status,No,severe stress,Was not a premature at birth,Yes,Yes,Stage 2,460,Possibly immune compromised,239544,Unsuppressed,1.2788038,,,,10-Oct,LS,LA/SA,A:A,G:A,C:T,G:A,T:G,G:A,T:T,controls,0,0,0,0
CHAKA/05/07/1175,17,Children,Male,Muslim,Secondary level,Underweight,Muganda,Single parent alive,high socioecnomic status,No,mild stress,Was not a premature at birth,No,Yes,Stage 2,31,Normal CD4 range,,,0.73035494,0.71717763,0.0131773,Decreased,10-Dec,LL,LA/LA,A:A,G:A,C:C,G:G,T:G,G:A,T:T,controls,0,0,0,0
CHAKA/05/07/1163,16,Adolescent,Male,Muslim,Secondary level,Normal weight,Muganda,Single parent alive,low socio-economic status,No,mild stress,Was not a premature at birth,Yes,Yes,Stage 2,199,Normal CD4 range,,,,0.84717218,,,10-Oct,LL,LG/LG,G:G,G:A,C:C,G:G,T:G,G:A,T:T,controls,0,0,0,0
CHAKA/01/04/0595,,Children,Male,Muslim,Pre-primary,Underweight,Muganda,Single parent alive,high socioecnomic status,No,mild stress,Was not a premature at birth,Yes,Yes,Stage 2,532,Advanced immune compromised,0,Undetectable,0.56422001,,,,12-Dec,LS,LA/SA,A:A,A:A,C:T,G:G,T:T,G:A,T:T,controls,0,0,0,0
CHAKA/03/06/0959,5.14716,Children,Female,Muslim,Pre-primary,Underweight,Muganda,Single parent alive,low socio-economic status,No,mild stress,Was a premature at birth,Yes,No,Stage 2,762,Advanced immune compromised,305,Suppressed,1.906962,,,,12-Dec,LS,LA/SA,A:A,G:A,C:T,G:G,T:T,G:A,T:T,controls,0,0,0,0
CHAKA/03/05/0752,7.523614,Adolescent,Male,Muslim,Pre-primary,Underweight,Non-Munganda but Ugandan,Single parent alive,low socio-economic status,No,mild stress,Was not a premature at birth,Yes,Yes,Stage 2,662,Advanced immune compromised,98754,Unsuppressed,1.2186484,0.72114603,0.4975024,Decreased,10-Dec,LL,LG/LG,G:G,A:A,T:T,G:G,T:T,G:A,T:T,controls,0,0,0,0
CHAKA/05/06/1003,6.316222,Children,Male,Muslim,Pre-primary,Underweight,Muganda,Single parent alive,high socioecnomic status,No,mild stress,Was not a premature at birth,Yes,Yes,Stage 2,434,Possibly immune compromised,28635,Unsuppressed,1.0640717,0.62790966,0.436162,Decreased,10-Dec,LS,SA/LG,A:G,G:A,C:C,G:A,T:G,G:G,T:T,controls,0,0,0,0
CHAKA/05/06/1007,,Adolescent,Female,Muslim,Pre-primary,Underweight,Muganda,Both parents alive,low socio-economic status,No,mild stress,Was not a premature at birth,Yes,Yes,Stage 2,1358,Advanced immune compromised,0,Undetectable,1.0311045,0.58315606,0.4479484,Decreased,12-Dec,LS,LA/SA,A:A,G:A,C:T,G:G,T:G,G:G,T:T,controls,0,0,0,0
CHAKA/02/01/0052,5.856263,Children,Female,Muslim,Pre-primary,Underweight,Non-Munganda but Ugandan,Both parents alive,low socio-economic status,No,moderate stress,Was a premature at birth,Yes,Yes,Stage 2,2556,Advanced immune compromised,0,Undetectable,0.72071058,0.81605983,-0.0953492,Increased,10-Oct,LL,LA/LG,A:G,G:A,C:T,G:G,T:G,G:G,T:T,controls,0,0,0,0
CHAKA/03/07/1095,,Children,Female,Muslim,Pre-primary,Underweight,Non-Munganda but Ugandan,Both parents alive,high socioecnomic status,No,moderate stress,Was not a premature at birth,Yes,Yes,Stage 3,1459,Advanced immune compromised,41,Suppressed,1.2154884,0.69161326,0.5238751,Decreased,10-Dec,LL,LA/LA,A:A,A:A,C:C,G:G,T:T,A:A,,controls,0,0,0,0
CHAKA/01/02/0350,14,Adolescent,Female,Muslim,Pre-primary,Normal weight,Non-Munganda but Ugandan,Single parent alive,low socio-economic status,No,moderate stress,Was not a premature at birth,Yes,Yes,Stage 3,358,Possibly immune compromised,,,,,,,,,,,,,,,,,controls,0,0,0,0
CHAKA/02/01/0080,6.773443,Adolescent,Male,Muslim,Pre-primary,Underweight,Muganda,Single parent alive,low socio-economic status,No,severe stress,Was not a premature at birth,Yes,Yes,Stage 3,766,Advanced immune compromised,51,Suppressed,,,,,,,,,,,,,,,controls,0,0,0,0
CHAKA/02/01/0081,11.6742,Adolescent,Female,Muslim,Pre-primary,Underweight,Muganda,Both parents alive,high socioecnomic status,No,moderate stress,Was a premature at birth,No,Yes,Stage 3,824,Advanced immune compromised,10,Suppressed,,,,,,,,,,,,,,,controls,0,0,0,0
CHAKA/02/09/0689,9.371663,Children,Female,Muslim,Pre-primary,Underweight,Muganda,Both parents alive,high socioecnomic status,No,moderate stress,Was not a premature at birth,Yes,Yes,Stage 3,925,Advanced immune compromised,78,Suppressed,,1.0516624,,,,,,,,,,,,,controls,0,0,1,1
CHAKA/02/04/0475,8.309377,Children,Female,Others,Pre-primary,Underweight,Muganda,Single parent alive,high socioecnomic status,No,mild stress,Was not a premature at birth,Yes,Yes,Stage 2,1315,Advanced immune compromised,0,Undetectable,1.3245316,,,,10-Dec,LL,LA/LG,A:G,A:A,C:T,G:G,T:T,G:A,T:T,controls,0,0,0,0
CHAKA/03/05/0768,15,Adolescent,Female,Christians,Secondary level,Normal weight,Muganda,Single parent alive,high socioecnomic status,No,moderate stress,Was not a premature at birth,Yes,Yes,Stage 2,519,Advanced immune compromised,0,Undetectable,,1.09194,,,10-Dec,LS,LA/SA,A:A,,,,G:G,,G:G,controls,0,0,0,0
CHAKA/01/09/0641,14,Adolescent,Male,Christians,Secondary level,Normal weight,Muganda,Both parents alive,high socioecnomic status,No,mild stress,Was not a premature at birth,Yes,Yes,Stage 2,449,Possibly immune compromised,,,1.3608435,0.96607564,0.3947679,Decreased,10-Oct,LL,LA/LG,A:G,A:A,C:C,A:A,G:G,A:A,G:G,controls,0,0,0,0
CHAKA/02/01/0047,14,Adolescent,Female,Christians,Pre-primary,Normal weight,Non-Munganda but Ugandan,Single parent alive,high socioecnomic status,No,mild stress,Was not a premature at birth,Yes,Yes,Stage 3,551,Advanced immune compromised,,,0.46392464,0.75373406,-0.2898094,Increased,12-Dec,LS,LA/SA,A:A,A:A,C:C,G:A,T:G,A:A,G:G,controls,0,0,1,1
CHAKA/03/05/0795,7.014374,Adolescent,Female,Christians,Pre-primary,Underweight,Muganda,Both parents alive,low socio-economic status,No,moderate stress,Was not a premature at birth,Yes,Yes,Stage 2,1290,Advanced immune compromised,100,Suppressed,1.1403336,0.75136666,0.388967,Decreased,12-Dec,LL,LA/LA,A:A,G:A,C:T,G:A,T:G,A:A,G:G,controls,0,0,0,0
CHAKA/01/02/0211,10.47228,Adolescent,Female,Christians,Pre-primary,Underweight,Non-Munganda but Ugandan,Single parent alive,high socioecnomic status,No,moderate stress,Was a premature at birth,Yes,Yes,Stage 4,2856,Advanced immune compromised,20,Suppressed,1.2686383,,,,12-Dec,LL,LA/LA,A:A,A:A,T:T,G:A,T:G,A:A,G:G,controls,0,0,0,0
CHAKA/02/04/0489,7.863108,Adolescent,Male,Christians,Pre-primary,Underweight,Non-Munganda but Ugandan,Both parents alive,low socio-economic status,No,mild stress,Was not a premature at birth,Yes,Yes,Stage 4,928,Advanced immune compromised,0,Undetectable,1.0891583,,,,10-Dec,LL,LA/LA,A:A,A:A,C:T,G:A,G:G,G:A,G:G,controls,0,0,0,0
CHAKA/02/01/0145,14.03696,Adolescent,Female,Christians,Pre-primary,Underweight,Muganda,Both parents alive,low socio-economic status,Yes,severe stress,Was not a premature at birth,Yes,Yes,Stage 3,926,Advanced immune compromised,0,Undetectable,1.8750669,1.0324238,0.8426431,Decreased,10-Dec,LL,LA/LG,A:G,A:A,C:C,G:G,T:T,G:A,G:G,controls,0,0,0,0
CHAKA/04/07/1113,,Children,Female,Christians,Pre-primary,Underweight,Muganda,Single parent alive,low socio-economic status,No,mild stress,Was not a premature at birth,No,Yes,Stage 1,1726,Advanced immune compromised,0,Undetectable,2.0894579,0.87156011,1.217898,Decreased,12-Dec,LL,LA/LA,A:A,A:A,C:T,G:G,T:T,G:A,G:G,controls,0,0,0,0
CHAKA/03/05/0862,9.002053,Adolescent,Female,Christians,Pre-primary,Underweight,Muganda,Both parents alive,low socio-economic status,No,mild stress,Was not a premature at birth,Yes,Yes,Stage 3,918,Advanced immune compromised,0,Undetectable,0.92729143,0.65071898,0.2765724,Decreased,12-Dec,LL,LA/LA,A:A,A:A,T:T,G:G,T:T,G:A,G:G,controls,0,0,0,0
CHAKA/03/06/0948,5.585216,Children,Female,Christians,Pre-primary,Underweight,Muganda,Both parents alive,high socioecnomic status,No,moderate stress,Was not a premature at birth,Yes,Yes,Stage 2,1813,Advanced immune compromised,0,Undetectable,0.7678926,0.93284081,-0.1649482,Increased,10-Dec,LL,LA/LA,A:A,G:G,C:T,G:G,G:G,G:G,G:G,controls,0,0,0,0
CHAKA/01/03/0325,9.352498,Adolescent,Male,Christians,Pre-primary,Underweight,Non-Munganda but Ugandan,Both parents alive,low socio-economic status,No,moderate stress,Was not a premature at birth,Yes,Yes,Stage 2,1121,Advanced immune compromised,10,Suppressed,,0.70726528,,,12-Dec,LS,LA/SA,A:A,A:A,C:T,G:G,T:G,G:G,G:G,controls,0,0,0,0
CHAKA/03/07/1104,16,Children,Female,Christians,Secondary level,Normal weight,Muganda,Both parents alive,low socio-economic status,No,severe stress,Was not a premature at birth,Yes,No,Stage 2,987,Advanced immune compromised,0,Undetectable,1.0081143,0.89821639,0.1098979,Decreased,12-Dec,LL,LA/LA,A:A,A:A,C:C,G:A,T:G,A:A,T:G,controls,0,1,1,1
CHAKA/02/01/0069,12.36413,Adolescent,Male,Christians,Pre-primary,Underweight,Muganda,Both parents alive,high socioecnomic status,No,severe stress,Was not a premature at birth,Yes,Yes,Stage 2,1039,Advanced immune compromised,10,Suppressed,1.2113335,0.77628638,0.4350471,Decreased,,LS,LA/SA,A:A,A:A,C:C,G:A,T:G,A:A,T:G,controls,0,0,0,0
CHAKA/02/01/0132,6.056126,Adolescent,Female,Christians,Pre-primary,Underweight,Muganda,Single parent alive,high socioecnomic status,No,mild stress,Was not a premature at birth,Yes,Yes,Stage 2,1232,Advanced immune compromised,0,Undetectable,0.62799895,,,,10-Dec,LL,LA/LG,A:G,A:A,C:C,G:A,T:G,A:A,T:G,controls,0,0,0,0
CHAKA/01/09/0608,11.52088,Adolescent,Male,Christians,Secondary level,Normal weight,Non-Munganda but Ugandan,Single parent alive,high socioecnomic status,No,mild stress,Was not a premature at birth,Yes,Yes,Stage 2,926,Advanced immune compromised,10,Suppressed,,0.5560758,,,10-Dec,LL,LA/LA,A:A,A:A,C:T,G:A,T:G,A:A,T:G,controls,0,0,0,0
CHAKA/03/08/1233,12,Children,Female,Christians,Pre-primary,Normal weight,Muganda,Both parents alive,low socio-economic status,No,severe stress,Was not a premature at birth,Yes,Yes,Stage 3,1094,Advanced immune compromised,0,Undetectable,1.2438754,0.85957565,0.3842998,Decreased,10-Dec,SS,SA/SA,A:A,A:A,C:T,G:A,T:G,A:A,T:G,controls,0,0,0,0
CHAKA/02/03/0413,13.46201,Adolescent,Male,Christians,Pre-primary,Normal weight,Non-Munganda but Ugandan,Single parent alive,high socioecnomic status,No,severe stress,Was not a premature at birth,Yes,Yes,Stage 2,872,Advanced immune compromised,,,1.5921561,1.6355853,-0.0434292,Increased,10-Dec,LL,LA/LA,A:A,A:A,C:C,G:G,T:T,A:A,T:G,controls,0,0,0,0
CHAKA/01/02/0174,7.323751,Children,Male,Christians,Pre-primary,Underweight,Non-Munganda but Ugandan,Both parents alive,high socioecnomic status,No,mild stress,Was not a premature at birth,Yes,Yes,Stage 3,193,Normal CD4 range,44216,Unsuppressed,1.4410539,0.83729536,0.6037586,Decreased,12-Dec,LL,LA/LA,A:A,A:A,C:C,G:G,T:T,A:A,T:G,controls,0,0,0,0
CHAKA/02/02/0268,6.409309,Children,Male,Christians,Pre-primary,Underweight,Non-Munganda but Ugandan,Single parent alive,high socioecnomic status,No,mild stress,Was not a premature at birth,Yes,Yes,Stage 3,1098,Advanced immune compromised,10,Suppressed,1.1472696,0.72297192,0.4242977,Decreased,12-Dec,SS,SA/SA,A:A,A:A,C:C,G:G,T:T,A:A,T:G,controls,0,0,0,0
CHAKA/02/04/0485,15,Adolescent,Female,Christians,Secondary level,Normal weight,Non-Munganda but Ugandan,Both parents alive,low socio-economic status,No,severe stress,Was not a premature at birth,Yes,Yes,Stage 1,452,Possibly immune compromised,,,1.0311932,0.99061764,0.0405755,Decreased,10-Dec,LL,LA/LG,A:G,A:A,C:C,G:G,T:T,A:A,T:G,controls,0,0,0,0
CHAKA/03/07/1109,8.908966,Adolescent,Male,Christians,Pre-primary,Underweight,Muganda,Single parent alive,low socio-economic status,No,mild stress,Was not a premature at birth,Yes,Yes,Stage 2,1181,Advanced immune compromised,0,Undetectable,0.87752294,0.76137765,0.1161453,Decreased,12-Dec,LL,LA/LA,A:A,A:A,C:T,G:G,T:T,A:A,T:G,controls,0,0,0,0
CHAKA/01/09/0646,14,Adolescent,Male,Christians,Pre-primary,Underweight,Muganda,Both parents alive,high socioecnomic status,No,mild stress,I don’t know,Yes,Yes,Stage 2,418,Possibly immune compromised,,,0.10942073,,,,12-Dec,LL,LA/LA,A:A,A:A,C:C,G:A,G:G,G:A,T:G,controls,0,0,0,0
CHAKA/02/01/0096,8.919918,Adolescent,Female,Christians,Pre-primary,Underweight,Non-Munganda but Ugandan,,low socio-economic status,No,mild stress,I don’t know,I don’t know,No,Stage 1,670,Advanced immune compromised,23941,Unsuppressed,0.75704064,0.44382459,0.3132161,Decreased,10-Oct,SS,SA/SA,A:A,A:A,C:T,G:A,G:G,G:A,T:G,controls,0,0,1,1
CHAKA/02/01/0056,7.203285,Children,Female,Christians,Pre-primary,Underweight,Non-Munganda but Ugandan,Both parents alive,low socio-economic status,No,moderate stress,Was not a premature at birth,Yes,Yes,Stage 2,691,Advanced immune compromised,10,Suppressed,0.14251059,0.73987986,-0.5973693,Increased,10-Dec,LL,LA/LA,A:A,A:A,C:C,G:A,T:G,G:A,T:G,controls,0,0,0,0
CHAKA/02/02/0276,9.130733,Adolescent,Male,Christians,Pre-primary,Underweight,Muganda,Both parents alive,high socioecnomic status,No,moderate stress,Was not a premature at birth,Yes,Yes,Stage 1,1393,Advanced immune compromised,33,Suppressed,,0.78812534,,,12-Dec,LL,LA/LA,A:A,A:A,C:C,G:A,T:G,G:A,T:G,controls,0,0,0,0
CHAKA/03/07/1063,10.48049,Children,Female,Christians,Pre-primary,Underweight,Non-Munganda but Ugandan,Both parents alive,high socioecnomic status,No,mild stress,Was not a premature at birth,Yes,Yes,Stage 2,1492,Advanced immune compromised,0,Undetectable,1.6987932,0.75026041,0.9485328,Decreased,12-Dec,LL,LA/LA,A:A,A:A,C:C,G:A,T:G,G:A,T:G,controls,0,0,0,0
CHAKA/02/02/0277,16,Adolescent,Female,Christians,Pre-primary,Overweight,Muganda,Both parents alive,high socioecnomic status,No,severe stress,Was not a premature at birth,Yes,Yes,Stage 3,481,Possibly immune compromised,,,0.86457471,0.81734108,0.0472336,Decreased,12-Dec,LS,LA/SA,A:A,A:A,C:T,G:G,T:G,G:A,T:G,controls,0,0,0,0
CHAKA/01/02/0224,9.50308,Adolescent,Male,Christians,Pre-primary,Underweight,Non-Munganda but Ugandan,Single parent alive,high socioecnomic status,No,mild stress,Was not a premature at birth,Yes,Yes,Stage 3,476,Possibly immune compromised,10268,Unsuppressed,,,,,10-Dec,LL,LA/LG,A:G,A:A,C:T,G:G,T:G,G:A,T:G,controls,0,0,0,0
CHAKA/05/06/1006,5.070499,Children,Female,Christians,Pre-primary,Underweight,Non-Munganda but Ugandan,Both parents alive,low socio-economic status,No,mild stress,Was not a premature at birth,Yes,Yes,Stage 4,974,Advanced immune compromised,12808,Unsuppressed,0.70346841,0.61780964,0.0856588,Decreased,12-Dec,LL,LA/LA,A:A,G:A,C:T,G:G,T:G,G:A,T:G,controls,0,0,0,0
CHAKA/02/01/0059,11.57563,Adolescent,Female,Christians,Pre-primary,Underweight,Muganda,Both parents alive,high socioecnomic status,No,severe stress,Was not a premature at birth,Yes,Yes,Stage 2,1038,Advanced immune compromised,10,Suppressed,1.0036511,,,,10-Dec,LS,LA/SA,A:A,G:A,C:T,G:G,T:G,G:A,T:G,controls,0,0,0,0
CHAKA/01/02/0198,14,Adolescent,Female,Christians,Pre-primary,Normal weight,Muganda,Both parents alive,high socioecnomic status,No,severe stress,Was not a premature at birth,Yes,Yes,Stage 4,335,Normal CD4 range,,,,1.1152183,,,10-Dec,LL,LA/LA,A:A,A:A,T:T,G:G,T:G,G:A,T:G,controls,0,0,0,0
CHAKA/02/09/0661,9.930184,Adolescent,Male,Christians,Pre-primary,Normal weight,Muganda,Both parents dead,low socio-economic status,No,moderate stress,Was not a premature at birth,Yes,Yes,Stage 2,774,Advanced immune compromised,0,Undetectable,,0.62892935,,,,LL,LA/LG,A:G,,C:C,G:G,T:T,G:A,T:G,controls,0,0,0,0
CHAKA/03/07/1078,14,Children,Male,Christians,Pre-primary,Underweight,Muganda,Both parents alive,low socio-economic status,No,severe stress,Was not a premature at birth,Yes,Yes,Stage 3,1255,Advanced immune compromised,21,Suppressed,0.89975167,1.1524843,-0.2527327,Increased,12-Dec,LL,LA/LA,A:A,A:A,C:C,G:G,T:T,G:A,T:G,controls,0,0,0,0
CHAKA/03/08/1318,,Adolescent,Female,Christians,Pre-primary,Underweight,Non-Munganda but Ugandan,Both parents alive,low socio-economic status,No,severe stress,Was a premature at birth,Yes,Yes,Stage 2,1710,Advanced immune compromised,,,0.47815497,0.71530981,-0.2371548,Increased,12-Dec,LL,LA/LA,A:A,A:A,C:C,G:G,T:T,G:A,T:G,controls,0,0,0,0
CHAKA/01/03/0310,11.34292,Adolescent,Female,Christians,Pre-primary,Underweight,Non-Munganda but Ugandan,Both parents alive,high socioecnomic status,No,severe stress,Was not a premature at birth,Yes,Yes,Stage 2,432,Possibly immune compromised,0,Undetectable,1.3490222,1.025237,0.3237851,Decreased,10-Dec,LS,LA/SA,A:A,A:A,C:C,G:G,T:T,G:A,T:G,controls,0,0,0,0
CHAKA/05/06/0991,13,Children,Male,Christians,Pre-primary,Normal weight,Non-Munganda but Ugandan,Single parent alive,low socio-economic status,No,mild stress,Was not a premature at birth,Yes,Yes,Stage 2,1132,Advanced immune compromised,,,1.5686195,1.2278989,0.3407207,Decreased,10-Dec,LS,LA/SA,A:A,A:A,C:C,G:G,T:T,G:A,T:G,controls,0,0,0,0
CHAKA/02/09/0711,11.57837,Children,Female,Christians,Pre-primary,Normal weight,Muganda,Both parents alive,low socio-economic status,No,moderate stress,Was not a premature at birth,Yes,Yes,Stage 2,1153,Advanced immune compromised,0,Undetectable,1.3773474,,,,12-Dec,LL,LA/LA,A:A,A:A,T:T,G:G,T:T,G:A,T:G,controls,0,0,0,0
CHAKA/02/09/0739,12,Adolescent,Male,Christians,Pre-primary,Normal weight,Muganda,Both parents dead,high socioecnomic status,No,moderate stress,Was not a premature at birth,Yes,Yes,Stage 2,672,Advanced immune compromised,,,1.1177929,,,,10-Oct,LS,LA/SA,A:A,A:A,T:T,G:G,T:T,G:A,T:G,controls,0,0,0,0
CHAKA/02/09/0720,13,Adolescent,Female,Christians,Pre-primary,Underweight,Muganda,Single parent alive,high socioecnomic status,No,mild stress,Was not a premature at birth,Yes,Yes,Stage 1,710,Advanced immune compromised,10,Suppressed,1.1293567,0.81297238,0.3163843,Decreased,12-Dec,LS,LA/SA,A:A,G:A,T:T,G:G,T:T,G:A,T:G,controls,0,0,0,0
CHAKA/01/04/0589,6.609172,Adolescent,Female,Christians,Pre-primary,Underweight,Non-Munganda but Ugandan,Both parents alive,high socioecnomic status,No,mild stress,Was not a premature at birth,Yes,Yes,Stage 1,1181,Advanced immune compromised,0,Undetectable,1.0926286,0.61124967,0.4813789,Decreased,12-Dec,LL,LA/LA,A:A,A:A,C:C,G:G,T:G,G:G,T:G,controls,0,0,0,0
CHAKA/01/09/0642,15,Adolescent,Female,Christians,Secondary level,Normal weight,Non-Munganda but Ugandan,Both parents dead,high socioecnomic status,No,mild stress,Was not a premature at birth,Yes,Yes,Stage 3,600,Advanced immune compromised,,,0.81114941,0.96812457,-0.1569752,Increased,12-Dec,LS,LA/SA,A:A,A:A,C:T,G:G,T:T,G:G,T:G,controls,0,0,0,0
CHAKA/03/07/1108,8.73922,Children,Female,Christians,Pre-primary,Underweight,Non-Munganda but Ugandan,Single parent alive,high socioecnomic status,No,mild stress,Was not a premature at birth,Yes,Yes,Stage 2,992,Advanced immune compromised,0,Undetectable,1.3175516,,,,10-Dec,LL,LA/LG,A:G,G:A,C:T,G:G,T:T,G:G,T:G,controls,0,0,0,0
CHAKA/03/07/1066,8.506502,Children,Female,Christians,Pre-primary,Underweight,Non-Munganda but Ugandan,Both parents alive,low socio-economic status,No,mild stress,Was not a premature at birth,Yes,Yes,Stage 3,1320,Advanced immune compromised,10,Suppressed,1.2100871,,,,10-Dec,LL,LA/LG,A:G,A:A,C:C,G:A,T:G,A:A,T:T,controls,0,0,0,0
CHAKA/04/08/1262,14,Adolescent,Female,Christians,Pre-primary,Normal weight,Muganda,Single parent alive,low socio-economic status,Yes,moderate stress,Was not a premature at birth,Yes,Yes,Stage 1,861,Advanced immune compromised,0,Undetectable,1.1350717,0.67355624,0.4615154,Decreased,10-Dec,LL,LA/LA,A:A,A:A,C:C,G:G,T:T,A:A,T:T,controls,0,0,0,0
CHAKA/01/02/0186,13,Adolescent,Female,Christians,Pre-primary,Normal weight,Muganda,Single parent alive,high socioecnomic status,No,severe stress,Was not a premature at birth,Yes,Yes,Stage 3,601,Advanced immune compromised,,,1.2009029,,,,10-Dec,LL,LA/LG,A:G,,C:T,G:A,T:G,G:A,T:T,controls,0,0,0,0
CHAKA/03/06/0941,6.162902,Adolescent,Male,Christians,Pre-primary,Underweight,Muganda,Both parents alive,low socio-economic status,No,moderate stress,Was not a premature at birth,Yes,Yes,Stage 3,1554,Advanced immune compromised,10,Suppressed,1.0804092,0.87186881,0.2085404,Decreased,12-Dec,LL,LA/LA,A:A,A:A,C:T,G:A,T:G,G:A,T:T,controls,0,0,0,0
CHAKA/02/09/0713,15,Adolescent,Male,Christians,Pre-primary,Normal weight,Non-Munganda but Ugandan,Both parents alive,low socio-economic status,No,mild stress,Was not a premature at birth,Yes,Yes,Stage 2,1021,Advanced immune compromised,0,Undetectable,1.2717021,,,,10-Dec,LL,LA/LG,A:G,A:A,C:T,G:A,T:G,G:A,T:T,controls,0,0,0,0
CHAKA/01/04/0582,12,Adolescent,Male,Christians,Pre-primary,Underweight,Muganda,Both parents alive,high socioecnomic status,No,severe stress,Was not a premature at birth,Yes,Yes,Stage 2,792,Advanced immune compromised,0,Undetectable,1.3340583,0.99769887,0.3363595,Decreased,10-Dec,LL,LA/LA,A:A,G:A,,G:G,T:G,G:A,T:T,controls,0,0,0,0
CHAKA/03/08/1339,6.264203,Adolescent,Male,Christians,Pre-primary,Underweight,Muganda,Both parents alive,low socio-economic status,No,mild stress,Was not a premature at birth,Yes,Yes,Stage 2,177,Normal CD4 range,4165,Unsuppressed,1.6629081,0.90711583,0.7557923,Decreased,,LL,LA/LG,A:G,,C:T,G:G,T:G,G:A,T:T,controls,0,0,0,0
CHAKA/02/09/0676,8.50924,Adolescent,Male,Christians,Pre-primary,Normal weight,Non-Munganda but Ugandan,Both parents alive,high socioecnomic status,No,moderate stress,Was a premature at birth,Yes,Yes,Stage 1,1222,Advanced immune compromised,0,Undetectable,1.4013161,,,,10-Dec,LS,LA/SA,A:A,G:A,T:T,G:G,T:G,G:A,T:T,controls,0,0,0,0
CHAKA/02/02/0262,7.619439,Children,Male,Christians,Pre-primary,Underweight,Non-Munganda but Ugandan,Both parents alive,low socio-economic status,No,mild stress,Was not a premature at birth,Yes,Yes,Stage 2,1233,Advanced immune compromised,10,Suppressed,1.2592104,,,,12-Dec,LL,LA/LA,A:A,A:A,C:T,G:G,T:T,G:A,T:T,controls,0,0,0,0
CHAKA/05/06/1010,9.880903,Children,Female,Christians,Pre-primary,Underweight,Non-Munganda but Ugandan,Both parents alive,high socioecnomic status,No,mild stress,Was not a premature at birth,Yes,Yes,Stage 4,173,Normal CD4 range,10,Suppressed,0.96310035,0.91020183,0.0528985,Decreased,10-Dec,LS,SA/LG,A:G,A:A,C:T,G:G,T:T,G:A,T:T,controls,0,0,1,1
CHAKA/02/01/0122,9.57974,Adolescent,Male,Christians,Pre-primary,Underweight,Muganda,Both parents alive,low socio-economic status,No,moderate stress,Was not a premature at birth,Yes,Yes,Stage 2,1547,Advanced immune compromised,0,Undetectable,0.61879067,,,,12-Dec,LL,LA/LG,A:G,A:A,C:C,G:G,G:G,G:G,T:T,controls,0,0,0,0
CHAKA/03/08/1207,9.264887,Adolescent,Female,Christians,Pre-primary,Underweight,Muganda,Single parent alive,high socioecnomic status,No,mild stress,Was not a premature at birth,Yes,Yes,Stage 2,1226,Advanced immune compromised,10,Suppressed,1.0721641,,,,10-Dec,LL,LA/LG,A:G,A:A,T:T,G:G,G:G,G:G,T:T,controls,0,0,0,0
CHAKA/02/03/0376,11.4935,Adolescent,Male,Christians,Pre-primary,Normal weight,Muganda,Both parents alive,low socio-economic status,No,moderate stress,Was not a premature at birth,Yes,No,Stage 2,910,Advanced immune compromised,0,Undetectable,0.98674286,,,,12-Dec,LL,LA/LA,A:A,A:A,C:C,,T:G,G:G,T:T,controls,0,0,0,0
CHAKA/02/02/0299,14,Children,Male,Christians,Secondary level,Underweight,Non-Munganda but Ugandan,Single parent alive,high socioecnomic status,No,severe stress,Was not a premature at birth,I don’t know,Yes,Stage 2,260,Normal CD4 range,,,0.57587019,,,,10-Dec,LS,LA/SA,A:A,A:A,C:T,G:A,T:G,G:G,T:T,controls,0,0,0,0
CHAKA/02/09/0725,12,Adolescent,Male,Christians,Pre-primary,Underweight,Muganda,Single parent alive,low socio-economic status,No,severe stress,Was not a premature at birth,Yes,Yes,Stage 2,400,Possibly immune compromised,,,1.6661246,0.83829895,0.8278257,Decreased,12-Dec,LL,LA/LA,A:A,A:A,C:C,G:G,T:G,G:G,T:T,controls,0,0,0,0
CHAKA/02/01/0028,12.53936,Adolescent,Female,Christians,Pre-primary,Underweight,Muganda,Single parent alive,high socioecnomic status,No,moderate stress,Was not a premature at birth,Yes,Yes,Stage 3,891,Advanced immune compromised,,,0.94120896,0.76914752,0.1720614,Decreased,10-Dec,LS,LA/SA,A:A,A:A,C:C,G:G,T:G,G:G,T:T,controls,0,1,0,1
CHAKA/01/09/0605,7.132102,Children,Male,Christians,Pre-primary,Normal weight,Non-Munganda but Ugandan,Both parents alive,low socio-economic status,No,severe stress,Was not a premature at birth,Yes,Yes,Stage 2,780,Advanced immune compromised,10,Suppressed,,,,,12-Dec,LL,LA/LG,A:G,A:A,C:T,G:G,T:T,G:G,T:T,controls,0,0,0,0
CHAKA/02/01/0068,7.296372,Children,Male,Christians,Pre-primary,Underweight,Non-Munganda but Ugandan,Both parents alive,low socio-economic status,No,mild stress,Was not a premature at birth,Yes,Yes,Stage 3,1834,Advanced immune compromised,0,Undetectable,0.57713746,,,,,LL,LA/LG,A:G,A:A,C:T,G:G,T:T,G:G,T:T,controls,0,0,0,0
CHAKA/01/04/0571,12,Adolescent,Female,Christians,Pre-primary,Underweight,Muganda,Single parent alive,high socioecnomic status,No,moderate stress,Was not a premature at birth,Yes,No,Stage 1,1042,Advanced immune compromised,0,Undetectable,0.70260079,,,,10-Dec,LS,LA/SA,A:A,A:A,C:T,G:A,T:G,A:A,,controls,0,0,0,0
CHAKA/01/04/0572,10.36824,Adolescent,Male,Christians,Pre-primary,Underweight,Non-Munganda but Ugandan,Single parent alive,high socioecnomic status,No,mild stress,Was not a premature at birth,Yes,Yes,Stage 1,1023,Advanced immune compromised,31,Suppressed,1.442817,0.7775079,0.6653091,Decreased,10-Dec,LS,SA/LG,A:G,A:A,C:C,G:A,T:G,G:G,,controls,0,0,0,0
CHAKA/01/02/0219,10.49418,Adolescent,Female,Christians,Pre-primary,Underweight,Muganda,Single parent alive,high socioecnomic status,No,moderate stress,Was not a premature at birth,Yes,Yes,Stage 3,150,Normal CD4 range,779675,Unsuppressed,,,,,,,,,,,,,,,controls,0,0,0,0
CHAKA/01/02/0354,7.022587,Children,Male,Christians,Pre-primary,Underweight,Non-Munganda but Ugandan,Both parents alive,high socioecnomic status,No,moderate stress,Was not a premature at birth,Yes,Yes,Stage 3,1609,Advanced immune compromised,0,Undetectable,,,,,,,,,,,,,,,controls,0,0,0,0
CHAKA/01/04/0542,14,Adolescent,Female,Christians,Secondary level,Overweight,Muganda,Single parent alive,low socio-economic status,No,mild stress,Was not a premature at birth,Yes,Yes,Stage 1,437,Possibly immune compromised,1708,Unsuppressed,,,,,,,,,,,,,,,controls,0,0,0,0
CHAKA/01/09/0667,10,Adolescent,Female,Christians,Pre-primary,Underweight,Muganda,Both parents alive,high socioecnomic status,No,moderate stress,Was not a premature at birth,Yes,Yes,Stage 1,847,Advanced immune compromised,10,Suppressed,,,,,,,,,,,,,,,controls,0,0,0,0
CHAKA/02/01/0072,9.05681,Adolescent,Male,Christians,Pre-primary,Underweight,Muganda,Both parents alive,high socioecnomic status,Yes,moderate stress,Was not a premature at birth,Yes,Yes,Stage 2,1113,Advanced immune compromised,0,Undetectable,,,,,,,,,,,,,,,controls,0,0,1,1
CHAKA/02/01/0082,8.443532,Adolescent,Male,Christians,Pre-primary,,Non-Ugandan,Both parents alive,high socioecnomic status,No,moderate stress,I don’t know,Yes,Yes,Stage 3,863,Advanced immune compromised,0,Undetectable,,1.0226741,,,,,,,,,,,,,controls,0,0,0,0
CHAKA/05/08/1333,13,Adolescent,Female,Christians,Pre-primary,Underweight,Muganda,Both parents dead,low socio-economic status,No,mild stress,Was not a premature at birth,Yes,Yes,Stage 3,859,Advanced immune compromised,10,Suppressed,,0.68761551,,,,,,,,,,,,,controls,0,0,0,0
CHAKA/03/07/1086,13,Adolescent,Male,Christians,Pre-primary,Underweight,Muganda,Both parents dead,high socioecnomic status,No,mild stress,Was not a premature at birth,Yes,Yes,Stage 3,600,Advanced immune compromised,1829,Unsuppressed,1.2279728,0.84744514,0.3805276,Decreased,12-Dec,LL,LA/LA,A:A,A:A,T:T,G:A,T:G,G:G,G:G,controls,0,0,0,0
CHAKA/02/01/0114,6.554415,Children,Female,Christians,Pre-primary,Underweight,Non-Munganda but Ugandan,Single parent alive,high socioecnomic status,No,mild stress,Was not a premature at birth,Yes,No,Stage 2,893,Advanced immune compromised,30758,Unsuppressed,0.71910792,0.75189821,-0.0327903,Increased,12-Dec,LL,LA/LA,A:A,A:A,C:C,G:G,G:G,G:G,T:G,controls,0,0,0,0
CHAKA/02/09/0730,7.868583,Children,Male,Christians,Pre-primary,Underweight,Muganda,Single parent alive,low socio-economic status,No,moderate stress,Was not a premature at birth,Yes,Yes,Stage 2,828,Advanced immune compromised,77,Suppressed,1.1920877,,,,12-Dec,LL,LA/LA,A:A,A:A,C:T,G:G,G:G,G:G,T:T,controls,0,0,0,0
CHAKA/01/09/0643,15,Adolescent,Male,Christians,Pre-primary,Underweight,Non-Munganda but Ugandan,Single parent alive,low socio-economic status,Yes,moderate stress,Was not a premature at birth,Yes,Yes,Stage 2,454,Possibly immune compromised,,,,1.0699208,,,,,,,,,,,,,controls,0,0,0,0
CHAKA/01/09/0666,7.876797,Children,Male,Christians,Pre-primary,Underweight,Muganda,Single parent alive,high socioecnomic status,No,mild stress,Was not a premature at birth,Yes,Yes,Stage 2,1498,Advanced immune compromised,10,Suppressed,,,,,,,,,,,,,,,controls,0,0,0,0
CHAKA/02/03/0378,14,Adolescent,,Christians,,Normal weight,,,high socioecnomic status,,severe stress,,,Yes,Stage 2,661,Advanced immune compromised,0,Undetectable,1.548868,,,,12-Dec,LL,LA/LA,A:A,,C:C,G:A,T:G,A:A,G:G,controls,0,0,0,0
