PatientID,Age,AgeCategory,Gender_of_Child,Religion,Childs_Education_Level,BMI_category,childtrib1,orphanhood,Socio_Economic_Status,Support_Program,Stress,Premature_Birth,Born_with_HIV,Child_Takes_ART,Worst_HIV_Stage,cd4takeoff1,CD4_category,Viralload,Viralload_Category,Baseline_telomere_length,Telomere_length_12Months,tldiff,telomere_length_change,stin2vntr_,httlpr1_polymorphism,HTTLPRrs35531,rs35531_polymorphism,Rs10482605_polymorphism,Rs1360780_polymorphism,rs1386494_polymorphism,rs1843809_polymorphism,rs34517220_polymorphism,rs4570625_polymorphism,GroupCategory,GAD,MDD,PTSD,IMDs
CHAKA/05/07/0433,14,Children,Male,Born Again,Pre-primary,Underweight,Non-Munganda but Ugandan,Single parent alive,high socioecnomic status,No,severe stress,Was not a premature at birth,Yes,Yes,Stage 2,231,Normal CD4 range,,,1.1941073,1.0774366,0.1166707,Decreased,,,,,,,,,,G:G,cases,0,0,0,0
CHAKA/02/03/0392,10.00684,Adolescent,Female,Born Again,Pre-primary,Underweight,Muganda,Both parents alive,high socioecnomic status,No,moderate stress,I don’t know,Yes,Yes,Stage 2,1010,Advanced immune compromised,0,Undetectable,,0.62120687,,,10-Dec,LL,LA/LA,A:A,,,,T:T,,G:G,cases,0,0,0,0
CHAKA/01/04/1365,10.88569,Children,Male,Catholic,Pre-primary,Underweight,Muganda,Both parents alive,low socio-economic status,No,mild stress,Was not a premature at birth,Yes,Yes,Stage 1,961,Advanced immune compromised,0,Undetectable,1.3600193,0.71056725,0.649452,Decreased,,LL,LA/LA,A:A,A:A,C:C,A:A,G:G,A:A,G:G,cases,0,0,1,1
CHAKA/01/01/0001,11.66872,Adolescent,Female,Born Again,Pre-primary,Underweight,Non-Munganda but Ugandan,Single parent alive,high socioecnomic status,No,mild stress,Was not a premature at birth,Yes,Yes,Stage 3,1125,Advanced immune compromised,0,Undetectable,1.0854695,1.0383875,0.0470819,Decreased,,SS,,,A:A,C:T,A:A,G:G,A:A,G:G,cases,0,0,0,0
CHAKA/02/01/0084,7.696098,Children,Female,Protestant,Pre-primary,Underweight,Muganda,Single parent alive,low socio-economic status,No,severe stress,I don’t know,Yes,Yes,Stage 3,1207,Advanced immune compromised,10,Suppressed,1.0930705,0.77219639,0.3208742,Decreased,12-Dec,LS,LA/SA,A:A,A:A,T:T,A:A,G:G,A:A,G:G,cases,0,0,1,1
CHAKA/01/09/0602,11.84942,Adolescent,Female,Protestant,Pre-primary,Underweight,Muganda,Single parent alive,high socioecnomic status,No,mild stress,Was not a premature at birth,Yes,Yes,Stage 3,2088,Advanced immune compromised,0,Undetectable,0.81424491,,,,12-Dec,LS,LA/SA,A:A,,C:C,G:A,T:G,A:A,G:G,cases,0,0,0,0
CHAKA/05/08/0370,9.169063,Adolescent,Male,Catholic,Pre-primary,Underweight,Non-Munganda but Ugandan,Both parents alive,low socio-economic status,No,mild stress,Was not a premature at birth,Yes,Yes,Stage 2,1185,Advanced immune compromised,4106,Unsuppressed,0.7702366,0.61407704,0.1561596,Decreased,,LL,LA/LA,A:A,A:A,C:C,G:A,T:G,A:A,G:G,cases,0,0,0,0
CHAKA/03/07/1172,13,Adolescent,Male,Muslim,Pre-primary,Underweight,Muganda,,low socio-economic status,No,severe stress,Was not a premature at birth,Yes,Yes,Stage 3,634,Advanced immune compromised,,,1.2535728,0.56699963,0.6865731,Decreased,10-Dec,LS,LA/SA,A:A,A:A,C:C,G:A,T:G,A:A,G:G,cases,0,0,0,0
CHAKA/05/07/1194,11.63587,Adolescent,Male,Muslim,Pre-primary,Underweight,Muganda,Both parents alive,high socioecnomic status,No,mild stress,Was not a premature at birth,Yes,Yes,Stage 2,424,Possibly immune compromised,128109,Unsuppressed,0.93814763,0.57455897,0.3635887,Decreased,12-Dec,LL,LA/LG,A:G,A:A,C:C,G:A,T:G,A:A,G:G,cases,0,0,0,0
CHAKA/05/05/0877,8.336756,Children,Female,Muslim,Pre-primary,Underweight,Muganda,Both parents alive,low socio-economic status,No,severe stress,Was not a premature at birth,Yes,Yes,Stage 2,1065,Advanced immune compromised,10,Suppressed,1.0795238,0.97657133,0.1029525,Decreased,12-Dec,LS,LA/SA,A:A,G:A,C:C,G:A,T:G,A:A,G:G,cases,0,1,0,1
CHAKA/05/07/1160,,Children,Female,Protestant,Pre-primary,Underweight,Muganda,Single parent alive,low socio-economic status,No,mild stress,Was not a premature at birth,Yes,Yes,Stage 2,984,Advanced immune compromised,10,Suppressed,1.0420705,0.60413435,0.4379361,Decreased,10-Oct,LL,LA/LA,A:A,A:A,C:T,G:A,T:G,A:A,G:G,cases,0,0,0,0
CHAKA/02/09/0691,9.776865,Adolescent,Female,Protestant,Pre-primary,Underweight,Muganda,Both parents alive,high socioecnomic status,No,moderate stress,Was not a premature at birth,Yes,Yes,Stage 1,1110,Advanced immune compromised,10,Suppressed,0.97430385,0.97587558,-0.0015717,Increased,12-Dec,LL,LA/LA,A:A,G:A,C:T,G:A,T:G,A:A,G:G,cases,0,0,0,0
CHAKA/02/01/0026,9.919233,Adolescent,Female,Protestant,Pre-primary,Underweight,Muganda,Both parents alive,low socio-economic status,No,moderate stress,Was not a premature at birth,Yes,Yes,Stage 2,1504,Advanced immune compromised,10,Suppressed,,0.88519082,,,12-Dec,LL,,,,T:T,G:A,T:G,A:A,G:G,cases,0,0,0,0
CHAKA/05/05/0854,6.737851,Children,Male,Muslim,Pre-primary,Underweight,Muganda,Both parents alive,high socioecnomic status,No,moderate stress,Was not a premature at birth,Yes,Yes,Stage 2,1351,Advanced immune compromised,12895,Unsuppressed,1.1072497,0.87388183,0.2333678,Decreased,10-Dec,LL,LA/LA,A:A,A:A,T:T,G:A,T:G,A:A,G:G,cases,0,0,0,0
CHAKA/01/03/0302,7.545517,Children,Male,Catholic,Pre-primary,Underweight,Muganda,Both parents alive,low socio-economic status,No,severe stress,Was not a premature at birth,Yes,No,Stage 2,883,Advanced immune compromised,0,Undetectable,1.2680335,,,,,LL,,,G:A,C:C,G:G,T:T,A:A,G:G,cases,0,1,0,1
CHAKA/01/09/0621,15,Adolescent,Male,Protestant,Pre-primary,Underweight,Muganda,Single parent alive,high socioecnomic status,No,severe stress,Was not a premature at birth,Yes,Yes,Stage 3,63,Normal CD4 range,,,1.4607982,,,,12-Dec,LL,LA/LA,A:A,A:A,C:T,G:G,T:T,A:A,G:G,cases,0,0,0,0
CHAKA/02/02/0226,13,Adolescent,Female,Protestant,Pre-primary,Normal weight,Muganda,Single parent alive,high socioecnomic status,No,severe stress,Was not a premature at birth,Yes,Yes,Stage 3,615,Advanced immune compromised,10,Suppressed,1.1128576,,,,12-Dec,LL,LA/LA,A:A,A:A,C:T,G:G,T:T,A:A,G:G,cases,0,0,1,1
CHAKA/03/07/1128,10.75702,Children,Male,Protestant,Pre-primary,Underweight,Muganda,Both parents alive,high socioecnomic status,No,mild stress,Was not a premature at birth,Yes,Yes,Stage 2,981,Advanced immune compromised,10,Suppressed,1.2268864,0.87476481,0.3521216,Decreased,12-Dec,LS,LA/SA,A:A,A:A,C:T,G:G,T:T,A:A,G:G,cases,0,0,0,0
CHAKA/02/09/0732,5.054072,Children,Male,Catholic,Pre-primary,Underweight,Muganda,Both parents alive,low socio-economic status,No,mild stress,Was not a premature at birth,Yes,No,Stage 2,1729,Advanced immune compromised,10,Suppressed,0.80737777,0.68218964,0.1251881,Decreased,10-Dec,LS,SA/LG,A:G,A:A,C:T,G:G,T:T,A:A,G:G,cases,0,0,0,0
CHAKA/03/08/1291,10.65845,Adolescent,Female,Catholic,Pre-primary,Underweight,Non-Munganda but Ugandan,Both parents alive,low socio-economic status,No,moderate stress,Was not a premature at birth,Yes,Yes,Stage 3,1199,Advanced immune compromised,10,Suppressed,0.41307689,0.73899271,-0.3259158,Increased,12-Dec,LS,LA/SA,A:A,G:A,C:T,G:G,T:T,A:A,G:G,cases,0,0,0,0
CHAKA/02/03/0407,7.600274,Adolescent,Female,Protestant,Pre-primary,Underweight,Muganda,Single parent alive,high socioecnomic status,No,moderate stress,I don’t know,Yes,Yes,Stage 2,1047,Advanced immune compromised,10,Suppressed,0.74346881,0.66888962,0.0745792,Decreased,12-Dec,LL,LA/LA,A:A,G:G,C:T,G:G,T:T,A:A,G:G,cases,0,0,0,0
CHAKA/01/04/0569,17,Adolescent,Female,Catholic,Secondary level,Overweight,Muganda,,high socioecnomic status,No,mild stress,Was not a premature at birth,Yes,Yes,Stage 1,360,Possibly immune compromised,,,1.3754049,,,,10-Dec,LL,LA/LA,A:A,A:A,T:T,G:G,T:T,A:A,G:G,cases,0,0,1,1
CHAKA/02/02/0263,9.927447,Adolescent,Female,Catholic,Pre-primary,Underweight,Muganda,Both parents dead,low socio-economic status,No,severe stress,Was not a premature at birth,Yes,Yes,Stage 2,940,Advanced immune compromised,0,Undetectable,1.3694936,1.0477214,0.3217722,Decreased,10-Oct,LS,LA/SA,A:A,A:A,C:C,G:A,,G:A,G:G,cases,0,0,0,0
CHAKA/02/01/0031,11.03354,Adolescent,Female,Catholic,Pre-primary,Underweight,Non-Munganda but Ugandan,Single parent alive,low socio-economic status,No,moderate stress,Was not a premature at birth,Yes,Yes,Stage 1,1396,Advanced immune compromised,45,Suppressed,2.0858579,1.173718,0.91214,Decreased,10-Dec,LS,LA/SA,A:A,A:A,,G:A,G:G,G:A,G:G,cases,0,0,1,1
CHAKA/03/07/1134,8.681725,Children,Female,Born Again,Pre-primary,Underweight,Muganda,Single parent alive,high socioecnomic status,No,mild stress,I don’t know,Yes,Yes,Stage 1,885,Advanced immune compromised,0,Undetectable,1.1803874,1.5326335,-0.3522462,Increased,10-Dec,LL,LA/LA,A:A,,C:C,G:A,G:G,G:A,G:G,cases,0,0,0,0
CHAKA/03/08/1226,,Adolescent,Female,Catholic,Pre-primary,Underweight,Muganda,Single parent alive,high socioecnomic status,No,mild stress,Was not a premature at birth,Yes,Yes,Stage 2,1069,Advanced immune compromised,27421,Unsuppressed,1.0746987,0.98828856,0.0864101,Decreased,12-Dec,LS,SA/LG,A:G,A:A,C:C,G:A,G:G,G:A,G:G,cases,0,0,0,0
CHAKA/02/02/0279,10.08898,Adolescent,Female,Catholic,Pre-primary,Underweight,Non-Munganda but Ugandan,Both parents dead,high socioecnomic status,No,mild stress,Was not a premature at birth,Yes,Yes,Stage 3,872,Advanced immune compromised,0,Undetectable,1.1883627,0.93016046,0.2582023,Decreased,10-Oct,LL,LG/LG,G:G,A:A,C:C,G:A,G:G,G:A,G:G,cases,0,0,0,0
CHAKA/05/05/0876,10.15469,Adolescent,Male,Protestant,Pre-primary,Underweight,Non-Munganda but Ugandan,Single parent alive,low socio-economic status,No,mild stress,Was not a premature at birth,Yes,Yes,Stage 2,174,Normal CD4 range,16439,Unsuppressed,0.85556197,0.73860559,0.1169564,Decreased,12-Dec,LL,LA/LA,A:A,G:A,C:C,G:A,G:G,G:A,G:G,cases,0,0,0,0
CHAKA/01/09/0609,12,Adolescent,Male,Protestant,Pre-primary,Underweight,Muganda,Both parents dead,high socioecnomic status,No,severe stress,Was not a premature at birth,Yes,Yes,Stage 1,816,Advanced immune compromised,10,Suppressed,,,,,10-Dec,LL,LA/LA,A:A,,C:T,G:A,G:G,G:A,G:G,cases,0,0,0,0
CHAKA/02/02/0246,6.236824,Children,Female,Catholic,Pre-primary,Normal weight,Muganda,Both parents alive,high socioecnomic status,No,mild stress,Was not a premature at birth,Yes,Yes,Stage 2,983,Advanced immune compromised,0,Undetectable,1.3045388,2.0968407,-0.792302,Increased,12-Dec,LS,SA/LG,A:G,,C:T,G:A,G:G,G:A,G:G,cases,0,0,0,0
CHAKA/03/08/1243,8.202601,Adolescent,Male,Muslim,Pre-primary,Underweight,Muganda,Both parents alive,high socioecnomic status,No,mild stress,Was not a premature at birth,Yes,Yes,Stage 3,668,Advanced immune compromised,0,Undetectable,1.6128089,0.93851938,0.6742895,Decreased,10-Dec,LL,LA/LA,A:A,A:A,C:T,G:A,G:G,G:A,G:G,cases,0,0,0,0
CHAKA/05/05/0855,14,Adolescent,Female,Catholic,Secondary level,Normal weight,Muganda,Both parents alive,high socioecnomic status,No,severe stress,Was not a premature at birth,No,Yes,Stage 2,534,Advanced immune compromised,,,,0.89773447,,,12-Dec,LS,LA/SA,A:A,A:A,C:T,G:A,G:G,G:A,G:G,cases,0,0,0,0
CHAKA/03/08/1263,10.98699,Children,Male,Catholic,Pre-primary,Underweight,Muganda,Both parents alive,low socio-economic status,No,moderate stress,Was not a premature at birth,I don’t know,Yes,Stage 3,637,Advanced immune compromised,61,Suppressed,1.1291886,0.81121266,0.317976,Decreased,10-Dec,LL,LA/LG,A:G,A:A,C:T,G:A,G:G,G:A,G:G,cases,0,0,0,0
CHAKA/01/04/0548,10.71869,Adolescent,Male,Catholic,Pre-primary,Normal weight,Muganda,Both parents alive,high socioecnomic status,No,severe stress,Was not a premature at birth,Yes,Yes,Stage 1,921,Advanced immune compromised,0,Undetectable,1.1689654,,,,12-Dec,LL,LA/LG,A:G,A:A,C:T,G:A,G:G,G:A,G:G,cases,0,0,0,0
CHAKA/03/07/1147,15,Adolescent,Female,Born Again,Secondary level,Underweight,Muganda,Single parent alive,low socio-economic status,No,mild stress,Was not a premature at birth,Yes,Yes,Stage 3,571,Advanced immune compromised,82,Suppressed,1.64882,0.86529097,0.783529,Decreased,12-Dec,LL,LA/LA,A:A,A:A,C:C,G:A,T:G,G:A,G:G,cases,0,0,0,0
CHAKA/02/01/0036,9.765914,Adolescent,Female,Catholic,Pre-primary,Underweight,Muganda,Both parents alive,low socio-economic status,No,moderate stress,Was not a premature at birth,Yes,Yes,Stage 2,2091,Advanced immune compromised,0,Undetectable,1.2359664,0.88780291,0.3481635,Decreased,,SS,SA/SA,A:A,A:A,C:C,G:A,T:G,G:A,G:G,cases,0,0,0,0
CHAKA/02/01/0055,13.78782,Adolescent,Male,Catholic,Pre-primary,Underweight,Non-Munganda but Ugandan,Single parent alive,high socioecnomic status,No,moderate stress,Was not a premature at birth,Yes,Yes,Stage 2,321,Normal CD4 range,,,0.84933623,0.8249668,0.0243694,Decreased,10-Dec,LL,LA/LG,A:G,A:A,C:T,G:A,T:G,G:A,G:G,cases,0,0,0,0
CHAKA/03/07/1121,12,Adolescent,Female,Protestant,Pre-primary,Underweight,Non-Munganda but Ugandan,Both parents alive,low socio-economic status,No,severe stress,Was not a premature at birth,Yes,Yes,Stage 3,712,Advanced immune compromised,838,Suppressed,1.1054219,1.1380863,-0.0326645,Increased,12-Dec,LL,LA/LG,A:G,A:A,C:T,G:A,T:G,G:A,G:G,cases,0,0,0,0
CHAKA/05/05/0900,8.873374,Children,Female,Catholic,Pre-primary,Underweight,Muganda,Single parent alive,high socioecnomic status,No,mild stress,Was not a premature at birth,I don’t know,Yes,Stage 2,1638,Advanced immune compromised,,,1.0219394,0.92122987,0.1007095,Decreased,12-Dec,LL,LA/LG,A:G,G:A,C:T,G:A,T:G,G:A,G:G,cases,0,0,0,0
CHAKA/05/07/1176,,Children,Female,Catholic,Pre-primary,Underweight,Muganda,Both parents alive,high socioecnomic status,No,mild stress,Was not a premature at birth,Yes,Yes,Stage 2,1905,Advanced immune compromised,10,Suppressed,1.6401677,1.2106489,0.4295188,Decreased,12-Dec,LL,LA/LG,A:G,G:A,C:T,G:A,T:G,G:A,G:G,cases,0,0,0,0
CHAKA/03/07/1180,16,Adolescent,Female,Muslim,Secondary level,Underweight,Muganda,Single parent alive,high socioecnomic status,No,moderate stress,Was not a premature at birth,Yes,Yes,Stage 2,257,Normal CD4 range,7652,Unsuppressed,0.1120963,0.82237118,-0.7102749,Increased,12-Dec,LL,LA/LG,A:G,A:A,T:T,G:A,T:G,G:A,G:G,cases,0,0,0,0
CHAKA/01/04/0540,8.752909,Children,Male,Muslim,Pre-primary,Underweight,Non-Munganda but Ugandan,Single parent alive,high socioecnomic status,No,severe stress,Was not a premature at birth,Yes,No,Stage 1,927,Advanced immune compromised,13210,Unsuppressed,,0.19117871,,,10-Dec,LL,LA/LA,A:A,A:A,C:C,G:G,T:G,G:A,G:G,cases,0,0,0,0
CHAKA/01/02/0153,11.6961,Adolescent,Female,Muslim,Pre-primary,Underweight,Muganda,Both parents alive,high socioecnomic status,No,moderate stress,Was not a premature at birth,Yes,Yes,Stage 3,1080,Advanced immune compromised,0,Undetectable,1.1317683,0.90336472,0.2284036,Decreased,12-Dec,LL,LA/LA,A:A,A:A,C:C,G:G,T:G,G:A,G:G,cases,0,0,1,1
CHAKA/03/06/0924,10.1629,Adolescent,Female,Catholic,Pre-primary,Underweight,Muganda,Both parents alive,low socio-economic status,No,severe stress,Was not a premature at birth,Yes,Yes,Stage 2,54,Normal CD4 range,38874,Unsuppressed,,0.62714246,,,12-Dec,LL,LA/LA,A:A,A:A,C:C,G:G,T:G,G:A,G:G,cases,0,0,1,1
CHAKA/03/07/1157,8.33128,Children,Female,Muslim,Pre-primary,Underweight,Muganda,Both parents alive,low socio-economic status,No,mild stress,Was not a premature at birth,Yes,Yes,Stage 3,1222,Advanced immune compromised,156,Suppressed,1.3160513,0.9146027,0.4014486,Decreased,12-Dec,LL,LA/LA,A:A,A:A,C:C,G:G,T:G,G:A,G:G,cases,0,0,0,0
CHAKA/03/08/1294,11.76181,Adolescent,Male,Catholic,Pre-primary,Underweight,Muganda,Both parents alive,low socio-economic status,No,moderate stress,Was not a premature at birth,Yes,Yes,Stage 2,959,Advanced immune compromised,10,Suppressed,1.9637763,0.91142345,1.052353,Decreased,12-Dec,LL,LA/LA,A:A,A:A,C:C,G:G,T:G,G:A,G:G,cases,0,0,0,0
CHAKA/03/06/1026,16.01643,Adolescent,Female,Catholic,Secondary level,Normal weight,Muganda,Both parents alive,high socioecnomic status,Yes,mild stress,Was not a premature at birth,Yes,Yes,Stage 3,494,Possibly immune compromised,,,1.0240567,1.0099119,0.0141447,Decreased,12-Dec,LL,LA/LA,A:A,G:A,C:C,G:G,T:G,G:A,G:G,cases,0,1,0,1
CHAKA/03/05/0816,5.015743,Children,Male,Catholic,Pre-primary,Underweight,Muganda,Both parents alive,high socioecnomic status,No,mild stress,Was not a premature at birth,Yes,Yes,Stage 1,2259,Advanced immune compromised,0,Undetectable,1.352015,0.76863302,0.583382,Decreased,10-Dec,LS,LA/SA,A:A,G:A,C:C,G:G,T:G,G:A,G:G,cases,0,0,0,0
CHAKA/01/02/0173,9.519507,Adolescent,Male,Born Again,Pre-primary,Underweight,Non-Munganda but Ugandan,Both parents alive,high socioecnomic status,No,mild stress,Was not a premature at birth,Yes,Yes,Stage 3,540,Advanced immune compromised,0,Undetectable,1.7348327,0.85578735,0.8790454,Decreased,10-Dec,LL,LA/LA,A:A,A:A,C:T,G:G,T:G,G:A,G:G,cases,0,0,1,1
CHAKA/01/02/0175,12,Adolescent,Male,Catholic,Pre-primary,Underweight,Muganda,Both parents alive,high socioecnomic status,No,severe stress,Was not a premature at birth,Yes,Yes,Stage 3,922,Advanced immune compromised,0,Undetectable,1.345983,0.57433734,0.7716457,Decreased,10-Dec,LL,LA/LA,A:A,A:A,C:T,G:G,T:G,G:A,G:G,cases,0,0,0,0
CHAKA/01/03/0328,13,Adolescent,Male,Catholic,Pre-primary,Underweight,Non-Munganda but Ugandan,Both parents alive,high socioecnomic status,No,severe stress,Was not a premature at birth,Yes,Yes,Stage 3,1114,Advanced immune compromised,0,Undetectable,1.20008,,,,12-Dec,LL,LA/LA,A:A,A:A,C:T,G:G,T:G,G:A,G:G,cases,0,0,0,0
CHAKA/05/05/0880,5.760438,Children,Female,Catholic,Pre-primary,Underweight,Muganda,Both parents alive,low socio-economic status,No,mild stress,Was not a premature at birth,Yes,Yes,Stage 2,1999,Advanced immune compromised,620,Suppressed,1.2557656,1.1030741,0.1526915,Decreased,12-Dec,LL,LA/LA,A:A,A:A,C:T,G:G,T:G,G:A,G:G,cases,0,0,0,0
CHAKA/05/05/0847,5.045859,Children,Male,Catholic,Pre-primary,Underweight,Muganda,Single parent alive,low socio-economic status,No,severe stress,Was not a premature at birth,Yes,Yes,Stage 3,1497,Advanced immune compromised,0,Undetectable,,0.93686942,,,10-Dec,LL,LA/LG,A:G,A:A,C:T,G:G,T:G,G:A,G:G,cases,0,0,1,1
CHAKA/01/02/0182,13,Adolescent,Male,Catholic,Pre-primary,Obesity,Muganda,Both parents dead,high socioecnomic status,No,severe stress,I don’t know,Yes,Yes,Stage 2,1309,Advanced immune compromised,,,,0.82794321,,,10-Dec,LL,LA/LA,A:A,G:A,T:T,G:G,T:G,G:A,G:G,cases,0,0,0,0
CHAKA/02/04/0458,9.735797,Adolescent,Female,Catholic,Pre-primary,Underweight,Muganda,Both parents alive,low socio-economic status,No,moderate stress,Was not a premature at birth,Yes,Yes,Stage 1,1377,Advanced immune compromised,0,Undetectable,1.2383284,0.94350233,0.294826,Decreased,12-Dec,LL,LA/LA,A:A,A:A,C:C,G:G,T:T,G:A,G:G,cases,0,0,0,0
CHAKA/04/07/1140,,Adolescent,Male,Catholic,Pre-primary,Underweight,Muganda,Single parent alive,low socio-economic status,No,mild stress,Was not a premature at birth,Yes,Yes,Stage 2,1172,Advanced immune compromised,0,Undetectable,1.2022266,0.76757526,0.4346513,Decreased,10-Dec,LL,,,A:A,C:C,G:G,T:T,G:A,G:G,cases,0,0,0,0
CHAKA/02/01/0111,13.29774,Adolescent,Male,Catholic,Pre-primary,Underweight,Muganda,Single parent alive,high socioecnomic status,Yes,mild stress,Was not a premature at birth,Yes,No,Stage 2,322,Normal CD4 range,56787,Unsuppressed,1.5536578,2.0138435,-0.4601856,Increased,12-Dec,LS,LA/SA,A:A,A:A,C:T,G:G,T:T,G:A,G:G,cases,0,0,0,0
CHAKA/05/08/1345,,Adolescent,Female,Catholic,Pre-primary,Underweight,Muganda,Both parents alive,low socio-economic status,No,mild stress,Was not a premature at birth,Yes,Yes,Stage 2,506,Advanced immune compromised,0,Undetectable,0.90199822,0.7929797,0.1090185,Decreased,10-Oct,SS,SA/SA,A:A,G:A,C:T,G:G,T:T,G:A,G:G,cases,0,0,0,0
CHAKA/02/01/0062,16.06297,Adolescent,Male,Muslim,Secondary level,Normal weight,Muganda,Both parents alive,low socio-economic status,No,severe stress,Was not a premature at birth,Yes,Yes,Stage 2,673,Advanced immune compromised,,,1.3537934,1.3585269,-0.0047336,Increased,12-Dec,LL,LA/LG,A:G,G:A,C:T,G:G,T:T,G:A,G:G,cases,0,0,0,0
CHAKA/02/04/0497,9.626284,Adolescent,Female,Born Again,Pre-primary,Underweight,Muganda,Both parents alive,high socioecnomic status,No,severe stress,Was not a premature at birth,Yes,Yes,Stage 2,1057,Advanced immune compromised,0,Undetectable,,0.62739898,,,12-Dec,LL,LA/LG,A:G,G:A,C:T,G:G,T:T,G:A,G:G,cases,0,0,0,0
CHAKA/03/07/1077,7.408624,Children,Male,Muslim,Pre-primary,Underweight,Non-Munganda but Ugandan,Both parents alive,high socioecnomic status,No,mild stress,Was not a premature at birth,Yes,Yes,Stage 4,850,Advanced immune compromised,10,Suppressed,1.3432555,,,,10-Dec,LL,LA/LA,A:A,A:A,T:T,G:G,T:T,G:A,G:G,cases,0,0,0,0
CHAKA/01/03/0311,11.48802,Adolescent,Female,Catholic,Pre-primary,Normal weight,Muganda,Both parents alive,low socio-economic status,No,severe stress,Was not a premature at birth,Yes,Yes,Stage 3,839,Advanced immune compromised,0,Undetectable,1.7668497,0.58514692,1.181703,Decreased,10-Oct,LL,LA/LA,A:A,G:A,T:T,G:G,T:T,G:A,G:G,cases,0,0,0,0
CHAKA/02/03/0383,14,Adolescent,Male,Catholic,Pre-primary,Underweight,Muganda,Both parents alive,low socio-economic status,No,mild stress,Was not a premature at birth,Yes,Yes,Stage 2,597,Advanced immune compromised,0,Undetectable,,0.88404543,,,10-Dec,LL,LA/LA,A:A,A:A,C:C,G:A,G:G,G:G,G:G,cases,0,0,0,0
CHAKA/02/01/0065,9.305955,Adolescent,Male,Born Again,Pre-primary,Underweight,Muganda,Both parents alive,low socio-economic status,No,mild stress,Was not a premature at birth,Yes,Yes,Stage 1,920,Advanced immune compromised,296224,Unsuppressed,0.94356381,,,,10-Dec,LS,SA/LG,A:G,,C:T,G:A,G:G,G:G,G:G,cases,0,0,0,0
CHAKA/04/05/0785,13,Adolescent,Male,Catholic,Pre-primary,Underweight,Muganda,Single parent alive,high socioecnomic status,No,severe stress,Was not a premature at birth,Yes,Yes,Stage 2,2294,Advanced immune compromised,,,1.263339,0.62573869,0.6376003,Decreased,10-Dec,LS,SA/LG,A:G,A:A,C:T,G:A,G:G,G:G,G:G,cases,0,1,0,1
CHAKA/01/03/0332,6.696783,Children,Male,Catholic,Pre-primary,Underweight,Muganda,Both parents alive,high socioecnomic status,No,severe stress,Was not a premature at birth,Yes,Yes,Stage 2,237,Normal CD4 range,286834,Unsuppressed,1.6029898,,,,10-Dec,LS,LA/SA,A:A,A:A,T:T,G:A,G:G,G:G,G:G,cases,0,0,0,0
CHAKA/01/09/0625,15,Children,Female,Catholic,Secondary level,Normal weight,Muganda,Both parents alive,high socioecnomic status,No,severe stress,I don’t know,Yes,Yes,Stage 1,496,Possibly immune compromised,,,1.0706123,0.62795663,0.4426557,Decreased,10-Dec,LS,LA/SA,A:A,A:A,C:C,G:G,G:G,G:G,G:G,cases,0,0,0,0
CHAKA/03/07/1093,10.98699,Adolescent,Female,Muslim,Pre-primary,Underweight,Non-Ugandan,Both parents alive,low socio-economic status,No,moderate stress,Was not a premature at birth,Yes,Yes,Stage 3,1237,Advanced immune compromised,10,Suppressed,1.2000132,0.94172567,0.2582875,Decreased,10-Dec,LS,LA/SA,A:A,A:A,C:C,G:G,G:G,G:G,G:G,cases,0,0,0,0
CHAKA/01/03/0319,12,Adolescent,Male,Born Again,Pre-primary,Underweight,Non-Munganda but Ugandan,Both parents alive,high socioecnomic status,No,mild stress,I don’t know,Yes,Yes,Stage 3,172,Normal CD4 range,101523,Unsuppressed,1.7941053,0.29745948,1.496646,Decreased,12-Dec,LL,LA/LA,A:A,G:A,C:C,G:G,G:G,G:G,G:G,cases,0,0,0,0
CHAKA/01/02/0343,5.322382,Children,Male,Catholic,Pre-primary,Underweight,Muganda,Both parents alive,high socioecnomic status,No,moderate stress,Was not a premature at birth,Yes,Yes,Stage 2,1401,Advanced immune compromised,21,Suppressed,2.1302821,0.99594865,1.134333,Decreased,10-Dec,LL,LA/LG,A:G,A:A,C:T,G:G,G:G,G:G,G:G,cases,0,0,0,0
CHAKA/02/02/0285,14,Adolescent,Female,Catholic,Secondary level,Normal weight,Muganda,Single parent alive,high socioecnomic status,No,severe stress,Was not a premature at birth,Yes,Yes,Stage 3,638,Advanced immune compromised,,,0.85926978,0.96993268,-0.1106629,Increased,12-Dec,LL,LA/LA,A:A,G:A,C:C,G:A,T:G,G:G,G:G,cases,0,0,0,0
CHAKA/03/05/0796,8.605065,Children,Female,Protestant,Pre-primary,Underweight,Muganda,Both parents alive,high socioecnomic status,No,severe stress,Was not a premature at birth,Yes,Yes,Stage 2,730,Advanced immune compromised,10,Suppressed,1.7153553,,,,10-Dec,LS,LA/SA,A:A,A:A,C:C,G:G,T:G,G:G,G:G,cases,0,1,0,1
CHAKA/01/04/0559,14,Adolescent,Male,Protestant,Pre-primary,Underweight,Muganda,Single parent alive,high socioecnomic status,,severe stress,Was not a premature at birth,Yes,Yes,Stage 2,578,Advanced immune compromised,10,Suppressed,1.040741,0.8712315,0.1695095,Decreased,10-Dec,LS,SA/LG,A:G,A:A,C:C,G:G,T:G,G:G,G:G,cases,0,0,0,0
CHAKA/05/05/0839,11.9206,Adolescent,Female,Protestant,Pre-primary,Normal weight,Muganda,Single parent alive,high socioecnomic status,No,mild stress,Was not a premature at birth,Yes,Yes,Stage 2,1607,Advanced immune compromised,0,Undetectable,1.3584493,,,,12-Dec,LS,SA/LG,A:G,A:A,C:C,G:G,T:G,G:G,G:G,cases,0,0,1,1
CHAKA/03/08/1208,8.952772,Children,Male,Catholic,Pre-primary,Underweight,Non-Munganda but Ugandan,Both parents alive,low socio-economic status,No,moderate stress,Was not a premature at birth,Yes,Yes,Stage 3,14,Normal CD4 range,71247,Unsuppressed,2.0851939,0.72390744,1.361287,Decreased,10-Dec,LL,LG/LG,G:G,A:A,C:C,G:G,T:G,G:G,G:G,cases,0,0,0,0
CHAKA/01/02/0344,10.11088,Adolescent,Male,Muslim,Pre-primary,Underweight,Muganda,Both parents alive,high socioecnomic status,No,severe stress,Was not a premature at birth,Yes,Yes,Stage 2,1365,Advanced immune compromised,1307,Unsuppressed,1.0641507,0.79342508,0.2707256,Decreased,10-Dec,SS,SA/SA,A:A,G:A,C:C,G:G,T:G,G:G,G:G,cases,0,1,1,1
CHAKA/02/09/0692,6.091718,Children,Female,Protestant,Pre-primary,Underweight,Muganda,Both parents alive,high socioecnomic status,No,severe stress,Was not a premature at birth,Yes,Yes,Stage 1,1673,Advanced immune compromised,61,Suppressed,0.16284101,0.40634118,-0.2435002,Increased,10-Dec,LS,SA/LG,A:G,G:A,C:C,G:G,T:G,G:G,G:G,cases,0,0,0,0
CHAKA/01/02/0225,9.226557,Adolescent,Male,Muslim,Pre-primary,Underweight,Muganda,Both parents dead,high socioecnomic status,No,mild stress,Was not a premature at birth,Yes,Yes,Stage 2,1090,Advanced immune compromised,0,Undetectable,,0.7357,,,10-Dec,LS,LA/SA,A:A,A:A,C:T,G:G,T:G,G:G,G:G,cases,0,0,0,0
CHAKA/02/02/0282,9.675565,Adolescent,Male,Protestant,Pre-primary,Underweight,Muganda,Single parent alive,high socioecnomic status,No,moderate stress,Was not a premature at birth,Yes,Yes,Stage 3,1001,Advanced immune compromised,0,Undetectable,1.5110606,1.7828418,-0.2717812,Increased,12-Dec,LL,LA/LG,A:G,A:A,C:T,G:G,T:G,G:G,G:G,cases,0,0,1,1
CHAKA/03/07/1132,8.043806,Children,Female,Catholic,Pre-primary,Underweight,Muganda,Both parents alive,high socioecnomic status,No,mild stress,Was not a premature at birth,Yes,Yes,Stage 2,831,Advanced immune compromised,0,Undetectable,,0.8390426,,,12-Dec,LL,LA/LA,A:A,A:A,T:T,G:G,T:G,G:G,G:G,cases,0,0,0,0
CHAKA/02/02/0160,7.904175,Children,Male,Muslim,Pre-primary,Underweight,Muganda,Both parents alive,high socioecnomic status,No,mild stress,Was not a premature at birth,Yes,Yes,Stage 2,76,Normal CD4 range,596152,Unsuppressed,0.70629912,0.68509085,0.0212083,Decreased,12-Dec,LL,LA/LA,A:A,G:A,T:T,G:G,T:G,G:G,G:G,cases,0,0,0,0
CHAKA/01/09/0644,13,Adolescent,Male,Muslim,Secondary level,Normal weight,Non-Munganda but Ugandan,Both parents alive,high socioecnomic status,No,moderate stress,Was not a premature at birth,Yes,Yes,Stage 3,461,Possibly immune compromised,,,1.0190981,1.2547657,-0.2356676,Increased,12-Dec,LS,SA/LG,A:G,A:A,C:C,G:G,T:T,G:G,G:G,cases,0,0,0,0
CHAKA/03/07/1051,13,Children,Female,Born Again,Pre-primary,Underweight,Muganda,Single parent alive,low socio-economic status,No,severe stress,Was not a premature at birth,Yes,Yes,Stage 3,559,Advanced immune compromised,0,Undetectable,0.76569744,0.98689538,-0.2211979,Increased,12-Dec,SS,SA/SA,A:A,G:G,C:C,G:G,T:T,G:G,G:G,cases,0,1,0,1
CHAKA/03/05/0788,6.017796,Children,Female,Catholic,Pre-primary,Normal weight,Muganda,Both parents alive,high socioecnomic status,No,moderate stress,Was not a premature at birth,Yes,Yes,Stage 2,2419,Advanced immune compromised,20878,Unsuppressed,1.241979,0.90534967,0.3366293,Decreased,12-Dec,LL,LA/LA,A:A,A:A,C:T,G:G,T:T,G:G,G:G,cases,0,0,0,0
CHAKA/05/05/0505,9.193703,Adolescent,Female,Catholic,Pre-primary,Underweight,Muganda,Both parents alive,low socio-economic status,No,severe stress,Was not a premature at birth,Yes,Yes,Stage 1,1167,Advanced immune compromised,0,Undetectable,0.75480993,0.68288825,0.0719217,Decreased,12-Dec,LS,LA/SA,A:A,A:A,C:T,G:G,T:T,G:G,G:G,cases,0,0,0,0
CHAKA/05/07/1195,13,Adolescent,Male,Catholic,Pre-primary,Overweight,Muganda,Single parent alive,low socio-economic status,No,severe stress,Was not a premature at birth,Yes,Yes,Stage 2,747,Advanced immune compromised,,,,0.69231819,,,12-Dec,LS,LA/SA,A:A,A:A,C:T,G:G,T:T,G:G,G:G,cases,0,0,0,0
CHAKA/02/09/0748,7.969883,Children,Male,SDA,Pre-primary,Underweight,Muganda,Both parents dead,low socio-economic status,No,moderate stress,Was not a premature at birth,Yes,Yes,Stage 2,1220,Advanced immune compromised,24,Suppressed,1.5267079,0.69689694,0.8298109,Decreased,10-Dec,LL,LA/LG,A:G,G:A,T:T,G:G,T:T,G:G,G:G,cases,0,0,1,1
CHAKA/01/04/0575,17,Adolescent,Male,Catholic,Secondary level,Normal weight,Muganda,Single parent alive,high socioecnomic status,No,mild stress,Was not a premature at birth,Yes,Yes,Stage 1,776,Advanced immune compromised,0,Undetectable,,,,,,,,,,,,,,G:G,cases,0,0,1,1
CHAKA/02/04/0462,15,Adolescent,Female,Protestant,Pre-primary,Normal weight,Non-Munganda but Ugandan,Both parents alive,high socioecnomic status,No,severe stress,Was not a premature at birth,Yes,Yes,Stage 1,659,Advanced immune compromised,10,Suppressed,1.0723456,1.0916729,-0.0193273,Increased,10-Dec,LL,LA/LG,A:G,,,,,,T:G,cases,0,0,0,0
CHAKA/03/06/0923,11.24709,Adolescent,Female,Born Again,Pre-primary,Underweight,Muganda,Single parent alive,low socio-economic status,No,severe stress,Was not a premature at birth,Yes,Yes,Stage 3,490,Possibly immune compromised,186,Suppressed,1.101223,0.90499487,0.1962282,Decreased,12-Dec,LL,LA/LA,A:A,,C:T,G:G,G:G,,T:G,cases,0,0,1,1
CHAKA/02/02/0235,12,Adolescent,Female,Catholic,Pre-primary,Underweight,Non-Munganda but Ugandan,Both parents alive,high socioecnomic status,No,severe stress,I don’t know,Yes,Yes,Stage 2,395,Possibly immune compromised,10273,Unsuppressed,,1.0251996,,,12-Dec,LL,LA/LA,A:A,,T:T,G:G,T:T,,T:G,cases,0,1,1,1
CHAKA/05/07/1191,,Children,Female,Muslim,Pre-primary,Underweight,Muganda,Single parent alive,high socioecnomic status,No,mild stress,Was not a premature at birth,Yes,Yes,Stage 2,714,Advanced immune compromised,157,Suppressed,0.65012793,0.57746281,0.0726651,Decreased,12-Dec,LS,LA/SA,A:A,A:A,C:T,G:A,,A:A,T:G,cases,0,0,0,0
CHAKA/03/05/0772,13,Adolescent,Female,Catholic,Pre-primary,Normal weight,Muganda,Both parents alive,high socioecnomic status,No,moderate stress,Was not a premature at birth,Yes,Yes,Stage 2,369,Possibly immune compromised,24015,Unsuppressed,,0.40095162,,,10-Dec,LS,SA/LG,A:G,,T:T,G:A,,A:A,T:G,cases,0,0,0,0
CHAKA/05/08/1350,14,Adolescent,Male,Muslim,Secondary level,Underweight,Muganda,Both parents alive,low socio-economic status,No,mild stress,Was not a premature at birth,Yes,Yes,Stage 3,288,Normal CD4 range,4234,Unsuppressed,,0.87138529,,,,LS,LA/SA,A:A,,T:T,,G:G,A:A,T:G,cases,0,0,0,0
CHAKA/02/03/0406,9.713895,Adolescent,Male,Muslim,Pre-primary,Underweight,Muganda,Both parents alive,low socio-economic status,No,mild stress,Was not a premature at birth,Yes,Yes,Stage 2,1347,Advanced immune compromised,0,Undetectable,1.1719811,0.76931321,0.4026679,Decreased,12-Dec,LS,LA/SA,A:A,A:A,C:C,A:A,G:G,A:A,T:G,cases,0,0,1,1
CHAKA/02/01/0135,8.602327,Children,Female,Protestant,Pre-primary,Underweight,Muganda,Single parent alive,high socioecnomic status,No,mild stress,Was not a premature at birth,Yes,Yes,Stage 2,922,Advanced immune compromised,10,Suppressed,1.3671119,1.1174014,0.2497104,Decreased,10-Dec,LS,SA/LG,A:G,A:A,C:C,A:A,G:G,A:A,T:G,cases,0,0,1,1
CHAKA/02/01/0117,9.998631,Adolescent,Male,Protestant,Pre-primary,Underweight,Muganda,Both parents alive,high socioecnomic status,No,mild stress,Was not a premature at birth,Yes,Yes,Stage 2,163,Normal CD4 range,217704,Unsuppressed,1.3254848,0.64026632,0.6852185,Decreased,12-Dec,LS,LA/SA,A:A,A:A,C:T,A:A,G:G,A:A,T:G,cases,0,0,0,0
CHAKA/05/05/0888,11.64682,Adolescent,Male,Catholic,Pre-primary,Underweight,Muganda,Both parents alive,high socioecnomic status,No,severe stress,Was not a premature at birth,I don’t know,Yes,Stage 2,934,Advanced immune compromised,93,Suppressed,0.64678259,0.91772078,-0.2709382,Increased,10-Dec,SS,SA/SA,A:A,A:A,C:T,A:A,G:G,A:A,T:G,cases,0,1,1,1
CHAKA/01/01/0002,15,Adolescent,Male,Protestant,Pre-primary,Normal weight,Non-Munganda but Ugandan,Single parent alive,low socio-economic status,Yes,severe stress,Was not a premature at birth,Yes,Yes,Stage 3,559,Advanced immune compromised,33276,Unsuppressed,1.2063842,,,,12-Dec,SS,SA/SA,A:A,A:A,C:T,A:A,G:G,A:A,T:G,cases,0,0,0,0
CHAKA/01/04/0557,14,Adolescent,Male,Protestant,Pre-primary,Normal weight,Non-Munganda but Ugandan,Both parents dead,high socioecnomic status,No,severe stress,Was not a premature at birth,Yes,Yes,Stage 1,611,Advanced immune compromised,10,Suppressed,1.512054,0.81930356,0.6927505,Decreased,12-Dec,LL,LA/LG,A:G,A:A,T:T,A:A,G:G,A:A,T:G,cases,0,0,1,1
CHAKA/01/04/0586,14,Adolescent,Female,Born Again,Secondary level,Normal weight,Non-Munganda but Ugandan,Both parents alive,low socio-economic status,No,severe stress,Was not a premature at birth,Yes,Yes,Stage 2,415,Possibly immune compromised,944,Suppressed,1.0958938,1.0608749,0.0350189,Decreased,12-Dec,LS,LA/SG,A:G,A:A,T:T,A:A,G:G,A:A,T:G,cases,0,0,0,0
CHAKA/02/02/0238,6.392881,Children,Male,Born Again,Pre-primary,Normal weight,Muganda,Both parents alive,high socioecnomic status,No,severe stress,Was not a premature at birth,Yes,Yes,Stage 1,870,Advanced immune compromised,0,Undetectable,1.2025261,0.43241902,0.7701071,Decreased,12-Dec,LL,LA/LA,A:A,,C:C,G:A,T:G,A:A,T:G,cases,0,0,0,0
CHAKA/02/03/0389,14,Adolescent,Female,Born Again,Pre-primary,Underweight,Muganda,Single parent alive,low socio-economic status,No,severe stress,Was not a premature at birth,Yes,Yes,Stage 3,729,Advanced immune compromised,20,Suppressed,1.6266861,,,,12-Dec,LL,LA/LA,A:A,A:A,C:C,G:A,T:G,A:A,T:G,cases,0,0,0,0
CHAKA/01/02/0188,14,Adolescent,Female,Born Again,Pre-primary,Underweight,Muganda,Both parents dead,high socioecnomic status,No,severe stress,Was not a premature at birth,Yes,Yes,Stage 3,234,Normal CD4 range,,,1.1762558,,,,12-Dec,LS,LA/SA,A:A,A:A,C:C,G:A,T:G,A:A,T:G,cases,0,0,0,0
CHAKA/02/02/0229,6.992471,Children,Male,Catholic,Pre-primary,Underweight,Muganda,Both parents alive,high socioecnomic status,No,moderate stress,Was not a premature at birth,Yes,Yes,Stage 2,2606,Advanced immune compromised,21,Suppressed,1.0140125,0.9043549,0.1096576,Decreased,12-Dec,LS,LA/SA,A:A,A:A,C:C,G:A,T:G,A:A,T:G,cases,0,0,0,0
CHAKA/05/07/1182,,Children,Female,Catholic,Pre-primary,Underweight,Muganda,Both parents alive,low socio-economic status,No,mild stress,Was not a premature at birth,Yes,Yes,Stage 2,2455,Advanced immune compromised,10,Suppressed,1.1747578,1.1158939,0.0588638,Decreased,12-Dec,LL,LA/LG,A:G,A:A,C:C,G:A,T:G,A:A,T:G,cases,0,0,0,0
CHAKA/05/07/1155,15,Adolescent,Female,Catholic,Secondary level,Normal weight,Muganda,Both parents alive,low socio-economic status,No,mild stress,Was not a premature at birth,Yes,Yes,Stage 2,402,Possibly immune compromised,,,1.3413909,1.6510201,-0.3096292,Increased,10-Dec,LS,LA/SG,A:G,A:A,C:C,G:A,T:G,A:A,T:G,cases,0,0,0,0
CHAKA/02/02/0281,7.718001,Children,Female,Protestant,Pre-primary,Underweight,Muganda,Both parents alive,low socio-economic status,No,severe stress,Was not a premature at birth,Yes,Yes,Stage 2,1377,Advanced immune compromised,0,Undetectable,1.3136961,,,,12-Dec,LL,LA/LA,A:A,G:A,C:C,G:A,T:G,A:A,T:G,cases,0,0,0,0
CHAKA/05/08/1321,6.056126,Children,Female,Catholic,Pre-primary,Underweight,Muganda,Both parents alive,low socio-economic status,No,mild stress,Was not a premature at birth,Yes,Yes,Stage 2,1066,Advanced immune compromised,10,Suppressed,1.7358021,0.81390463,0.9218975,Decreased,10-Dec,LS,LA/SA,A:A,G:A,C:C,G:A,T:G,A:A,T:G,cases,0,0,0,0
CHAKA/05/08/1306,,Children,Female,Catholic,Pre-primary,Underweight,Muganda,Single parent alive,low socio-economic status,No,mild stress,Was not a premature at birth,Yes,Yes,Stage 2,1271,Advanced immune compromised,0,Undetectable,0.99831062,,,,12-Dec,LS,LA/SA,A:A,G:A,C:C,G:A,T:G,A:A,T:G,cases,0,0,0,0
CHAKA/02/02/0280,14,Children,Male,Catholic,Pre-primary,Underweight,Non-Munganda but Ugandan,Single parent alive,low socio-economic status,No,severe stress,Was not a premature at birth,Yes,Yes,Stage 2,714,Advanced immune compromised,,,1.0926965,0.95264196,0.1400545,Decreased,12-Dec,LL,LA/LA,A:A,A:A,C:T,G:A,T:G,A:A,T:G,cases,0,0,0,0
CHAKA/02/09/0703,15,Adolescent,Female,Catholic,Secondary level,Normal weight,Muganda,Both parents alive,high socioecnomic status,No,moderate stress,Was a premature at birth,Yes,Yes,Stage 1,536,Advanced immune compromised,0,Undetectable,0.86984606,0.53769055,0.3321555,Decreased,10-Dec,LL,LA/LG,A:G,A:A,C:T,G:A,T:G,A:A,T:G,cases,0,0,0,0
CHAKA/03/07/1075,8.457221,Children,Female,Born Again,Pre-primary,Underweight,Non-Munganda but Ugandan,,low socio-economic status,No,severe stress,Was not a premature at birth,Yes,Yes,Stage 3,1325,Advanced immune compromised,0,Undetectable,1.6279628,0.84830502,0.7796578,Decreased,10-Dec,LL,LA/LG,A:G,A:A,C:T,G:A,T:G,A:A,T:G,cases,0,0,0,0
CHAKA/02/09/0740,5.530458,Children,Male,Protestant,Pre-primary,Underweight,Muganda,Both parents alive,low socio-economic status,No,severe stress,Was not a premature at birth,Yes,Yes,Stage 2,1944,Advanced immune compromised,0,Undetectable,1.527016,1.1341339,0.3928821,Decreased,12-Dec,LL,LG/LG,G:G,A:A,C:T,G:A,T:G,A:A,T:G,cases,0,0,0,0
CHAKA/03/06/0952,12.57769,Children,Male,Catholic,Pre-primary,Underweight,Muganda,Both parents dead,high socioecnomic status,No,mild stress,Was not a premature at birth,Yes,Yes,Stage 3,791,Advanced immune compromised,13049,Unsuppressed,0.87637418,,,,10-Oct,LS,LA/SA,A:A,G:A,C:T,G:A,T:G,A:A,T:G,cases,0,0,0,0
CHAKA/02/09/0749,15,Adolescent,Male,Born Again,Pre-primary,Underweight,Muganda,Both parents alive,low socio-economic status,No,moderate stress,Was not a premature at birth,Yes,Yes,Stage 2,32,Normal CD4 range,,,1.5572289,0.64648324,0.9107457,Decreased,10-Dec,LS,LA/SA,A:A,G:A,C:T,G:A,T:G,A:A,T:G,cases,0,0,0,0
CHAKA/02/04/0483,5.218344,Children,Male,Catholic,Pre-primary,Underweight,Non-Munganda but Ugandan,Both parents alive,high socioecnomic status,No,moderate stress,Was not a premature at birth,Yes,Yes,Stage 1,1525,Advanced immune compromised,314,Suppressed,1.1283366,,,,10-Oct,LL,LA/LG,A:G,A:A,T:T,G:A,T:G,A:A,T:G,cases,0,0,0,0
CHAKA/02/04/0493,10.93771,Adolescent,Male,Muslim,Pre-primary,Underweight,Muganda,Both parents alive,low socio-economic status,No,severe stress,Was not a premature at birth,Yes,Yes,Stage 1,932,Advanced immune compromised,10,Suppressed,,0.93221126,,,10-Dec,LS,SA/LG,A:G,G:A,T:T,G:A,T:G,A:A,T:G,cases,0,0,0,0
CHAKA/03/07/1192,9.697468,Adolescent,Female,Born Again,Pre-primary,Underweight,Muganda,Both parents dead,low socio-economic status,No,mild stress,Was not a premature at birth,Yes,Yes,Stage 2,1336,Advanced immune compromised,0,Undetectable,1.5708173,0.62650169,0.9443156,Decreased,12-Dec,LL,LA/LA,A:A,G:A,,G:G,T:T,A:A,T:G,cases,0,0,0,0
CHAKA/02/01/0064,7.819302,Children,Female,Muslim,Pre-primary,Underweight,Muganda,Both parents alive,low socio-economic status,No,moderate stress,Was not a premature at birth,Yes,Yes,Stage 3,849,Advanced immune compromised,21,Suppressed,,0.82102224,,,12-Dec,LL,LA/LA,A:A,,C:C,G:G,T:T,A:A,T:G,cases,0,0,0,0
CHAKA/01/04/0596,8.019165,Children,Male,Catholic,Pre-primary,Underweight,Muganda,Both parents alive,low socio-economic status,No,moderate stress,Was not a premature at birth,Yes,Yes,Stage 2,1210,Advanced immune compromised,0,Undetectable,,1.8695509,,,10-Dec,LL,LA/LG,A:G,,C:C,G:G,T:T,A:A,T:G,cases,0,0,0,0
CHAKA/02/09/0449,9.875428,Adolescent,Female,Muslim,Pre-primary,Underweight,Non-Munganda but Ugandan,Both parents alive,high socioecnomic status,No,moderate stress,Was not a premature at birth,Yes,Yes,Stage 1,1232,Advanced immune compromised,10,Suppressed,1.9663617,,,,12-Dec,LL,LA/LG,A:G,,C:C,G:G,T:T,A:A,T:G,cases,0,0,0,0
CHAKA/03/08/1303,5.204654,Children,Female,Catholic,Pre-primary,Underweight,Non-Munganda but Ugandan,Both parents alive,low socio-economic status,No,mild stress,Was not a premature at birth,Yes,Yes,Stage 2,323,Normal CD4 range,765,Suppressed,0.10585601,0.68322551,-0.5773695,Increased,12-Dec,LL,LA/LG,A:G,A:A,C:C,G:G,T:T,A:A,T:G,cases,0,0,0,0
CHAKA/01/09/0620,13,Children,Female,Catholic,Pre-primary,Underweight,Muganda,Single parent alive,high socioecnomic status,No,mild stress,Was not a premature at birth,Yes,Yes,Stage 1,771,Advanced immune compromised,,,1.1960816,0.85844707,0.3376345,Decreased,12-Dec,LL,LA/LA,A:A,A:A,C:T,G:G,T:T,A:A,T:G,cases,0,0,0,0
CHAKA/02/04/0459,14,Adolescent,Female,Protestant,Secondary level,Normal weight,Non-Munganda but Ugandan,Single parent alive,high socioecnomic status,No,severe stress,Was not a premature at birth,Yes,Yes,Stage 1,709,Advanced immune compromised,20,Suppressed,0.69027971,0.81716385,-0.1268841,Increased,12-Dec,LL,LA/LA,A:A,A:A,C:T,G:G,T:T,A:A,T:G,cases,0,0,1,1
CHAKA/03/07/1126,,Adolescent,Female,Born Again,Pre-primary,Underweight,Muganda,Both parents alive,high socioecnomic status,No,mild stress,Was not a premature at birth,Yes,Yes,Stage 2,1380,Advanced immune compromised,0,Undetectable,0.98506075,,,,12-Dec,LL,LA/LA,A:A,A:A,C:T,G:G,T:T,A:A,T:G,cases,0,0,0,0
CHAKA/01/09/0637,12,Adolescent,Male,Protestant,Pre-primary,Underweight,Non-Munganda but Ugandan,Single parent alive,high socioecnomic status,No,moderate stress,Was not a premature at birth,Yes,Yes,Stage 2,862,Advanced immune compromised,,,0.86712973,0.75117571,0.115954,Decreased,12-Dec,LS,LA/LA,A:A,A:A,C:T,G:G,T:T,A:A,T:G,cases,0,0,0,0
CHAKA/01/02/0185,13,Adolescent,Male,Muslim,Secondary level,Underweight,Non-Munganda but Ugandan,Single parent alive,high socioecnomic status,No,moderate stress,Was not a premature at birth,Yes,Yes,Stage 3,216,Normal CD4 range,,,1.0756061,,,,12-Dec,LL,LA/LG,A:G,A:A,C:T,G:G,T:T,A:A,T:G,cases,0,0,0,0
CHAKA/02/04/0495,7.301848,Children,Female,Protestant,Pre-primary,Underweight,Muganda,Both parents alive,high socioecnomic status,No,moderate stress,Was not a premature at birth,Yes,Yes,Stage 2,785,Advanced immune compromised,25318,Unsuppressed,1.3763347,0.96590472,0.41043,Decreased,12-Dec,LL,LA/LG,A:G,A:A,C:T,G:G,T:T,A:A,T:G,cases,0,0,0,0
CHAKA/02/01/0076,12.79945,Adolescent,Male,Born Again,Pre-primary,Normal weight,Non-Munganda but Ugandan,Single parent alive,low socio-economic status,No,moderate stress,Was not a premature at birth,Yes,Yes,Stage 2,916,Advanced immune compromised,20,Suppressed,0.90613902,0.58532595,0.3208131,Decreased,10-Oct,LL,LG/LG,G:G,A:A,C:T,G:G,T:T,A:A,T:G,cases,0,0,0,0
CHAKA/02/02/0242,13,Adolescent,Male,Catholic,Pre-primary,Underweight,Muganda,Both parents alive,low socio-economic status,No,severe stress,Was not a premature at birth,Yes,Yes,Stage 3,556,Advanced immune compromised,10,Suppressed,,,,,12-Dec,LL,LA/LA,A:A,G:A,C:T,G:G,T:T,A:A,T:G,cases,0,0,0,0
CHAKA/02/09/0679,5.500342,Children,Male,Protestant,Pre-primary,Underweight,Non-Munganda but Ugandan,Single parent alive,high socioecnomic status,No,moderate stress,Was not a premature at birth,Yes,Yes,Stage 1,1907,Advanced immune compromised,0,Undetectable,0.78800798,,,,12-Dec,LS,LA/SA,A:A,G:A,C:T,G:G,T:T,A:A,T:G,cases,0,0,0,0
CHAKA/02/01/0075,8.197125,Children,Male,Protestant,Pre-primary,Underweight,Muganda,Single parent alive,high socioecnomic status,No,moderate stress,Was not a premature at birth,No,Yes,Stage 2,1064,Advanced immune compromised,0,Undetectable,0.88748385,1.1290026,-0.2415188,Increased,10-Dec,LS,SA/LG,A:G,G:A,C:T,G:G,T:T,A:A,T:G,cases,0,0,0,0
CHAKA/01/02/0339,14,Adolescent,Female,Catholic,Secondary level,Underweight,Muganda,Both parents alive,high socioecnomic status,No,mild stress,Was not a premature at birth,Yes,Yes,Stage 3,494,Possibly immune compromised,,,1.1418704,1.2040688,-0.0621984,Increased,10-Dec,LL,LG/LG,G:G,G:A,C:T,G:G,T:T,A:A,T:G,cases,0,0,0,0
CHAKA/02/01/0123,6.061602,Children,Female,Muslim,Pre-primary,Underweight,Muganda,Both parents alive,high socioecnomic status,No,mild stress,Was not a premature at birth,Yes,Yes,Stage 2,972,Advanced immune compromised,0,Undetectable,1.2523863,1.0337792,0.2186071,Decreased,12-Dec,LL,LA/LA,A:A,,T:T,G:G,T:T,A:A,T:G,cases,0,0,0,0
CHAKA/03/05/0782,8.528405,Children,Female,Catholic,Pre-primary,Underweight,Muganda,Both parents alive,low socio-economic status,No,severe stress,Was not a premature at birth,Yes,Yes,Stage 2,912,Advanced immune compromised,0,Undetectable,,0.90134108,,,12-Dec,LS,LA/SA,A:A,,T:T,G:G,T:T,A:A,T:G,cases,0,0,1,1
CHAKA/03/05/0771,13,Adolescent,Female,Catholic,Pre-primary,Underweight,Muganda,Single parent alive,low socio-economic status,No,severe stress,Was not a premature at birth,Yes,Yes,Stage 1,1505,Advanced immune compromised,0,Undetectable,,1.2590688,,,12-Dec,LL,LA/LA,A:A,A:A,T:T,G:G,T:T,A:A,T:G,cases,0,0,0,0
CHAKA/02/04/0463,6.565366,Children,Male,Muslim,Pre-primary,Underweight,Muganda,Single parent alive,low socio-economic status,No,severe stress,Was not a premature at birth,Yes,Yes,Stage 1,1459,Advanced immune compromised,25,Suppressed,1.1968748,1.2314432,-0.0345684,Increased,12-Dec,LS,LA/SA,A:A,A:A,T:T,G:G,T:T,A:A,T:G,cases,0,0,0,0
CHAKA/03/05/0759,10.32717,Adolescent,Male,Catholic,Pre-primary,Underweight,Non-Munganda but Ugandan,Single parent alive,high socioecnomic status,No,severe stress,Was not a premature at birth,Yes,Yes,Stage 2,685,Advanced immune compromised,0,Undetectable,0.91330389,0.62702576,0.2862781,Decreased,12-Dec,LL,LA/LA,A:A,A:A,C:C,A:A,G:G,G:A,T:G,cases,0,0,0,0
CHAKA/05/07/1161,8.933607,Children,Male,Muslim,Pre-primary,Underweight,Muganda,Both parents alive,low socio-economic status,No,moderate stress,Was not a premature at birth,Yes,Yes,Stage 2,1476,Advanced immune compromised,11905,Unsuppressed,0.14211937,1.3337633,-1.191644,Increased,10-Oct,LS,LA/SA,A:A,A:A,C:C,A:A,G:G,G:A,T:G,cases,0,0,0,0
CHAKA/03/08/1225,14,Adolescent,Female,Protestant,Pre-primary,Normal weight,Muganda,Both parents alive,low socio-economic status,No,moderate stress,Was not a premature at birth,No,Yes,Stage 2,1108,Advanced immune compromised,0,Undetectable,1.0682467,,,,10-Dec,LL,LA/LG,A:G,A:A,C:C,A:A,G:G,G:A,T:G,cases,0,0,0,0
CHAKA/01/04/0551,11.15674,Adolescent,Male,Catholic,Pre-primary,Underweight,Muganda,Both parents alive,high socioecnomic status,No,moderate stress,Was not a premature at birth,Yes,Yes,Stage 1,1046,Advanced immune compromised,10,Suppressed,,,,,12-Dec,LL,LG/LG,G:G,A:A,C:C,A:A,G:G,G:A,T:G,cases,0,0,0,0
CHAKA/05/07/1184,7.895962,Children,Male,Protestant,Pre-primary,Underweight,Muganda,Both parents alive,low socio-economic status,No,mild stress,Was not a premature at birth,Yes,Yes,Stage 2,1105,Advanced immune compromised,64,Suppressed,1.2860855,1.0184055,0.26768,Decreased,12-Dec,LL,LA/LG,A:G,A:A,C:T,A:A,G:G,G:A,T:G,cases,0,0,0,0
CHAKA/01/02/0201,8.717317,Children,Female,Protestant,Pre-primary,Underweight,Muganda,Single parent alive,high socioecnomic status,No,mild stress,Was not a premature at birth,Yes,Yes,Stage 3,1022,Advanced immune compromised,10,Suppressed,1.3153711,0.84403494,0.4713362,Decreased,12-Dec,LL,LA/LA,A:A,A:A,,G:A,G:G,G:A,T:G,cases,0,0,0,0
CHAKA/02/01/0061,13.80972,Adolescent,Female,Muslim,Pre-primary,Normal weight,Non-Munganda but Ugandan,Both parents alive,low socio-economic status,No,severe stress,Was not a premature at birth,Yes,Yes,Stage 3,442,Possibly immune compromised,,,1.6228204,1.5817655,0.0410549,Decreased,12-Dec,LL,LA/LA,A:A,,C:C,G:A,G:G,G:A,T:G,cases,0,0,0,0
CHAKA/05/05/0859,13,Adolescent,Male,Catholic,Pre-primary,Underweight,Muganda,Both parents alive,low socio-economic status,No,severe stress,Was not a premature at birth,Yes,Yes,Stage 2,476,Possibly immune compromised,,,0.90203779,0.7684894,0.1335484,Decreased,12-Dec,LL,LA/LA,A:A,A:A,C:C,G:A,G:G,G:A,T:G,cases,0,0,0,0
CHAKA/05/08/1341,6.877481,Children,Female,Catholic,Pre-primary,Underweight,Non-Munganda but Ugandan,Both parents alive,high socioecnomic status,No,mild stress,Was not a premature at birth,Yes,Yes,Stage 2,1257,Advanced immune compromised,,,0.92000884,1.0591252,-0.1391163,Increased,10-Dec,LS,LA/SA,A:A,A:A,C:C,G:A,G:G,G:A,T:G,cases,0,0,0,0
CHAKA/02/01/0102,6.480493,Children,Male,Catholic,Pre-primary,Underweight,Non-Munganda but Ugandan,,low socio-economic status,No,mild stress,Was not a premature at birth,Yes,Yes,Stage 3,832,Advanced immune compromised,4937,Unsuppressed,1.1219947,,,,12-Dec,LS,LA/SA,A:A,A:A,C:C,G:A,G:G,G:A,T:G,cases,0,0,0,0
CHAKA/01/04/0567,12,Adolescent,Male,Muslim,Pre-primary,Underweight,Muganda,Both parents dead,high socioecnomic status,No,severe stress,Was not a premature at birth,Yes,Yes,Stage 1,825,Advanced immune compromised,,,1.4815174,,,,10-Dec,LL,LA/LG,A:G,A:A,C:C,G:A,G:G,G:A,T:G,cases,0,0,1,1
CHAKA/02/02/0206,9.180014,Adolescent,Female,Muslim,Pre-primary,Underweight,Non-Munganda but Ugandan,Both parents alive,high socioecnomic status,No,severe stress,Was not a premature at birth,Yes,Yes,Stage 3,711,Advanced immune compromised,227078,Unsuppressed,1.3196283,0.53700055,0.7826278,Decreased,10-Dec,LL,LG/LG,G:G,A:A,C:C,G:A,G:G,G:A,T:G,cases,0,0,1,1
CHAKA/04/08/1253,13,Adolescent,Male,Catholic,Pre-primary,Normal weight,Muganda,Single parent alive,low socio-economic status,No,moderate stress,Was not a premature at birth,Yes,Yes,Stage 3,803,Advanced immune compromised,,,1.2064432,0.96838227,0.2380609,Decreased,10-Dec,LS,SA/LG,A:G,G:A,C:C,G:A,G:G,G:A,T:G,cases,0,0,0,0
CHAKA/02/01/0032,7.761807,Children,Male,Protestant,Pre-primary,Underweight,Non-Munganda but Ugandan,Both parents dead,low socio-economic status,No,mild stress,Was not a premature at birth,Yes,Yes,Stage 3,1304,Advanced immune compromised,0,Undetectable,1.2304859,0.77084308,0.4596429,Decreased,10-Dec,LL,LA/LA,A:A,A:A,C:T,G:A,G:G,G:A,T:G,cases,0,0,0,0
CHAKA/03/07/1071,10.19028,Adolescent,Female,Catholic,Pre-primary,Normal weight,Muganda,Single parent alive,high socioecnomic status,No,mild stress,Was not a premature at birth,Yes,Yes,Stage 3,1123,Advanced immune compromised,0,Undetectable,1.3609722,,,,12-Dec,LL,LA/LA,A:A,A:A,C:T,G:A,G:G,G:A,T:G,cases,0,0,0,0
CHAKA/03/07/1081,6.71321,Adolescent,Female,Catholic,Pre-primary,Underweight,Muganda,Both parents alive,low socio-economic status,No,mild stress,Was not a premature at birth,Yes,Yes,Stage 3,1704,Advanced immune compromised,0,Undetectable,0.98705015,,,,12-Dec,LL,LA/LA,A:A,A:A,C:T,G:A,G:G,G:A,T:G,cases,0,0,0,0
CHAKA/03/05/0792,6.340862,Adolescent,Female,Muslim,Pre-primary,Underweight,Muganda,Single parent alive,low socio-economic status,No,moderate stress,Was not a premature at birth,Yes,Yes,Stage 1,391,Possibly immune compromised,1251911,Unsuppressed,,0.83487792,,,12-Dec,LS,LA/SA,A:A,A:A,C:T,G:A,G:G,G:A,T:G,cases,0,0,0,0
CHAKA/01/09/0638,14,Adolescent,Male,Catholic,Pre-primary,Underweight,Muganda,Both parents dead,high socioecnomic status,No,moderate stress,I don’t know,Yes,Yes,Stage 3,17,Normal CD4 range,,,0.84283816,0.96493712,-0.122099,Increased,10-Dec,SS,SA/SA,A:A,A:A,C:T,G:A,G:G,G:A,T:G,cases,0,1,0,1
CHAKA/03/08/1206,13,Adolescent,Female,Catholic,Pre-primary,Normal weight,Muganda,Single parent alive,high socioecnomic status,No,severe stress,Was not a premature at birth,I don’t know,Yes,Stage 3,495,Possibly immune compromised,0,Undetectable,1.7119975,,,,12-Dec,LL,LA/LG,A:G,G:A,C:T,G:A,G:G,G:A,T:G,cases,0,0,0,0
CHAKA/03/07/1141,10.17933,Adolescent,Female,Catholic,Pre-primary,Underweight,Muganda,Both parents alive,low socio-economic status,No,mild stress,Was not a premature at birth,Yes,Yes,Stage 3,477,Possibly immune compromised,0,Undetectable,1.2425618,0.88494281,0.357619,Decreased,10-Dec,LS,SA/LG,A:G,,T:T,G:A,G:G,G:A,T:G,cases,0,0,0,0
CHAKA/01/04/0591,13,Adolescent,Male,Catholic,Pre-primary,Normal weight,Muganda,,high socioecnomic status,No,moderate stress,I don’t know,Yes,Yes,Stage 2,709,Advanced immune compromised,0,Undetectable,2.0152385,,,,10-Dec,LL,LA/LA,A:A,A:A,T:T,G:A,G:G,G:A,T:G,cases,0,0,0,0
CHAKA/01/09/0611,5.538672,Children,Male,Muslim,Pre-primary,Underweight,Non-Munganda but Ugandan,Both parents alive,low socio-economic status,No,mild stress,Was not a premature at birth,Yes,No,Stage 1,81,Normal CD4 range,1086436,Unsuppressed,1.2395819,1.3509595,-0.1113776,Increased,,LS,LA/LA,A:A,A:A,T:T,G:A,G:G,G:A,T:G,cases,0,0,0,0
CHAKA/04/05/0801,14,Adolescent,Female,Catholic,Secondary level,Underweight,Muganda,Single parent alive,low socio-economic status,No,mild stress,Was not a premature at birth,Yes,Yes,Stage 2,624,Advanced immune compromised,10,Suppressed,1.1314877,,,,10-Dec,SS,SA/SA,A:A,A:A,T:T,G:A,G:G,G:A,T:G,cases,0,0,1,1
CHAKA/01/09/0615,10.94045,Adolescent,Male,SDA,Pre-primary,Underweight,Non-Munganda but Ugandan,Both parents alive,high socioecnomic status,No,severe stress,Was not a premature at birth,Yes,Yes,Stage 1,1168,Advanced immune compromised,0,Undetectable,1.5456933,0.78937322,0.7563201,Decreased,12-Dec,LL,LA/LG,A:G,A:A,T:T,G:A,G:G,G:A,T:G,cases,0,1,0,1
CHAKA/02/02/0205,10.11636,Adolescent,Male,Muslim,Pre-primary,Underweight,Muganda,Both parents alive,high socioecnomic status,No,mild stress,Was not a premature at birth,Yes,Yes,Stage 3,803,Advanced immune compromised,0,Undetectable,1.0583468,,,,12-Dec,LL,LA/LA,A:A,,C:C,G:A,T:G,G:A,T:G,cases,0,0,1,1
CHAKA/02/03/0400,7.581109,Adolescent,Female,Catholic,Pre-primary,Underweight,Muganda,Single parent alive,high socioecnomic status,No,mild stress,I don’t know,Yes,Yes,Stage 3,1730,Advanced immune compromised,10,Suppressed,1.9333309,,,,12-Dec,LL,LA/LA,A:A,A:A,C:C,G:A,T:G,G:A,T:G,cases,0,1,0,1
CHAKA/02/09/0669,10.24778,Adolescent,Male,Catholic,Pre-primary,Underweight,Muganda,Single parent alive,low socio-economic status,No,moderate stress,Was not a premature at birth,Yes,Yes,Stage 1,872,Advanced immune compromised,10,Suppressed,0.83668677,0.94380659,-0.1071198,Increased,10-Dec,LS,LA/SA,A:A,A:A,C:C,G:A,T:G,G:A,T:G,cases,0,0,0,0
CHAKA/02/04/0467,11.4935,Children,Male,Born Again,Pre-primary,Underweight,Muganda,Both parents alive,high socioecnomic status,No,moderate stress,Was not a premature at birth,Yes,Yes,Stage 1,1335,Advanced immune compromised,0,Undetectable,1.2657209,,,,10-Oct,LL,LA/LG,A:G,A:A,C:C,G:A,T:G,G:A,T:G,cases,0,0,0,0
CHAKA/03/08/1297,6.078029,Children,Female,Protestant,Pre-primary,Underweight,Muganda,Both parents alive,low socio-economic status,No,mild stress,Was not a premature at birth,Yes,Yes,Stage 2,615,Advanced immune compromised,25652,Unsuppressed,1.3620301,,,,,LL,LA/LG,A:G,A:A,C:C,G:A,T:G,G:A,T:G,cases,0,0,0,0
CHAKA/02/02/0274,16,Adolescent,Male,Catholic,Secondary level,Underweight,Muganda,Single parent alive,high socioecnomic status,No,severe stress,Was not a premature at birth,Yes,Yes,Stage 3,19,Normal CD4 range,,,1.3495234,,,,10-Dec,LL,LA/LG,A:G,G:A,C:C,G:A,T:G,G:A,T:G,cases,0,0,0,0
CHAKA/05/05/0851,15,Adolescent,Male,Muslim,Pre-primary,Underweight,Muganda,Single parent alive,high socioecnomic status,No,severe stress,Was not a premature at birth,Yes,Yes,Stage 2,631,Advanced immune compromised,,,,0.94732899,,,12-Dec,LL,LA/LA,A:A,,C:T,G:A,T:G,G:A,T:G,cases,0,0,0,0
CHAKA/05/08/1326,8.632443,Children,Male,Catholic,Pre-primary,Underweight,Muganda,Single parent alive,low socio-economic status,No,moderate stress,Was not a premature at birth,Yes,Yes,Stage 2,1003,Advanced immune compromised,104072,Unsuppressed,1.0921143,0.8521407,0.2399736,Decreased,12-Dec,LL,LA/LA,A:A,A:A,C:T,G:A,T:G,G:A,T:G,cases,0,0,0,0
CHAKA/02/04/1367,13,Adolescent,Male,Born Again,Pre-primary,Normal weight,Muganda,Both parents alive,low socio-economic status,No,moderate stress,Was not a premature at birth,Yes,Yes,Stage 1,942,Advanced immune compromised,,,1.1204609,0.80544238,0.3150185,Decreased,12-Dec,LL,LA/LG,A:G,A:A,C:T,G:A,T:G,G:A,T:G,cases,0,0,0,0
CHAKA/01/04/0579,6.800821,Children,Male,Catholic,Pre-primary,Underweight,Non-Munganda but Ugandan,Both parents alive,low socio-economic status,No,severe stress,Was a premature at birth,Yes,Yes,Stage 1,968,Advanced immune compromised,7568,Unsuppressed,1.295149,,,,10-Dec,LL,LA/LA,A:A,G:A,C:T,G:A,T:G,G:A,T:G,cases,0,1,0,1
CHAKA/01/04/0558,11.42231,Adolescent,Female,Born Again,Pre-primary,Underweight,Muganda,Both parents alive,high socioecnomic status,No,moderate stress,Was not a premature at birth,Yes,Yes,Stage 1,1294,Advanced immune compromised,0,Undetectable,1.1668606,0.29657113,0.8702894,Decreased,10-Dec,LL,LA/LG,A:G,G:A,C:T,G:A,T:G,G:A,T:G,cases,0,0,0,0
CHAKA/02/01/0121,12,Children,Male,Protestant,Pre-primary,Underweight,Muganda,Both parents alive,high socioecnomic status,No,severe stress,Was not a premature at birth,Yes,Yes,Stage 2,1492,Advanced immune compromised,0,Undetectable,1.5794142,1.2708435,0.3085708,Decreased,10-Dec,LL,LG/LG,G:G,G:A,C:T,G:A,T:G,G:A,T:G,cases,0,0,0,0
CHAKA/05/05/0850,10.07529,Adolescent,Female,Catholic,Pre-primary,Underweight,Muganda,Both parents alive,high socioecnomic status,No,mild stress,Was not a premature at birth,Yes,Yes,Stage 2,1545,Advanced immune compromised,36,Suppressed,1.0150893,1.5589854,-0.543896,Increased,12-Dec,LL,LA/LA,A:A,A:A,T:T,G:A,T:G,G:A,T:G,cases,0,0,1,1
CHAKA/02/01/0087,5.593429,Children,Female,Muslim,Pre-primary,Underweight,Non-Munganda but Ugandan,Single parent alive,low socio-economic status,No,moderate stress,Was not a premature at birth,Yes,Yes,Stage 3,1294,Advanced immune compromised,64295,Unsuppressed,2.0775599,,,,10-Dec,LL,LA/LG,A:G,A:A,T:T,G:A,T:G,G:A,T:G,cases,0,0,0,0
CHAKA/02/04/0455,,Adolescent,Female,Born Again,Pre-primary,Underweight,Non-Ugandan,Single parent alive,low socio-economic status,No,severe stress,Was not a premature at birth,Yes,Yes,Stage 1,55,Normal CD4 range,11274,Unsuppressed,1.3469983,,,,10-Oct,LS,SA/LG,A:G,A:A,T:T,G:A,T:G,G:A,T:G,cases,0,0,0,0
CHAKA/02/04/0457,14,Adolescent,Female,Protestant,Pre-primary,Underweight,Muganda,Both parents alive,low socio-economic status,No,severe stress,Was not a premature at birth,Yes,Yes,Stage 1,1015,Advanced immune compromised,0,Undetectable,1.5572964,,,,12-Dec,LL,LA/LA,A:A,,C:C,G:G,T:G,G:A,T:G,cases,0,0,0,0
CHAKA/02/01/0050,13,Adolescent,Male,Catholic,Pre-primary,Underweight,Non-Munganda but Ugandan,Both parents dead,high socioecnomic status,Yes,severe stress,Was not a premature at birth,Yes,Yes,Stage 2,577,Advanced immune compromised,,,1.2529166,2.1895993,-0.9366826,Increased,10-Dec,LS,LA/SA,A:A,,C:C,G:G,T:G,G:A,T:G,cases,0,0,0,0
CHAKA/05/07/1162,5.185489,Children,Male,Catholic,Pre-primary,Underweight,Non-Munganda but Ugandan,Both parents alive,low socio-economic status,No,severe stress,Was not a premature at birth,Yes,Yes,Stage 2,1686,Advanced immune compromised,0,Undetectable,,,,,12-Dec,LL,LA/LG,A:G,,C:C,G:G,T:G,G:A,T:G,cases,0,1,0,1
CHAKA/05/07/1168,17,Adolescent,Female,Protestant,Secondary level,Overweight,Muganda,Both parents alive,high socioecnomic status,No,moderate stress,Was not a premature at birth,Yes,Yes,Stage 2,1173,Advanced immune compromised,,,1.5071237,0.74793126,0.7591924,Decreased,12-Dec,LL,LA/LG,A:G,A:A,C:C,G:G,T:G,G:A,T:G,cases,0,0,0,0
CHAKA/02/02/0230,12,Adolescent,Female,Catholic,Pre-primary,Underweight,Non-Munganda but Ugandan,Both parents alive,high socioecnomic status,No,mild stress,Was not a premature at birth,Yes,Yes,Stage 2,632,Advanced immune compromised,191,Suppressed,1.3428372,0.71406617,0.628771,Decreased,12-Dec,LS,LA/SA,A:A,G:A,C:C,G:G,T:G,G:A,T:G,cases,0,0,0,0
CHAKA/01/03/0301,11.43053,Adolescent,Male,Protestant,Pre-primary,Underweight,Muganda,Both parents alive,low socio-economic status,No,severe stress,Was not a premature at birth,Yes,Yes,Stage 2,707,Advanced immune compromised,93,Suppressed,1.2010221,0.56868634,0.6323358,Decreased,,LS,,,G:A,C:C,G:G,T:G,G:A,T:G,cases,0,0,1,1
CHAKA/02/09/0734,15,Adolescent,Female,Protestant,Secondary level,Overweight,Non-Munganda but Ugandan,Both parents alive,low socio-economic status,No,moderate stress,I don’t know,No,Yes,Stage 2,315,Normal CD4 range,,,,0.82939024,,,,LS,LA/LA,A:A,,C:T,G:G,T:G,G:A,T:G,cases,0,0,1,1
CHAKA/05/07/1154,,Adolescent,Female,Muslim,Pre-primary,Underweight,Muganda,Single parent alive,high socioecnomic status,No,mild stress,Was not a premature at birth,Yes,Yes,Stage 2,1495,Advanced immune compromised,170241,Unsuppressed,1.7806822,1.2121752,0.5685071,Decreased,10-Dec,SS,LA/LA,A:A,A:A,C:T,G:G,T:G,G:A,T:G,cases,0,0,0,0
CHAKA/02/03/0377,7.206023,Children,Male,Protestant,Pre-primary,Underweight,Non-Munganda but Ugandan,Both parents alive,high socioecnomic status,No,moderate stress,Was not a premature at birth,Yes,No,Stage 2,755,Advanced immune compromised,0,Undetectable,1.216759,,,,10-Dec,LS,LA/SA,A:A,A:A,C:T,G:G,T:G,G:A,T:G,cases,0,0,0,0
CHAKA/03/06/0956,14.69952,Adolescent,Male,Muslim,Pre-primary,Normal weight,Muganda,Single parent alive,high socioecnomic status,Yes,mild stress,Was not a premature at birth,Yes,Yes,Stage 2,525,Advanced immune compromised,10,Suppressed,1.7875311,1.1187786,0.6687526,Decreased,10-Dec,LS,LA/SA,A:A,A:A,C:T,G:G,T:G,G:A,T:G,cases,0,0,0,0
CHAKA/02/01/0067,13.31417,Adolescent,Male,Protestant,Pre-primary,Underweight,Muganda,Single parent alive,low socio-economic status,Yes,moderate stress,Was not a premature at birth,Yes,Yes,Stage 4,485,Possibly immune compromised,,,,,,,12-Dec,LS,LA/SA,A:A,A:A,C:T,G:G,T:G,G:A,T:G,cases,0,1,0,1
CHAKA/02/01/0094,9.46475,Adolescent,Female,Catholic,Pre-primary,Underweight,Muganda,Both parents alive,low socio-economic status,No,moderate stress,Was not a premature at birth,Yes,Yes,Stage 3,1374,Advanced immune compromised,0,Undetectable,2.0325498,1.4226643,0.6098856,Decreased,10-Dec,LL,LA/LG,A:G,A:A,C:T,G:G,T:G,G:A,T:G,cases,0,0,0,0
CHAKA/02/09/0683,14,Adolescent,Male,Muslim,Pre-primary,Normal weight,Non-Munganda but Ugandan,Both parents alive,high socioecnomic status,No,severe stress,Was not a premature at birth,Yes,Yes,Stage 2,787,Advanced immune compromised,0,Undetectable,1.1832887,0.88950083,0.2937879,Decreased,10-Oct,LL,,,A:A,C:T,G:G,T:G,G:A,T:G,cases,0,0,0,0
CHAKA/01/09/0617,13,Adolescent,Male,Catholic,Pre-primary,Underweight,Muganda,Single parent alive,low socio-economic status,No,mild stress,Was not a premature at birth,Yes,Yes,Stage 2,915,Advanced immune compromised,,,1.4166582,0.54095399,0.8757042,Decreased,10-Dec,LS,LA/SA,A:A,G:A,C:T,G:G,T:G,G:A,T:G,cases,0,0,0,0
CHAKA/02/09/0736,11.18138,Adolescent,Female,Protestant,Pre-primary,Normal weight,Muganda,Both parents alive,high socioecnomic status,No,moderate stress,Was not a premature at birth,Yes,Yes,Stage 2,1196,Advanced immune compromised,0,Undetectable,1.0738774,,,,12-Dec,LS,LA/SA,A:A,,T:T,G:G,T:G,G:A,T:G,cases,0,0,0,0
CHAKA/02/01/0139,11.85489,Children,Female,Catholic,Pre-primary,Normal weight,Muganda,Single parent alive,high socioecnomic status,No,mild stress,I don’t know,Yes,Yes,Stage 1,751,Advanced immune compromised,10,Suppressed,1.1416689,0.63246857,0.5092003,Decreased,12-Dec,LL,LA/LA,A:A,A:A,T:T,G:G,T:G,G:A,T:G,cases,0,0,0,0
CHAKA/05/05/0853,11.1102,Adolescent,Male,Catholic,Pre-primary,Underweight,Muganda,Both parents alive,low socio-economic status,No,moderate stress,Was not a premature at birth,Yes,Yes,Stage 2,474,Possibly immune compromised,29532,Unsuppressed,1.6237096,0.47610632,1.147603,Decreased,10-Dec,LL,LA/LG,A:G,G:A,T:T,G:G,T:G,G:A,T:G,cases,0,0,0,0
CHAKA/02/03/0387,12,Adolescent,Male,Catholic,Pre-primary,Underweight,Non-Munganda but Ugandan,Both parents alive,low socio-economic status,No,mild stress,Was not a premature at birth,Yes,No,Stage 3,1147,Advanced immune compromised,0,Undetectable,1.1223182,1.4089872,-0.2866691,Increased,10-Dec,LL,LA/LA,A:A,,C:C,G:G,T:T,G:A,T:G,cases,0,0,0,0
CHAKA/02/02/0236,14,Adolescent,Male,Protestant,Secondary level,Underweight,Muganda,Both parents alive,high socioecnomic status,No,moderate stress,Was not a premature at birth,Yes,Yes,Stage 2,937,Advanced immune compromised,0,Undetectable,1.7346631,0.94488861,0.7897745,Decreased,12-Dec,LS,LA/SA,A:A,A:A,C:C,G:G,T:T,G:A,T:G,cases,0,0,0,0
CHAKA/02/04/0479,13,Adolescent,Female,Muslim,Pre-primary,Underweight,Muganda,Single parent alive,high socioecnomic status,No,severe stress,Was not a premature at birth,Yes,Yes,Stage 1,67,Normal CD4 range,,,1.1405999,,,,12-Dec,LS,LA/SA,A:A,A:A,C:C,G:G,T:T,G:A,T:G,cases,0,0,0,0
CHAKA/02/09/0738,10.17112,Adolescent,Male,Muslim,Pre-primary,Underweight,Muganda,Both parents alive,low socio-economic status,No,moderate stress,Was not a premature at birth,Yes,Yes,Stage 2,1146,Advanced immune compromised,0,Undetectable,1.5238436,0.89683576,0.6270078,Decreased,12-Dec,LS,LA/SA,A:A,A:A,C:C,G:G,T:T,G:A,T:G,cases,0,0,0,0
CHAKA/01/04/0562,,Adolescent,Female,Muslim,Pre-primary,Underweight,Muganda,Both parents alive,low socio-economic status,No,severe stress,Was not a premature at birth,Yes,Yes,Stage 2,670,Advanced immune compromised,10,Suppressed,,0.54155106,,,10-Oct,LL,LA/LG,A:G,A:A,C:C,G:G,T:T,G:A,T:G,cases,0,0,0,0
CHAKA/01/03/0314,12,Adolescent,Male,Muslim,Pre-primary,Underweight,Muganda,Single parent alive,high socioecnomic status,No,severe stress,Was not a premature at birth,Yes,Yes,Stage 3,1374,Advanced immune compromised,,,1.2147178,1.9805625,-0.7658447,Increased,12-Dec,LL,LA/LA,A:A,G:A,C:C,G:G,T:T,G:A,T:G,cases,0,0,0,0
CHAKA/01/04/0537,11.78645,Adolescent,Female,Protestant,Pre-primary,Normal weight,Non-Munganda but Ugandan,Both parents alive,high socioecnomic status,No,mild stress,Was not a premature at birth,Yes,Yes,Stage 1,622,Advanced immune compromised,0,Undetectable,1.3272702,0.91265886,0.4146113,Decreased,12-Dec,LL,LA/LA,A:A,G:A,C:C,G:G,T:T,G:A,T:G,cases,0,0,0,0
CHAKA/02/04/0491,9.702943,Adolescent,Male,Born Again,Pre-primary,Underweight,Non-Munganda but Ugandan,Single parent alive,high socioecnomic status,No,mild stress,Was not a premature at birth,Yes,Yes,Stage 1,405,Possibly immune compromised,0,Undetectable,1.0517727,,,,12-Dec,LS,LA/SA,A:A,G:A,C:C,G:G,T:T,G:A,T:G,cases,0,0,1,1
CHAKA/03/06/1019,,Children,Female,Catholic,Pre-primary,Underweight,Muganda,Single parent alive,low socio-economic status,No,moderate stress,Was not a premature at birth,Yes,Yes,Stage 3,71,Normal CD4 range,14529,Unsuppressed,1.7943838,0.88408079,0.9103031,Decreased,10-Dec,LL,LA/LA,A:A,,C:T,G:G,T:T,G:A,T:G,cases,0,0,0,0
CHAKA/01/09/0635,10.14921,Adolescent,Male,Catholic,Pre-primary,Underweight,Muganda,Both parents dead,high socioecnomic status,Yes,mild stress,Was not a premature at birth,Yes,Yes,Stage 1,798,Advanced immune compromised,0,Undetectable,1.1714471,0.75291292,0.4185342,Decreased,10-Dec,LL,LA/LA,A:A,A:A,C:T,G:G,T:T,G:A,T:G,cases,0,0,0,0
CHAKA/01/03/0315,12,Adolescent,Female,Protestant,Pre-primary,Underweight,Muganda,Both parents alive,low socio-economic status,No,severe stress,,Yes,Yes,Stage 2,696,Advanced immune compromised,30440,Unsuppressed,1.240154,1.3447097,-0.1045557,Increased,12-Dec,LL,LA/LA,A:A,A:A,C:T,G:G,T:T,G:A,T:G,cases,0,0,1,1
CHAKA/02/01/0104,9.919233,Adolescent,Female,Protestant,Pre-primary,Underweight,Muganda,Both parents alive,high socioecnomic status,No,severe stress,Was not a premature at birth,Yes,Yes,Stage 2,483,Possibly immune compromised,117,Suppressed,1.3207623,0.95634499,0.3644173,Decreased,12-Dec,LL,LA/LA,A:A,A:A,C:T,G:G,T:T,G:A,T:G,cases,0,1,0,1
CHAKA/05/07/1153,,Adolescent,Male,Born Again,Pre-primary,Underweight,Muganda,Single parent alive,low socio-economic status,No,mild stress,Was not a premature at birth,Yes,Yes,Stage 3,481,Possibly immune compromised,5283,Unsuppressed,0.95329227,1.2989161,-0.3456239,Increased,10-Dec,SS,LA/LA,A:A,A:A,C:T,G:G,T:T,G:A,T:G,cases,0,0,0,0
CHAKA/05/05/0849,15,Adolescent,Female,Born Again,Pre-primary,Underweight,Muganda,Single parent alive,low socio-economic status,No,severe stress,Was not a premature at birth,Yes,Yes,Stage 2,931,Advanced immune compromised,,,1.3461201,0.84228305,0.5038371,Decreased,10-Dec,LS,LA/SA,A:A,A:A,C:T,G:G,T:T,G:A,T:G,cases,0,0,0,0
CHAKA/02/09/0450,10.25325,Adolescent,Female,Born Again,Pre-primary,Underweight,Muganda,Both parents alive,low socio-economic status,No,severe stress,Was not a premature at birth,Yes,Yes,Stage 2,675,Advanced immune compromised,0,Undetectable,0.68588478,0.69239927,-0.0065145,Increased,10-Oct,LL,LA/LG,A:G,A:A,C:T,G:G,T:T,G:A,T:G,cases,0,0,0,0
CHAKA/03/08/1222,10.71047,Adolescent,Male,Catholic,Pre-primary,Underweight,Muganda,Single parent alive,low socio-economic status,No,moderate stress,Was not a premature at birth,Yes,Yes,Stage 3,1506,Advanced immune compromised,0,Undetectable,1.7521352,0.62705327,1.125082,Decreased,12-Dec,LL,LA/LG,A:G,A:A,C:T,G:G,T:T,G:A,T:G,cases,0,0,0,0
CHAKA/05/07/1174,13,Adolescent,Male,Catholic,Pre-primary,Underweight,Non-Munganda but Ugandan,Single parent alive,high socioecnomic status,No,moderate stress,Was not a premature at birth,Yes,Yes,Stage 2,573,Advanced immune compromised,10,Suppressed,1.1178444,1.1839697,-0.0661254,Increased,12-Dec,LL,LA/LG,A:G,A:A,C:T,G:G,T:T,G:A,T:G,cases,0,0,0,0
CHAKA/02/01/0134,7.603012,Children,Female,Muslim,Pre-primary,Underweight,Muganda,Both parents alive,high socioecnomic status,No,mild stress,Was not a premature at birth,Yes,Yes,Stage 2,1673,Advanced immune compromised,0,Undetectable,1.0167109,1.4548511,-0.4381402,Increased,10-Oct,LS,SA/LG,A:G,A:A,C:T,G:G,T:T,G:A,T:G,cases,0,0,0,0
CHAKA/03/05/0773,9.492128,Adolescent,Male,Catholic,Pre-primary,Underweight,Muganda,Single parent alive,low socio-economic status,No,severe stress,Was not a premature at birth,Yes,Yes,Stage 3,1545,Advanced immune compromised,24435,Unsuppressed,1.3631142,0.52637815,0.8367361,Decreased,10-Dec,LS,SA/LG,A:G,A:A,C:T,G:G,T:T,G:A,T:G,cases,0,0,1,1
CHAKA/01/04/0566,12,Children,Female,Catholic,Pre-primary,Normal weight,Muganda,Single parent alive,high socioecnomic status,No,severe stress,Was not a premature at birth,Yes,Yes,Stage 1,557,Advanced immune compromised,198,Suppressed,1.1083548,,,,10-Oct,LL,LG/LG,G:G,A:A,C:T,G:G,T:T,G:A,T:G,cases,0,0,0,0
CHAKA/02/02/0297,12,Adolescent,Male,Catholic,Pre-primary,Underweight,Muganda,Both parents alive,high socioecnomic status,No,severe stress,Was not a premature at birth,Yes,Yes,Stage 1,465,Possibly immune compromised,,,0.93422713,,,,12-Dec,LL,,,A:A,C:T,G:G,T:T,G:A,T:G,cases,0,1,1,1
CHAKA/02/02/0259,7.581109,Adolescent,Female,Protestant,Pre-primary,Underweight,Muganda,Single parent alive,low socio-economic status,No,mild stress,Was not a premature at birth,Yes,Yes,Stage 3,1055,Advanced immune compromised,10,Suppressed,1.0430441,,,,12-Dec,LL,LA/LA,A:A,G:A,C:T,G:G,T:T,G:A,T:G,cases,0,0,0,0
CHAKA/03/05/0819,5.106091,Children,Female,Catholic,Pre-primary,Underweight,Muganda,Both parents alive,low socio-economic status,No,mild stress,Was not a premature at birth,Yes,Yes,Stage 1,2500,Advanced immune compromised,10,Suppressed,0.83895142,1.1904937,-0.3515423,Increased,10-Dec,LS,LA/SA,A:A,G:A,C:T,G:G,T:T,G:A,T:G,cases,0,0,0,0
CHAKA/03/05/0775,13,Adolescent,Female,Protestant,Pre-primary,Normal weight,Muganda,Single parent alive,high socioecnomic status,Yes,severe stress,Was not a premature at birth,Yes,Yes,Stage 2,1884,Advanced immune compromised,0,Undetectable,0.95639915,1.2882501,-0.331851,Increased,12-Dec,LS,LA/SA,A:A,G:A,C:T,G:G,T:T,G:A,T:G,cases,0,1,0,1
CHAKA/03/08/1251,8.971937,Children,Male,Muslim,Pre-primary,Normal weight,Muganda,Both parents alive,low socio-economic status,No,mild stress,Was not a premature at birth,Yes,Yes,Stage 3,201,Normal CD4 range,79293,Unsuppressed,1.5592632,,,,10-Dec,LL,LA/LG,A:G,G:A,C:T,G:G,T:T,G:A,T:G,cases,0,0,0,0
CHAKA/02/03/0393,14,Adolescent,Female,Born Again,Secondary level,Normal weight,Non-Munganda but Ugandan,Both parents alive,low socio-economic status,No,severe stress,Was not a premature at birth,Yes,Yes,Stage 2,338,Normal CD4 range,153493,Unsuppressed,1.3760062,0.93533657,0.4406697,Decreased,10-Dec,LL,LA/LA,A:A,A:A,T:T,G:G,T:T,G:A,T:G,cases,0,0,1,1
CHAKA/03/06/0943,10.57632,Children,Male,Muslim,Pre-primary,Normal weight,Muganda,,high socioecnomic status,No,moderate stress,I don’t know,Yes,Yes,Stage 2,1062,Advanced immune compromised,0,Undetectable,0.93366421,0.77472028,0.1589439,Decreased,12-Dec,LS,LA/SA,A:A,A:A,T:T,G:G,T:T,G:A,T:G,cases,0,0,0,0
CHAKA/02/09/0686,13.13073,Adolescent,Male,Catholic,Pre-primary,Underweight,Non-Munganda but Ugandan,Both parents alive,high socioecnomic status,No,severe stress,Was not a premature at birth,Yes,Yes,Stage 2,628,Advanced immune compromised,10,Suppressed,2.0429555,,,,10-Dec,LL,LA/LG,A:G,A:A,T:T,G:G,T:T,G:A,T:G,cases,0,1,0,1
CHAKA/01/02/0159,15,Adolescent,Male,Catholic,Pre-primary,Underweight,Muganda,Both parents alive,high socioecnomic status,No,severe stress,Was not a premature at birth,Yes,Yes,Stage 2,1042,Advanced immune compromised,0,Undetectable,,,,,12-Dec,LS,LA/SA,A:A,,C:C,G:G,,G:G,T:G,cases,0,0,0,0
CHAKA/05/05/0861,14,Adolescent,Male,Born Again,Pre-primary,Underweight,Muganda,Both parents dead,high socioecnomic status,No,severe stress,Was not a premature at birth,Yes,Yes,Stage 2,312,Normal CD4 range,,,,,,,12-Dec,LL,LA/LG,A:G,,C:C,G:G,,G:G,T:G,cases,0,1,0,1
CHAKA/02/09/0684,10.47502,Adolescent,Female,Catholic,Pre-primary,Underweight,Muganda,Both parents alive,high socioecnomic status,Yes,severe stress,Was not a premature at birth,Yes,Yes,Stage 4,2627,Advanced immune compromised,0,Undetectable,1.16024,0.51962152,0.6406184,Decreased,12-Dec,SS,SA/SA,A:A,,C:T,G:A,G:G,G:G,T:G,cases,0,1,0,1
CHAKA/02/02/0228,14,Adolescent,Female,Catholic,Pre-primary,Underweight,Non-Munganda but Ugandan,Single parent alive,low socio-economic status,Yes,severe stress,Was not a premature at birth,Yes,Yes,Stage 2,752,Advanced immune compromised,33,Suppressed,1.0024371,0.55476143,0.4476757,Decreased,10-Dec,LL,LA/LG,A:G,A:A,C:T,G:A,G:G,G:G,T:G,cases,0,0,0,0
CHAKA/01/02/0345,13,Adolescent,Female,Born Again,Pre-primary,Underweight,Muganda,Both parents dead,high socioecnomic status,No,severe stress,Was not a premature at birth,Yes,Yes,Stage 3,708,Advanced immune compromised,,,1.0865532,2.0915266,-1.004973,Increased,10-Dec,LL,LA/LA,A:A,,C:C,G:G,G:G,G:G,T:G,cases,0,0,0,0
CHAKA/01/09/0656,15,Adolescent,Male,Catholic,Pre-primary,Underweight,Muganda,Both parents alive,low socio-economic status,No,moderate stress,Was not a premature at birth,Yes,Yes,Stage 2,717,Advanced immune compromised,,,,0.74113366,,,12-Dec,LL,LA/LA,A:A,A:A,C:C,G:G,G:G,G:G,T:G,cases,0,0,0,0
CHAKA/02/01/0095,10.43121,Adolescent,Female,Catholic,Pre-primary,Underweight,Muganda,Both parents alive,high socioecnomic status,No,mild stress,Was not a premature at birth,No,Yes,Stage 3,863,Advanced immune compromised,30,Suppressed,1.8690334,,,,12-Dec,LL,LA/LA,A:A,A:A,C:C,G:G,G:G,G:G,T:G,cases,0,0,0,0
CHAKA/04/07/1070,17,Adolescent,Male,Catholic,Pre-primary,Underweight,Muganda,Single parent alive,high socioecnomic status,No,severe stress,Was not a premature at birth,Yes,Yes,Stage 2,836,Advanced immune compromised,0,Undetectable,1.4707182,,,,12-Dec,LS,LA/SA,A:A,A:A,C:C,G:G,G:G,G:G,T:G,cases,0,0,0,0
CHAKA/05/06/0996,6.724162,Adolescent,Female,Catholic,Pre-primary,Underweight,Non-Munganda but Ugandan,Single parent alive,low socio-economic status,No,moderate stress,Was not a premature at birth,Yes,Yes,Stage 2,1627,Advanced immune compromised,0,Undetectable,0.3326117,,,,12-Dec,LL,LA/LA,A:A,G:A,C:C,G:G,G:G,G:G,T:G,cases,0,0,0,0
CHAKA/05/05/0872,7.011636,Children,Female,Catholic,Pre-primary,Underweight,Muganda,Both parents alive,high socioecnomic status,No,mild stress,Was not a premature at birth,Yes,Yes,Stage 2,1286,Advanced immune compromised,5023,Unsuppressed,1.0973717,0.77706665,0.3203051,Decreased,12-Dec,LL,LG/LG,G:G,G:A,C:C,G:G,G:G,G:G,T:G,cases,0,0,0,0
CHAKA/02/01/0020,9.420944,Adolescent,Female,Muslim,Pre-primary,Underweight,Muganda,Both parents alive,high socioecnomic status,No,mild stress,Was not a premature at birth,Yes,Yes,Stage 2,377,Possibly immune compromised,11006,Unsuppressed,1.2449421,0.80624968,0.4386924,Decreased,10-Dec,LL,LA/LA,A:A,A:A,C:T,G:G,G:G,G:G,T:G,cases,0,0,0,0
CHAKA/02/01/0129,5.481177,Children,Male,Catholic,Pre-primary,Underweight,Non-Munganda but Ugandan,Both parents alive,high socioecnomic status,No,moderate stress,Was not a premature at birth,Yes,Yes,Stage 2,984,Advanced immune compromised,0,Undetectable,1.3239638,1.2470519,0.0769119,Decreased,12-Dec,LL,LA/LA,A:A,A:A,C:T,G:G,G:G,G:G,T:G,cases,0,0,0,0
CHAKA/03/05/0805,8.936345,Children,Female,Muslim,Pre-primary,Underweight,Muganda,Both parents dead,high socioecnomic status,No,mild stress,Was not a premature at birth,Yes,Yes,Stage 2,658,Advanced immune compromised,0,Undetectable,1.6164554,0.90228579,0.7141696,Decreased,12-Dec,LL,LA/LG,A:G,A:A,C:T,G:G,G:G,G:G,T:G,cases,0,0,0,0
CHAKA/03/08/1316,15,Adolescent,Female,Catholic,Pre-primary,Normal weight,Muganda,Single parent alive,low socio-economic status,No,mild stress,Was not a premature at birth,Yes,Yes,Stage 3,710,Advanced immune compromised,,,1.6862584,0.87485503,0.8114034,Decreased,10-Dec,LS,SA/LG,A:G,A:A,C:T,G:G,G:G,G:G,T:G,cases,0,0,0,0
CHAKA/03/08/1239,6.198494,Children,Female,Catholic,Pre-primary,Underweight,Muganda,Both parents alive,low socio-economic status,No,severe stress,Was not a premature at birth,Yes,Yes,Stage 2,692,Advanced immune compromised,4165,Unsuppressed,1.3586328,0.82531728,0.5333155,Decreased,12-Dec,LS,SA/LG,A:G,A:A,C:T,G:G,G:G,G:G,T:G,cases,0,0,0,0
CHAKA/01/09/0616,14,Adolescent,Male,Muslim,Pre-primary,Underweight,Muganda,Single parent alive,high socioecnomic status,No,severe stress,Was not a premature at birth,Yes,Yes,Stage 4,1090,Advanced immune compromised,0,Undetectable,1.263826,0.75908435,0.5047417,Decreased,10-Dec,LL,LA/LA,A:A,G:A,C:T,G:G,G:G,G:G,T:G,cases,0,0,0,0
CHAKA/03/08/1247,,Adolescent,Female,Catholic,Pre-primary,Underweight,Muganda,Single parent alive,low socio-economic status,No,severe stress,Was not a premature at birth,Yes,Yes,Stage 2,757,Advanced immune compromised,10,Suppressed,1.3777739,0.84581448,0.5319594,Decreased,10-Dec,LL,LA/LG,A:G,G:A,C:T,G:G,G:G,G:G,T:G,cases,0,0,0,0
CHAKA/02/01/0009,15.19233,Adolescent,Female,Catholic,Secondary level,Normal weight,Muganda,Both parents dead,high socioecnomic status,,mild stress,I don’t know,Yes,Yes,Stage 2,427,Possibly immune compromised,,,1.7732101,1.2558261,0.5173839,Decreased,10-Dec,LL,LA/LA,A:A,A:A,T:T,G:G,G:G,G:G,T:G,cases,0,0,1,1
CHAKA/05/05/0507,6.570842,Children,Male,Muslim,Pre-primary,Underweight,Muganda,Both parents alive,low socio-economic status,No,mild stress,Was not a premature at birth,Yes,Yes,Stage 1,790,Advanced immune compromised,10,Suppressed,0.63896673,1.8525051,-1.213538,Increased,10-Dec,LL,LA/LG,A:G,A:A,T:T,G:G,G:G,G:G,T:G,cases,0,0,0,0
CHAKA/05/05/0504,7.268994,Children,Male,Muslim,Pre-primary,Underweight,Muganda,Both parents alive,low socio-economic status,No,moderate stress,Was not a premature at birth,Yes,Yes,Stage 2,1330,Advanced immune compromised,0,Undetectable,0.68723333,0.59006805,0.0971653,Decreased,,,,,A:A,T:T,G:G,G:G,G:G,T:G,cases,0,1,0,1
CHAKA/01/02/0191,13,Adolescent,Male,Protestant,Pre-primary,Underweight,Non-Munganda but Ugandan,Both parents alive,high socioecnomic status,No,severe stress,Was not a premature at birth,No,Yes,Stage 3,319,Normal CD4 range,,,1.222357,0.95537998,0.266977,Decreased,12-Dec,SS,SA/SA,A:A,A:A,C:C,G:A,T:G,G:G,T:G,cases,0,0,0,0
CHAKA/05/08/1302,10.37098,Adolescent,Female,Catholic,Pre-primary,Underweight,Muganda,Both parents alive,low socio-economic status,No,mild stress,Was not a premature at birth,Yes,Yes,Stage 2,1079,Advanced immune compromised,0,Undetectable,,1.123006,,,12-Dec,LL,LA/LA,A:A,G:A,C:C,G:A,T:G,G:G,T:G,cases,0,0,0,0
CHAKA/01/02/0180,10.34908,Adolescent,Male,Protestant,Pre-primary,Underweight,Muganda,Both parents alive,high socioecnomic status,No,severe stress,Was not a premature at birth,Yes,Yes,Stage 2,1484,Advanced immune compromised,10,Suppressed,,0.77817152,,,12-Dec,LS,LA/SA,A:A,A:A,C:C,G:G,T:G,G:G,T:G,cases,0,0,0,0
CHAKA/01/04/0592,15,Adolescent,Male,Catholic,Secondary level,Overweight,Muganda,,high socioecnomic status,No,moderate stress,I don’t know,Yes,Yes,Stage 2,718,Advanced immune compromised,0,Undetectable,,,,,12-Dec,LS,LA/SA,A:A,A:A,C:C,G:G,T:G,G:G,T:G,cases,0,0,0,0
CHAKA/03/05/0764,6.264203,Children,Female,Catholic,,Underweight,Muganda,Single parent alive,high socioecnomic status,No,severe stress,I don’t know,Yes,Yes,Stage 2,1780,Advanced immune compromised,0,Undetectable,,0.73754649,,,10-Dec,LL,LA/LG,A:G,,C:T,G:G,T:G,G:G,T:G,cases,0,0,1,1
CHAKA/03/07/1090,7.091033,Children,Female,Muslim,Pre-primary,Underweight,Muganda,Single parent alive,low socio-economic status,No,mild stress,Was not a premature at birth,Yes,Yes,Stage 3,2364,Advanced immune compromised,38499,Unsuppressed,1.44241,1.4064548,0.0359552,Decreased,10-Dec,LL,LA/LA,A:A,A:A,C:T,G:G,T:G,G:G,T:G,cases,0,0,0,0
CHAKA/02/09/0719,6.913073,Adolescent,Female,Catholic,Pre-primary,Underweight,Non-Munganda but Ugandan,Both parents alive,high socioecnomic status,No,mild stress,Was not a premature at birth,Yes,Yes,Stage 1,2295,Advanced immune compromised,0,Undetectable,1.0789501,,,,12-Dec,LL,LA/LA,A:A,A:A,C:T,G:G,T:G,G:G,T:G,cases,0,0,0,0
CHAKA/01/03/0323,12,Adolescent,Male,Protestant,Pre-primary,Underweight,Muganda,Single parent alive,high socioecnomic status,No,moderate stress,Was not a premature at birth,Yes,Yes,Stage 3,518,Advanced immune compromised,10,Suppressed,1.0033244,1.1337067,-0.1303823,Increased,10-Oct,LS,LA/SA,A:A,A:A,C:T,G:G,T:G,G:G,T:G,cases,0,1,0,1
CHAKA/03/06/0929,10.5024,Adolescent,Female,Catholic,Pre-primary,Normal weight,Muganda,Single parent alive,high socioecnomic status,No,moderate stress,Was not a premature at birth,Yes,Yes,Stage 2,1563,Advanced immune compromised,10,Suppressed,1.4686922,1.1934658,0.2752264,Decreased,10-Dec,LS,LA/SA,A:A,A:A,C:T,G:G,T:G,G:G,T:G,cases,0,0,1,1
CHAKA/05/07/0431,11.5154,Adolescent,Female,Catholic,Pre-primary,Underweight,Muganda,Both parents alive,low socio-economic status,No,severe stress,Was not a premature at birth,Yes,Yes,Stage 2,1479,Advanced immune compromised,10,Suppressed,0.76050967,0.91209195,-0.1515823,Increased,10-Oct,LL,LA/LG,A:G,A:A,C:T,G:G,T:G,G:G,T:G,cases,0,0,0,0
CHAKA/01/09/0624,12,Adolescent,Male,Protestant,Pre-primary,Overweight,Non-Munganda but Ugandan,Single parent alive,high socioecnomic status,No,severe stress,Was not a premature at birth,Yes,Yes,Stage 1,662,Advanced immune compromised,,,1.0215687,,,,10-Dec,LL,LA/LG,A:G,A:A,C:T,G:G,T:G,G:G,T:G,cases,0,0,0,0
CHAKA/02/04/0492,8.599589,Children,Male,Muslim,Pre-primary,Underweight,Muganda,Both parents alive,low socio-economic status,No,moderate stress,Was not a premature at birth,Yes,Yes,Stage 1,1388,Advanced immune compromised,10,Suppressed,,0.79270555,,,10-Dec,LL,LA/LG,A:G,A:A,C:T,G:G,T:G,G:G,T:G,cases,0,0,0,0
CHAKA/02/01/0137,7.718001,Children,Male,Catholic,Pre-primary,Underweight,Muganda,Both parents alive,high socioecnomic status,No,moderate stress,Was not a premature at birth,Yes,Yes,Stage 3,1400,Advanced immune compromised,10,Suppressed,,1.476557,,,12-Dec,LL,LA/LG,A:G,G:G,C:T,G:G,T:G,G:G,T:G,cases,0,0,0,0
CHAKA/01/04/0580,8.988364,Children,Female,Muslim,Pre-primary,Underweight,Non-Munganda but Ugandan,Both parents dead,high socioecnomic status,No,moderate stress,Was not a premature at birth,Yes,Yes,Stage 1,742,Advanced immune compromised,10,Suppressed,0.92776201,1.0976462,-0.1698842,Increased,12-Dec,SS,SA/SA,A:A,A:A,T:T,G:G,T:G,G:G,T:G,cases,0,0,0,0
CHAKA/02/09/0699,9.327858,Adolescent,Male,Catholic,Pre-primary,Underweight,Muganda,Single parent alive,low socio-economic status,Yes,severe stress,Was not a premature at birth,Yes,Yes,Stage 1,2371,Advanced immune compromised,0,Undetectable,1.0452485,,,,12-Dec,LL,LA/LA,A:A,,C:C,G:G,T:T,G:G,T:G,cases,0,0,0,0
CHAKA/03/08/1212,,Children,Male,Catholic,Pre-primary,Underweight,Non-Munganda but Ugandan,Single parent alive,high socioecnomic status,No,severe stress,Was not a premature at birth,Yes,Yes,Stage 3,776,Advanced immune compromised,0,Undetectable,1.3029453,,,,10-Dec,LS,LA/SA,A:A,,C:C,G:G,T:T,G:G,T:G,cases,0,1,1,1
CHAKA/02/02/0272,7.23614,Children,Male,Catholic,Pre-primary,Underweight,Muganda,,high socioecnomic status,No,moderate stress,Was not a premature at birth,Yes,Yes,Stage 2,1189,Advanced immune compromised,10,Suppressed,1.7060371,0.54778507,1.158252,Decreased,12-Dec,SS,SA/SA,A:A,A:A,C:C,G:G,T:T,G:G,T:G,cases,0,0,0,0
CHAKA/02/04/0461,7.430527,Children,Male,Catholic,Pre-primary,Underweight,Non-Munganda but Ugandan,Both parents alive,low socio-economic status,No,severe stress,Was not a premature at birth,Yes,Yes,Stage 1,790,Advanced immune compromised,0,Undetectable,1.1265803,,,,12-Dec,LL,LA/LA,A:A,,C:T,G:G,T:T,G:G,T:G,cases,0,0,0,0
CHAKA/01/03/0305,14,Adolescent,Female,Muslim,Secondary level,Normal weight,Muganda,Both parents alive,low socio-economic status,No,severe stress,Was not a premature at birth,No,Yes,Stage 2,500,Possibly immune compromised,1106,Unsuppressed,,,,,10-Dec,LL,LA/LG,A:G,,C:T,G:G,T:T,G:G,T:G,cases,0,0,0,0
CHAKA/03/05/0811,9.226557,Adolescent,Female,Protestant,No formal education,Obesity,Muganda,Single parent alive,low socio-economic status,No,severe stress,Was not a premature at birth,Yes,Yes,Stage 1,1328,Advanced immune compromised,67,Suppressed,1.805359,0.86058865,0.9447703,Decreased,12-Dec,LS,LA/SA,A:A,A:A,C:T,G:G,T:T,G:G,T:G,cases,0,0,0,0
CHAKA/02/04/0502,6.726899,Children,Female,Catholic,Pre-primary,Underweight,Muganda,Both parents alive,high socioecnomic status,No,severe stress,Was not a premature at birth,Yes,Yes,Stage 1,1381,Advanced immune compromised,5354,Unsuppressed,0.87358623,0.50141039,0.3721758,Decreased,10-Dec,LL,LA/LG,A:G,A:A,C:T,G:G,T:T,G:G,T:G,cases,0,0,0,0
CHAKA/05/07/0422,11.31554,Adolescent,Male,Born Again,Pre-primary,Underweight,Muganda,Both parents alive,high socioecnomic status,No,moderate stress,Was not a premature at birth,Yes,Yes,Stage 2,757,Advanced immune compromised,73681,Unsuppressed,0.62264842,,,,12-Dec,LL,LA/LG,A:G,A:A,C:T,G:G,T:T,G:G,T:G,cases,0,0,0,0
CHAKA/03/07/1096,11.40041,Adolescent,Male,Catholic,Pre-primary,Underweight,Muganda,Single parent alive,low socio-economic status,No,mild stress,Was not a premature at birth,Yes,Yes,Stage 3,1172,Advanced immune compromised,0,Undetectable,1.2397371,1.9615646,-0.7218274,Increased,10-Oct,LS,SA/LG,A:G,A:A,T:T,G:G,T:T,G:G,T:G,cases,0,0,0,0
CHAKA/05/06/0372,14.15743,Adolescent,Male,Catholic,Pre-primary,,Muganda,Single parent alive,low socio-economic status,No,mild stress,Was not a premature at birth,Yes,Yes,Stage 2,815,Advanced immune compromised,,,1.4371939,0.73076398,0.70643,Decreased,,,,,,,,,,T:T,cases,0,0,0,0
CHAKA/02/09/0700,11.8987,Adolescent,Female,Protestant,Pre-primary,Underweight,Non-Munganda but Ugandan,Single parent alive,high socioecnomic status,No,severe stress,Was not a premature at birth,Yes,Yes,Stage 2,1042,Advanced immune compromised,0,Undetectable,,,,,12-Dec,LL,LA/LA,A:A,,C:T,G:G,,,T:T,cases,0,0,0,0
CHAKA/03/05/0761,17,Adolescent,Female,Protestant,Secondary level,Normal weight,Muganda,Single parent alive,low socio-economic status,No,moderate stress,Was not a premature at birth,Yes,Yes,Stage 3,735,Advanced immune compromised,0,Undetectable,,1.2904533,,,10-Dec,LL,LA/LG,A:G,,,,G:G,,T:T,cases,0,1,1,1
CHAKA/03/05/0806,9.045859,Adolescent,Female,Muslim,Pre-primary,Underweight,Muganda,Both parents alive,high socioecnomic status,No,mild stress,Was not a premature at birth,Yes,Yes,Stage 2,1948,Advanced immune compromised,0,Undetectable,1.570823,1.0322965,0.5385266,Decreased,12-Dec,LL,LA/LA,A:A,A:A,C:T,A:A,G:G,A:A,T:T,cases,0,0,0,0
CHAKA/03/07/1125,8.449008,Children,Male,Catholic,Pre-primary,Underweight,Muganda,Single parent alive,high socioecnomic status,No,mild stress,Was not a premature at birth,Yes,Yes,Stage 2,365,Possibly immune compromised,45,Suppressed,,0.775643,,,12-Dec,LL,LA/LA,A:A,A:A,C:T,A:A,G:G,A:A,T:T,cases,0,0,0,0
CHAKA/02/01/0008,10.45038,Adolescent,Male,Protestant,Pre-primary,Underweight,Non-Munganda but Ugandan,Both parents alive,high socioecnomic status,No,moderate stress,Was not a premature at birth,Yes,Yes,Stage 2,755,Advanced immune compromised,10,Suppressed,1.0863171,0.80949334,0.2768238,Decreased,10-Dec,LL,LA/LA,A:A,G:A,C:T,A:A,G:G,A:A,T:T,cases,0,0,0,0
CHAKA/04/07/1069,16,Adolescent,Male,Catholic,Pre-primary,Normal weight,Muganda,Both parents dead,low socio-economic status,Yes,mild stress,Was not a premature at birth,Yes,Yes,Stage 2,296,Normal CD4 range,54430,Unsuppressed,1.5180656,,,,10-Dec,LL,LA/LA,A:A,A:A,C:C,G:A,T:G,A:A,T:T,cases,0,0,0,0
CHAKA/02/01/0120,9.171801,Children,Female,Muslim,Pre-primary,Underweight,Non-Munganda but Ugandan,Both parents alive,high socioecnomic status,No,severe stress,Was not a premature at birth,Yes,Yes,Stage 3,1943,Advanced immune compromised,113,Suppressed,1.1674591,1.1559475,0.0115116,Decreased,12-Dec,LS,LA/SA,A:A,A:A,C:C,G:A,T:G,A:A,T:T,cases,0,0,1,1
CHAKA/01/04/1368,8.484599,Children,Male,Catholic,Pre-primary,Underweight,Non-Munganda but Ugandan,Both parents alive,high socioecnomic status,No,mild stress,Was not a premature at birth,Yes,Yes,Stage 1,228,Normal CD4 range,10,Suppressed,0.67671991,,,,10-Dec,LL,LA/LG,A:G,A:A,C:C,G:A,T:G,A:A,T:T,cases,0,0,0,0
CHAKA/02/09/0677,5.754962,Children,Female,Catholic,Pre-primary,Underweight,Non-Munganda but Ugandan,Both parents alive,high socioecnomic status,No,severe stress,Was not a premature at birth,Yes,Yes,Stage 2,720,Advanced immune compromised,116,Suppressed,1.0542171,0.59677604,0.4574411,Decreased,12-Dec,LS,SA/LG,A:G,A:A,C:C,G:A,T:G,A:A,T:T,cases,0,0,0,0
CHAKA/01/09/0628,5.130733,Children,Male,Born Again,Pre-primary,Underweight,Non-Munganda but Ugandan,Single parent alive,high socioecnomic status,No,severe stress,Was not a premature at birth,Yes,Yes,Stage 1,976,Advanced immune compromised,0,Undetectable,1.2306121,0.84550647,0.3851056,Decreased,,LL,,,G:A,C:C,G:A,T:G,A:A,T:T,cases,0,0,0,0
CHAKA/02/01/0078,16.32307,Adolescent,Female,Catholic,Secondary level,Normal weight,Non-Munganda but Ugandan,Single parent alive,high socioecnomic status,No,mild stress,Was not a premature at birth,Yes,Yes,Stage 2,626,Advanced immune compromised,0,Undetectable,0.75653753,0.66651861,0.0900189,Decreased,12-Dec,LL,LA/LA,A:A,A:A,C:T,G:A,T:G,A:A,T:T,cases,0,0,1,1
CHAKA/03/06/0367,,Children,Male,Catholic,Pre-primary,Underweight,Muganda,Single parent alive,high socioecnomic status,No,moderate stress,Was not a premature at birth,Yes,Yes,Stage 2,803,Advanced immune compromised,,,0.4404194,0.61085715,-0.1704378,Increased,,LL,LA/LA,A:A,A:A,C:T,G:A,T:G,A:A,T:T,cases,0,0,0,0
CHAKA/05/07/0430,10.69952,Adolescent,Female,Catholic,Pre-primary,Underweight,Muganda,Both parents alive,high socioecnomic status,No,moderate stress,Was not a premature at birth,Yes,Yes,Stage 2,925,Advanced immune compromised,,,1.2747265,0.83298558,0.4417409,Decreased,,LL,LA/LA,A:A,A:A,C:T,G:A,T:G,A:A,T:T,cases,0,0,0,0
CHAKA/05/07/0429,17,Adolescent,Female,Muslim,No formal education,Normal weight,Muganda,Single parent alive,high socioecnomic status,Yes,mild stress,Was not a premature at birth,Yes,Yes,Stage 2,317,Normal CD4 range,0,Undetectable,0.72511375,1.1977663,-0.4726526,Increased,10-Dec,LL,LA/LG,A:G,A:A,C:T,G:A,T:G,A:A,T:T,cases,0,0,0,0
CHAKA/05/06/0445,10.20671,Adolescent,Male,Born Again,Pre-primary,Underweight,Muganda,Both parents alive,low socio-economic status,No,moderate stress,Was not a premature at birth,Yes,Yes,Stage 2,960,Advanced immune compromised,130394,Unsuppressed,0.76367531,0.4705335,0.2931418,Decreased,10-Dec,LL,LA/LA,A:A,G:A,C:T,G:A,T:G,A:A,T:T,cases,0,0,0,0
CHAKA/03/07/1124,15,Adolescent,Male,Catholic,Pre-primary,Underweight,Muganda,Both parents alive,high socioecnomic status,No,mild stress,Was not a premature at birth,Yes,Yes,Stage 2,503,Advanced immune compromised,1319,Unsuppressed,1.8899845,1.0327633,0.8572212,Decreased,12-Dec,LL,LA/LA,A:A,A:A,T:T,G:A,T:G,A:A,T:T,cases,0,0,0,0
CHAKA/02/02/0243,15,Adolescent,Male,Others,Secondary level,Normal weight,Non-Munganda but Ugandan,Both parents dead,high socioecnomic status,No,severe stress,Was not a premature at birth,Yes,Yes,Stage 2,450,Possibly immune compromised,40748,Unsuppressed,,0.94372363,,,10-Dec,LL,LA/LA,A:A,G:G,C:T,G:G,T:G,A:A,T:T,cases,0,0,0,0
CHAKA/01/02/0177,15,Adolescent,Female,Protestant,Pre-primary,Normal weight,Muganda,Both parents dead,high socioecnomic status,No,severe stress,Was not a premature at birth,Yes,Yes,Stage 3,504,Advanced immune compromised,,,1.2353393,0.52294781,0.7123914,Decreased,10-Dec,LL,LA/LG,A:G,A:A,C:T,,T:T,A:A,T:T,cases,0,0,1,1
CHAKA/03/05/0763,10.4668,Adolescent,Female,Catholic,Pre-primary,Underweight,Muganda,Single parent alive,low socio-economic status,No,severe stress,Was not a premature at birth,Yes,Yes,Stage 2,565,Advanced immune compromised,0,Undetectable,,0.80625934,,,12-Dec,LS,SA/LG,A:G,,C:C,G:G,T:T,A:A,T:T,cases,0,0,0,0
CHAKA/02/09/0737,9.002053,Adolescent,Female,Catholic,Pre-primary,Underweight,Muganda,Single parent alive,low socio-economic status,No,moderate stress,Was not a premature at birth,Yes,No,Stage 2,862,Advanced immune compromised,41378,Unsuppressed,1.391039,0.78951717,0.6015218,Decreased,,LL,SA/SA,A:A,G:A,C:C,G:G,T:T,A:A,T:T,cases,0,0,1,1
CHAKA/02/01/0074,9.949349,Adolescent,Male,Protestant,Pre-primary,Underweight,Non-Munganda but Ugandan,Both parents alive,low socio-economic status,No,mild stress,Was a premature at birth,Yes,Yes,Stage 2,1319,Advanced immune compromised,119,Suppressed,0.74143171,0.9704645,-0.2290328,Increased,,LL,LA/LA,A:A,A:A,C:T,G:G,T:T,A:A,T:T,cases,0,0,0,0
CHAKA/02/02/0249,6.970568,Children,Female,Protestant,Pre-primary,Underweight,Muganda,Both parents alive,high socioecnomic status,No,mild stress,Was not a premature at birth,No,Yes,Stage 3,993,Advanced immune compromised,23109,Unsuppressed,,1.1981588,,,10-Dec,LS,LA/SA,A:A,A:A,C:T,G:G,T:T,A:A,T:T,cases,0,0,0,0
CHAKA/03/06/0967,6.90486,Children,Female,Protestant,Pre-primary,Underweight,Non-Munganda but Ugandan,Both parents alive,low socio-economic status,No,severe stress,Was not a premature at birth,Yes,Yes,Stage 3,2089,Advanced immune compromised,0,Undetectable,1.5529636,0.85531138,0.6976522,Decreased,12-Dec,LL,,,A:A,C:T,G:G,T:T,A:A,T:T,cases,0,0,0,0
CHAKA/03/08/1209,7.077344,Children,Male,Muslim,Pre-primary,Underweight,Muganda,Both parents alive,low socio-economic status,No,mild stress,Was not a premature at birth,Yes,Yes,Stage 2,936,Advanced immune compromised,0,Undetectable,0.82082638,0.79195865,0.0288677,Decreased,10-Dec,LS,LA/SA,A:A,A:A,T:T,G:G,T:T,A:A,T:T,cases,0,0,0,0
CHAKA/02/02/0231,7.945243,Children,Female,Catholic,Pre-primary,Underweight,Muganda,Both parents alive,high socioecnomic status,No,severe stress,Was not a premature at birth,Yes,Yes,Stage 2,1261,Advanced immune compromised,172947,Unsuppressed,1.1095552,1.1895463,-0.0799911,Increased,10-Dec,LL,LA/LA,A:A,A:A,C:C,G:A,,G:A,T:T,cases,0,0,0,0
CHAKA/03/05/0807,11.98357,Children,Female,Catholic,Pre-primary,Underweight,Muganda,Single parent alive,low socio-economic status,No,moderate stress,Was not a premature at birth,Yes,Yes,Stage 2,1011,Advanced immune compromised,10,Suppressed,1.3968074,,,,12-Dec,LL,LA/LA,A:A,A:A,C:C,G:A,G:G,G:A,T:T,cases,0,0,0,0
CHAKA/02/04/0464,12,Adolescent,Male,Protestant,Pre-primary,Underweight,Non-Munganda but Ugandan,Both parents alive,high socioecnomic status,No,severe stress,Was not a premature at birth,Yes,Yes,Stage 1,1926,Advanced immune compromised,0,Undetectable,1.077338,,,,12-Dec,LS,LA/SA,A:A,A:A,C:C,G:A,G:G,G:A,T:T,cases,0,0,0,0
CHAKA/04/07/1115,12,Adolescent,Male,Muslim,Pre-primary,Underweight,Muganda,Single parent alive,low socio-economic status,No,severe stress,Was not a premature at birth,Yes,Yes,Stage 3,1486,Advanced immune compromised,,,1.444601,1.3514098,0.0931912,Decreased,12-Dec,LL,LA/LG,A:G,A:A,C:C,G:A,G:G,G:A,T:T,cases,0,0,0,0
CHAKA/02/09/0705,15,Adolescent,Male,Catholic,Secondary level,Underweight,Muganda,Both parents alive,high socioecnomic status,No,moderate stress,Was not a premature at birth,Yes,Yes,Stage 3,958,Advanced immune compromised,10,Suppressed,0.91016929,0.80315496,0.1070143,Decreased,12-Dec,LS,LA/SA,A:A,G:A,C:C,G:A,G:G,G:A,T:T,cases,0,0,0,0
CHAKA/02/03/0405,7.145791,Children,Female,Muslim,Pre-primary,Overweight,Non-Munganda but Ugandan,Both parents alive,low socio-economic status,No,moderate stress,Was not a premature at birth,Yes,Yes,Stage 3,1224,Advanced immune compromised,598,Suppressed,1.691322,2.0266472,-0.3353252,Increased,12-Dec,LS,LA/SA,A:A,,C:T,G:A,G:G,G:A,T:T,cases,0,0,0,0
CHAKA/01/02/0187,12,Adolescent,Male,Catholic,Pre-primary,Underweight,Non-Munganda but Ugandan,Both parents alive,high socioecnomic status,No,moderate stress,Was not a premature at birth,Yes,Yes,Stage 3,790,Advanced immune compromised,,,1.4052064,1.0588495,0.3463569,Decreased,12-Dec,LL,LA/LA,A:A,A:A,C:T,G:A,G:G,G:A,T:T,cases,0,0,0,0
CHAKA/01/04/0588,5.067762,Children,Male,Catholic,Pre-primary,Underweight,Muganda,Both parents alive,high socioecnomic status,No,severe stress,Was not a premature at birth,Yes,Yes,Stage 2,1689,Advanced immune compromised,31,Suppressed,0.78800642,,,,,SS,SA/SA,A:A,G:A,C:T,G:A,G:G,G:A,T:T,cases,0,0,0,0
CHAKA/03/05/0798,14,Adolescent,Male,Protestant,Pre-primary,Underweight,Muganda,Both parents alive,high socioecnomic status,No,severe stress,Was not a premature at birth,Yes,Yes,Stage 2,31,Normal CD4 range,499017,Unsuppressed,,0.87322546,,,10-Oct,SS,SA/SA,A:A,A:A,T:T,G:A,G:G,G:A,T:T,cases,0,1,0,1
CHAKA/01/02/0215,15,Adolescent,Male,Protestant,Pre-primary,Normal weight,Muganda,Single parent alive,high socioecnomic status,No,severe stress,Was not a premature at birth,Yes,Yes,Stage 3,736,Advanced immune compromised,,,,0.93396993,,,12-Dec,LL,LA/LA,A:A,,C:C,G:A,T:G,G:A,T:T,cases,0,0,0,0
CHAKA/02/04/0482,15,Adolescent,Female,Catholic,Secondary level,Underweight,Muganda,Single parent alive,high socioecnomic status,No,severe stress,Was not a premature at birth,Yes,Yes,Stage 1,586,Advanced immune compromised,,,1.7792296,0.80128982,0.9779398,Decreased,12-Dec,LS,LA/SA,A:A,A:A,C:C,G:A,T:G,G:A,T:T,cases,0,0,1,1
CHAKA/02/04/0510,14,Adolescent,Male,Muslim,Pre-primary,Underweight,Non-Munganda but Ugandan,Both parents alive,high socioecnomic status,No,severe stress,Was not a premature at birth,Yes,Yes,Stage 1,705,Advanced immune compromised,20,Suppressed,0.81012397,,,,12-Dec,LS,LA/SA,A:A,A:A,C:C,G:A,T:G,G:A,T:T,cases,0,0,0,0
CHAKA/04/06/0961,13.62355,Adolescent,Male,Catholic,No formal education,Underweight,Muganda,Both parents alive,low socio-economic status,Yes,severe stress,Was not a premature at birth,Yes,Yes,Stage 3,11,Normal CD4 range,15148,Unsuppressed,1.347105,0.9521881,0.3949169,Decreased,10-Oct,LL,LG/LG,G:G,A:A,C:C,G:A,T:G,G:A,T:T,cases,0,0,0,0
CHAKA/04/07/1072,13,Adolescent,Male,Catholic,Pre-primary,Underweight,Muganda,Single parent alive,high socioecnomic status,No,mild stress,Was not a premature at birth,Yes,Yes,Stage 2,481,Possibly immune compromised,598,Suppressed,0.9292416,0.75916669,0.1700749,Decreased,12-Dec,LL,LA/LG,A:G,G:A,C:C,G:A,T:G,G:A,T:T,cases,0,0,0,0
CHAKA/05/06/1038,8.010951,Children,Female,Catholic,Pre-primary,Underweight,Non-Munganda but Ugandan,Single parent alive,high socioecnomic status,No,mild stress,Was not a premature at birth,Yes,Yes,Stage 3,116,Normal CD4 range,1170290,Unsuppressed,1.2702254,1.3397165,-0.0694911,Increased,10-Dec,LL,LA/LA,A:A,G:A,C:T,G:A,T:G,G:A,T:T,cases,0,0,0,0
CHAKA/02/01/0118,7.797399,Children,Female,Catholic,Pre-primary,Underweight,Non-Ugandan,Both parents dead,low socio-economic status,No,mild stress,Was not a premature at birth,Yes,Yes,Stage 3,1171,Advanced immune compromised,0,Undetectable,1.1672874,0.59966539,0.5676221,Decreased,12-Dec,LL,LA/LA,A:A,G:A,C:T,G:A,T:G,G:A,T:T,cases,0,0,0,0
CHAKA/05/07/1185,,Children,Male,Catholic,Pre-primary,Underweight,Muganda,Single parent alive,high socioecnomic status,No,moderate stress,Was not a premature at birth,Yes,Yes,Stage 2,1037,Advanced immune compromised,188215,Unsuppressed,0.99142774,,,,12-Dec,LL,LA/LA,A:A,A:A,,G:G,T:G,G:A,T:T,cases,0,0,0,0
CHAKA/02/01/0141,9.412731,Adolescent,Female,Catholic,Pre-primary,Underweight,Non-Munganda but Ugandan,Both parents alive,low socio-economic status,No,severe stress,Was not a premature at birth,Yes,Yes,Stage 2,783,Advanced immune compromised,0,Undetectable,1.2903492,0.71922114,0.571128,Decreased,12-Dec,LL,LA/LA,A:A,A:A,C:C,G:G,T:G,G:A,T:T,cases,0,0,1,1
CHAKA/02/02/0275,7.778234,Adolescent,Male,Catholic,Pre-primary,Underweight,Muganda,Both parents alive,high socioecnomic status,No,mild stress,Was not a premature at birth,Yes,Yes,Stage 4,1251,Advanced immune compromised,0,Undetectable,1.2225296,,,,10-Oct,LL,LA/LG,A:G,A:A,C:C,G:G,T:G,G:A,T:T,cases,0,0,0,0
CHAKA/02/01/0079,11.77276,Adolescent,Male,Muslim,Pre-primary,Underweight,Muganda,Both parents alive,low socio-economic status,No,severe stress,Was not a premature at birth,Yes,Yes,Stage 2,671,Advanced immune compromised,10,Suppressed,1.4448039,0.60801953,0.8367844,Decreased,12-Dec,LL,LA/LA,A:A,,C:T,G:G,T:G,G:A,T:T,cases,0,0,0,0
CHAKA/01/02/0167,14,Adolescent,Male,Protestant,Secondary level,Obesity,Muganda,Both parents dead,high socioecnomic status,No,mild stress,Was not a premature at birth,Yes,Yes,Stage 2,123,Normal CD4 range,37050,Unsuppressed,1.4910238,,,,12-Dec,LL,LA/LA,A:A,A:A,C:T,G:G,T:G,G:A,T:T,cases,0,0,0,0
CHAKA/02/01/0142,7.189596,Children,Female,Catholic,Pre-primary,Underweight,Non-Munganda but Ugandan,Both parents alive,high socioecnomic status,No,mild stress,Was not a premature at birth,Yes,Yes,Stage 2,669,Advanced immune compromised,118,Suppressed,1.2319129,0.76906971,0.4628432,Decreased,12-Dec,LL,LA/LA,A:A,A:A,C:T,G:G,T:G,G:A,T:T,cases,0,0,0,0
CHAKA/01/09/0636,14,Adolescent,Female,Muslim,Secondary level,Normal weight,Non-Munganda but Ugandan,Single parent alive,low socio-economic status,No,severe stress,Was not a premature at birth,Yes,Yes,Stage 3,264,Normal CD4 range,,,1.4575692,1.0125524,0.4450168,Decreased,12-Dec,LL,LA/LG,A:G,A:A,C:T,G:G,T:G,G:A,T:T,cases,0,0,0,0
CHAKA/03/05/0758,8.520191,Children,Female,Muslim,Pre-primary,Underweight,Muganda,Single parent alive,low socio-economic status,No,moderate stress,Was not a premature at birth,Yes,Yes,Stage 2,1387,Advanced immune compromised,20878,Unsuppressed,,0.66270329,,,10-Oct,LS,SA/LG,A:G,A:A,C:T,G:G,T:G,G:A,T:T,cases,0,0,0,0
CHAKA/02/02/0420,16,Adolescent,Female,Protestant,Pre-primary,Overweight,Muganda,Single parent alive,high socioecnomic status,No,moderate stress,Was not a premature at birth,Yes,Yes,Stage 3,1151,Advanced immune compromised,,,0.70521395,0.72774787,-0.0225339,Increased,10-Dec,LS,SA/LG,A:G,A:A,C:T,G:G,T:G,G:A,T:T,cases,0,0,1,1
CHAKA/02/09/0662,10.54894,Adolescent,Female,Catholic,Pre-primary,Underweight,Muganda,Both parents alive,low socio-economic status,No,mild stress,Was not a premature at birth,Yes,Yes,Stage 4,1325,Advanced immune compromised,0,Undetectable,1.2126808,,,,12-Dec,LS,SA/LG,A:G,A:A,C:T,G:G,T:G,G:A,T:T,cases,0,0,0,0
CHAKA/05/07/1167,5.081451,Adolescent,Male,Muslim,Pre-primary,Underweight,Non-Munganda but Ugandan,Both parents alive,low socio-economic status,No,mild stress,Was not a premature at birth,Yes,Yes,Stage 2,1000,Advanced immune compromised,10,Suppressed,1.9629591,0.71314263,1.249816,Decreased,10-Dec,LL,LG/LG,G:G,A:A,C:T,G:G,T:G,G:A,T:T,cases,0,0,0,0
CHAKA/03/06/0951,6.354552,Children,Female,Catholic,Pre-primary,Underweight,Muganda,Both parents alive,low socio-economic status,No,moderate stress,Was not a premature at birth,Yes,Yes,Stage 2,685,Advanced immune compromised,10,Suppressed,1.8039474,1.1312768,0.6726706,Decreased,10-Dec,LL,LA/LA,A:A,G:A,C:T,G:G,T:G,G:A,T:T,cases,0,0,0,0
CHAKA/05/05/0522,14,Adolescent,Female,Catholic,Pre-primary,Normal weight,Muganda,Both parents dead,high socioecnomic status,No,moderate stress,Was not a premature at birth,Yes,Yes,Stage 1,849,Advanced immune compromised,10,Suppressed,0.95172766,0.86145496,0.0902727,Decreased,10-Dec,LL,LA/LA,A:A,G:A,C:T,G:G,T:G,G:A,T:T,cases,0,0,0,0
CHAKA/01/02/0194,9.563313,Adolescent,Male,Protestant,Pre-primary,Underweight,Non-Munganda but Ugandan,Both parents alive,high socioecnomic status,No,mild stress,Was not a premature at birth,Yes,Yes,Stage 2,1572,Advanced immune compromised,10,Suppressed,1.5379345,0.91956067,0.6183738,Decreased,10-Dec,LL,LA/LG,A:G,G:A,C:T,G:G,T:G,G:A,T:T,cases,0,0,0,0
CHAKA/05/07/1166,,Children,Male,Muslim,Pre-primary,Underweight,Muganda,Both parents alive,low socio-economic status,No,severe stress,Was a premature at birth,Yes,Yes,Stage 2,1144,Advanced immune compromised,8666,Unsuppressed,1.0582882,0.88991602,0.1683721,Decreased,12-Dec,LL,LA/LG,A:G,G:A,C:T,G:G,T:G,G:A,T:T,cases,0,0,1,1
CHAKA/02/09/0670,12,Adolescent,Female,Protestant,Pre-primary,Underweight,Non-Munganda but Ugandan,Both parents alive,high socioecnomic status,No,moderate stress,Was not a premature at birth,Yes,Yes,Stage 1,629,Advanced immune compromised,,,1.1335825,,,,12-Dec,LL,LA/LA,A:A,A:A,C:C,G:G,T:T,G:A,T:T,cases,0,0,0,0
CHAKA/03/05/0777,7.342916,Children,Female,Muslim,Pre-primary,Underweight,Muganda,Both parents alive,low socio-economic status,No,moderate stress,I don’t know,Yes,Yes,Stage 3,1647,Advanced immune compromised,0,Undetectable,1.1490057,1.6742989,-0.5252932,Increased,12-Dec,LL,LA/LA,A:A,A:A,C:C,G:G,T:T,G:A,T:T,cases,0,0,0,0
CHAKA/02/01/0085,9.702943,Adolescent,Female,Muslim,Pre-primary,Underweight,Non-Munganda but Ugandan,Single parent alive,high socioecnomic status,No,mild stress,Was not a premature at birth,Yes,Yes,Stage 2,1047,Advanced immune compromised,1247,Unsuppressed,,0.65295824,,,10-Dec,LS,LA/SA,A:A,A:A,C:C,G:G,T:T,G:A,T:T,cases,0,0,0,0
CHAKA/03/07/1133,9.932922,Adolescent,Female,Catholic,Pre-primary,Underweight,Muganda,Both parents alive,high socioecnomic status,No,moderate stress,Was not a premature at birth,Yes,Yes,Stage 2,908,Advanced immune compromised,0,Undetectable,,0.87424712,,,12-Dec,LL,,,A:A,C:C,G:G,T:T,G:A,T:T,cases,0,0,1,1
CHAKA/02/09/0693,8.706366,Children,Male,Born Again,Pre-primary,Underweight,Non-Munganda but Ugandan,Both parents dead,high socioecnomic status,No,severe stress,Was not a premature at birth,Yes,Yes,Stage 2,1747,Advanced immune compromised,0,Undetectable,0.95186955,,,,12-Dec,LL,LA/LA,A:A,G:A,C:C,G:G,T:T,G:A,T:T,cases,0,0,0,0
CHAKA/02/02/0252,8.829569,Children,Male,Catholic,Pre-primary,Underweight,Non-Munganda but Ugandan,Both parents alive,high socioecnomic status,No,moderate stress,Was a premature at birth,Yes,Yes,Stage 3,681,Advanced immune compromised,0,Undetectable,1.3606279,2.014028,-0.6534,Increased,12-Dec,LL,LA/LA,A:A,A:A,C:T,G:G,T:T,G:A,T:T,cases,0,0,0,0
CHAKA/02/02/0421,6.973306,Children,Male,Catholic,Pre-primary,Underweight,Muganda,Both parents alive,high socioecnomic status,No,moderate stress,Was not a premature at birth,Yes,Yes,Stage 2,563,Advanced immune compromised,138,Suppressed,0.40069787,0.8777876,-0.4770897,Increased,12-Dec,LL,LA/LA,A:A,A:A,C:T,G:G,T:T,G:A,T:T,cases,0,0,0,0
CHAKA/03/06/0915,7.301848,Children,Male,Protestant,Pre-primary,Underweight,Non-Munganda but Ugandan,Both parents alive,low socio-economic status,No,mild stress,Was not a premature at birth,Yes,Yes,Stage 2,555,Advanced immune compromised,10,Suppressed,0.83432379,0.52207666,0.3122471,Decreased,12-Dec,LS,LA/SA,A:A,A:A,C:T,G:G,T:T,G:A,T:T,cases,0,0,0,0
CHAKA/02/02/0241,10.55441,Adolescent,Male,Catholic,Pre-primary,Underweight,Muganda,Single parent alive,high socioecnomic status,No,moderate stress,Was not a premature at birth,Yes,Yes,Stage 2,1249,Advanced immune compromised,0,Undetectable,1.1854426,0.53591167,0.6495309,Decreased,10-Dec,LL,LA/LG,A:G,A:A,C:T,G:G,T:T,G:A,T:T,cases,0,0,0,0
CHAKA/03/05/0827,8.668036,Children,Male,Protestant,Pre-primary,Underweight,Muganda,Both parents alive,high socioecnomic status,No,mild stress,Was not a premature at birth,Yes,Yes,Stage 2,1153,Advanced immune compromised,0,Undetectable,0.95379798,0.5458594,0.4079386,Decreased,10-Dec,LS,LA/SA,A:A,A:A,C:C,G:A,G:G,G:G,T:T,cases,0,0,0,0
CHAKA/02/01/0058,12.43532,Children,Male,Protestant,Pre-primary,Underweight,Muganda,Both parents alive,high socioecnomic status,Yes,mild stress,Was not a premature at birth,Yes,Yes,Stage 3,862,Advanced immune compromised,,,0.87015914,,,,12-Dec,LL,LA/LA,A:A,A:A,C:T,G:A,G:G,G:G,T:T,cases,0,0,0,0
CHAKA/03/07/1085,9.242984,Adolescent,Female,Muslim,Pre-primary,Underweight,Muganda,Both parents alive,low socio-economic status,No,mild stress,Was not a premature at birth,Yes,Yes,Stage 2,822,Advanced immune compromised,6269,Unsuppressed,1.4913696,,,,12-Dec,LL,LA/LG,A:G,A:A,C:T,G:A,G:G,G:G,T:T,cases,0,0,0,0
CHAKA/02/01/0144,10.85558,Adolescent,Female,Born Again,Pre-primary,Underweight,Non-Munganda but Ugandan,Both parents dead,high socioecnomic status,No,mild stress,Was not a premature at birth,Yes,Yes,Stage 2,992,Advanced immune compromised,0,Undetectable,1.4877448,0.8782769,0.6094679,Decreased,10-Dec,SS,SA/SA,A:A,A:A,C:C,G:G,G:G,G:G,T:T,cases,0,0,0,0
CHAKA/01/04/0538,7.832991,Children,Female,Muslim,Pre-primary,Normal weight,Muganda,Both parents alive,low socio-economic status,No,moderate stress,Was not a premature at birth,Yes,Yes,Stage 1,1732,Advanced immune compromised,0,Undetectable,,1.0251079,,,10-Dec,LL,LA/LG,A:G,,T:T,G:G,G:G,G:G,T:T,cases,0,0,0,0
CHAKA/02/01/0060,7.274469,Children,Male,Catholic,Pre-primary,Underweight,Muganda,Both parents alive,low socio-economic status,No,moderate stress,Was not a premature at birth,Yes,Yes,Stage 3,656,Advanced immune compromised,10229,Unsuppressed,0.67255503,,,,10-Oct,LS,SA/LG,A:G,G:A,T:T,G:G,G:G,G:G,T:T,cases,0,0,0,0
CHAKA/03/07/1170,5.754962,Children,Male,Catholic,No formal education,Underweight,Muganda,Both parents alive,high socioecnomic status,No,moderate stress,Was not a premature at birth,Yes,Yes,Stage 3,2424,Advanced immune compromised,0,Undetectable,1.3405244,0.64786983,0.6926546,Decreased,10-Dec,LL,LA/LA,A:A,A:A,C:C,G:A,T:G,G:G,T:T,cases,0,0,0,0
CHAKA/03/06/0999,10.63929,Adolescent,Female,Muslim,Pre-primary,Underweight,Non-Ugandan,Single parent alive,low socio-economic status,No,mild stress,Was not a premature at birth,Yes,No,Stage 3,1997,Advanced immune compromised,0,Undetectable,1.6224291,1.4344493,0.1879798,Decreased,12-Dec,LL,LA/LA,A:A,,C:C,G:G,T:G,G:G,T:T,cases,0,0,0,0
CHAKA/03/08/1344,5.80972,Children,Male,Catholic,Pre-primary,Underweight,Non-Munganda but Ugandan,Single parent alive,low socio-economic status,No,moderate stress,Was not a premature at birth,Yes,Yes,Stage 2,465,Possibly immune compromised,0,Undetectable,0.79326251,0.76048678,0.0327757,Decreased,10-Dec,LS,SA/LG,A:G,A:A,C:C,G:G,T:G,G:G,T:T,cases,0,0,0,0
CHAKA/03/08/1204,5.045859,Adolescent,Female,Catholic,Pre-primary,Underweight,Muganda,Both parents alive,low socio-economic status,No,severe stress,Was not a premature at birth,No,Yes,Stage 2,1268,Advanced immune compromised,10,Suppressed,0.91412956,0.65624045,0.2578891,Decreased,12-Dec,LL,LA/LG,A:G,G:A,C:C,G:G,T:G,G:G,T:T,cases,0,0,0,0
CHAKA/02/02/0271,10.66667,Adolescent,Male,Born Again,Pre-primary,Underweight,Non-Munganda but Ugandan,Both parents alive,high socioecnomic status,No,moderate stress,Was not a premature at birth,Yes,Yes,Stage 2,1347,Advanced immune compromised,0,Undetectable,1.1061583,0.42062925,0.6855291,Decreased,10-Oct,LS,LA/SA,A:A,A:A,C:T,G:G,T:G,G:G,T:T,cases,0,0,0,0
CHAKA/05/08/1310,,Children,Female,Protestant,Pre-primary,Underweight,Non-Munganda but Ugandan,Both parents alive,high socioecnomic status,No,mild stress,Was not a premature at birth,Yes,Yes,Stage 2,1437,Advanced immune compromised,10,Suppressed,1.3865132,0.62696341,0.7595497,Decreased,12-Dec,LS,LA/SA,A:A,A:A,C:T,G:G,T:G,G:G,T:T,cases,0,0,1,1
CHAKA/03/08/1202,11.78097,Adolescent,Female,Catholic,Pre-primary,Obesity,Muganda,Both parents alive,high socioecnomic status,No,mild stress,Was a premature at birth,Yes,Yes,Stage 3,1187,Advanced immune compromised,0,Undetectable,0.30028126,0.75029613,-0.4500149,Increased,12-Dec,SS,SA/SA,A:A,A:A,C:T,G:G,T:G,G:G,T:T,cases,0,0,0,0
CHAKA/05/05/0519,8.114989,Children,Male,Muslim,Pre-primary,Underweight,Muganda,Both parents alive,low socio-economic status,No,mild stress,Was not a premature at birth,Yes,Yes,Stage 2,1136,Advanced immune compromised,10,Suppressed,0.48017539,0.38743182,0.0927436,Decreased,10-Dec,LS,SA/LG,A:G,A:A,T:T,G:G,T:G,G:G,T:T,cases,0,0,0,0
CHAKA/05/05/0518,9.667351,Adolescent,Female,Muslim,Pre-primary,Underweight,Muganda,Both parents alive,high socioecnomic status,No,moderate stress,Was not a premature at birth,Yes,Yes,Stage 2,1564,Advanced immune compromised,142,Suppressed,0.80183936,,,,12-Dec,LS,LA/SA,A:A,G:A,T:T,G:G,T:G,G:G,T:T,cases,0,0,0,0
CHAKA/02/03/0391,17,Adolescent,Female,Born Again,Secondary level,Normal weight,Muganda,Both parents alive,high socioecnomic status,No,moderate stress,I don’t know,Yes,Yes,Stage 2,467,Possibly immune compromised,0,Undetectable,1.2213795,1.4654196,-0.2440401,Increased,12-Dec,LL,LA/LA,A:A,,C:C,G:G,T:T,G:G,T:T,cases,0,0,1,1
CHAKA/03/07/1120,14,Adolescent,Male,Catholic,Pre-primary,Underweight,Muganda,Both parents alive,high socioecnomic status,No,severe stress,Was not a premature at birth,Yes,Yes,Stage 3,594,Advanced immune compromised,121,Suppressed,1.1475347,0.69823906,0.4492957,Decreased,12-Dec,LL,LA/LA,A:A,A:A,C:T,G:G,T:T,G:G,T:T,cases,0,0,0,0
CHAKA/01/02/0341,15,Adolescent,Female,Muslim,Secondary level,Overweight,Non-Munganda but Ugandan,Single parent alive,low socio-economic status,No,mild stress,Was not a premature at birth,Yes,Yes,Stage 3,205,Normal CD4 range,,,0.87728117,1.2123703,-0.3350892,Increased,12-Dec,LS,LA/SA,A:A,A:A,C:T,G:G,T:T,G:G,T:T,cases,0,0,1,1
CHAKA/05/07/0428,10.04517,Adolescent,Male,Catholic,Pre-primary,Underweight,Muganda,Single parent alive,high socioecnomic status,No,moderate stress,Was not a premature at birth,Yes,Yes,Stage 2,1551,Advanced immune compromised,0,Undetectable,1.3398298,0.58788717,0.7519426,Decreased,10-Oct,LL,LA/LG,A:G,G:A,T:T,G:G,T:T,G:G,T:T,cases,0,0,0,0
CHAKA/01/03/0312,10.13826,Children,Male,Catholic,,Underweight,Non-Munganda but Ugandan,Single parent alive,low socio-economic status,Yes,severe stress,Was not a premature at birth,Yes,Yes,Stage 2,435,Possibly immune compromised,9420,Unsuppressed,1.665431,1.2099594,0.4554715,Decreased,12-Dec,LS,LA/SA,A:A,A:A,C:T,G:G,T:T,A:A,,cases,0,0,0,0
CHAKA/03/07/1097,,Children,Female,Muslim,Pre-primary,Underweight,Muganda,Single parent alive,high socioecnomic status,No,mild stress,Was not a premature at birth,Yes,Yes,Stage 3,1080,Advanced immune compromised,0,Undetectable,1.1116951,,,,12-Dec,LS,LA/SA,A:A,A:A,C:C,G:A,G:G,G:A,,cases,0,0,0,0
CHAKA/02/02/0247,7.238877,Children,Female,Muslim,Pre-primary,Underweight,Non-Munganda but Ugandan,Single parent alive,low socio-economic status,No,moderate stress,Was not a premature at birth,Yes,Yes,Stage 3,1093,Advanced immune compromised,555,Suppressed,1.315188,0.75388641,0.5613016,Decreased,12-Dec,LL,LA/LA,A:A,A:A,T:T,G:A,G:G,G:A,,cases,0,0,0,0
CHAKA/01/04/0530,14,Adolescent,Male,Muslim,Pre-primary,Underweight,Non-Munganda but Ugandan,Single parent alive,low socio-economic status,No,moderate stress,Was not a premature at birth,Yes,Yes,Stage 1,667,Advanced immune compromised,5652,Unsuppressed,1.0150513,,,,10-Dec,LS,SA/LG,A:G,A:A,C:T,G:G,T:G,G:A,,cases,0,0,0,0
CHAKA/05/08/1322,,Adolescent,Male,SDA,Pre-primary,Underweight,Muganda,Single parent alive,high socioecnomic status,No,mild stress,Was not a premature at birth,Yes,Yes,Stage 2,1191,Advanced immune compromised,10,Suppressed,1.0236005,1.03608,-0.0124795,Increased,10-Dec,LS,LA/SA,A:A,A:A,C:C,G:G,T:T,G:A,,cases,0,0,0,0
CHAKA/01/04/0545,13,Adolescent,Female,Protestant,Secondary level,Overweight,Non-Munganda but Ugandan,Both parents alive,high socioecnomic status,No,severe stress,Was not a premature at birth,Yes,Yes,Stage 2,1404,Advanced immune compromised,0,Undetectable,1.3500115,0.44904835,0.9009631,Decreased,12-Dec,SS,SA/SA,A:A,A:A,C:C,G:G,T:T,G:A,,cases,0,0,1,1
CHAKA/02/04/0336,8.325805,Children,Female,Muslim,Pre-primary,Underweight,Non-Munganda but Ugandan,Single parent alive,high socioecnomic status,No,moderate stress,Was not a premature at birth,Yes,Yes,Stage 2,694,Advanced immune compromised,36,Suppressed,,,,,12-Dec,LS,LA/SA,A:A,A:A,C:T,G:G,T:T,G:A,,cases,0,0,0,0
CHAKA/01/04/0535,,Adolescent,Female,Muslim,Pre-primary,Underweight,Muganda,Both parents alive,low socio-economic status,No,severe stress,Was not a premature at birth,No,Yes,Stage 1,1025,Advanced immune compromised,252948,Unsuppressed,1.1714469,1.0441101,0.1273368,Decreased,10-Dec,LL,LA/LA,A:A,,C:C,G:G,G:G,G:G,,cases,0,0,0,0
CHAKA/05/08/1319,7.271732,Children,Female,Catholic,Pre-primary,Underweight,Muganda,Both parents alive,low socio-economic status,No,severe stress,Was not a premature at birth,Yes,Yes,Stage 2,1163,Advanced immune compromised,0,Undetectable,0.39111601,1.4570175,-1.065902,Increased,10-Dec,LS,LA/SA,A:A,G:A,C:T,G:A,T:G,G:G,,cases,0,1,0,1
CHAKA/05/08/1323,11.89322,Adolescent,Male,Catholic,Pre-primary,Underweight,Muganda,Both parents alive,high socioecnomic status,No,mild stress,Was not a premature at birth,Yes,Yes,Stage 3,981,Advanced immune compromised,10,Suppressed,0.78328387,0.87307345,-0.0897896,Increased,10-Dec,LL,LA/LG,A:G,G:A,C:C,G:G,T:G,G:G,,cases,0,0,0,0
CHAKA/01/04/0555,12,Adolescent,Female,Catholic,Pre-primary,Normal weight,Muganda,Single parent alive,high socioecnomic status,No,severe stress,Was not a premature at birth,Yes,Yes,Stage 1,1014,Advanced immune compromised,0,Undetectable,0.17994627,0.83327589,-0.6533296,Increased,10-Dec,LL,LA/LG,A:G,A:A,C:T,G:G,T:G,G:G,,cases,0,0,0,0
CHAKA/03/05/0769,16,Children,Female,Catholic,Pre-primary,Normal weight,Muganda,Single parent alive,low socio-economic status,No,severe stress,Was not a premature at birth,Yes,Yes,Stage 2,726,Advanced immune compromised,10,Suppressed,,1.0811665,,,12-Dec,LL,LA/LA,A:A,,,,,,,cases,0,0,0,0
CHAKA/02/04/1500,4.525667,Adolescent,Female,Muslim,Pre-primary,Underweight,Muganda,Both parents alive,high socioecnomic status,,moderate stress,Was not a premature at birth,Yes,Yes,Stage 1,857,Advanced immune compromised,24,Suppressed,,,,,,LL,,,,,,,,,cases,0,0,0,0
CHAKA/02/09/0722,13,Children,Male,Catholic,Pre-primary,Underweight,Non-Munganda but Ugandan,Both parents dead,low socio-economic status,No,severe stress,Was not a premature at birth,Yes,Yes,Stage 2,557,Advanced immune compromised,,,,0.91948224,,,,,,,,,,,,,cases,0,0,0,0
CHAKA/02/09/0746,12,Adolescent,Female,Born Again,Pre-primary,Underweight,Muganda,Both parents dead,high socioecnomic status,Yes,moderate stress,I don’t know,Yes,Yes,Stage 2,764,Advanced immune compromised,,,,,,,,,,,,,,,,,cases,0,0,0,0
CHAKA/03/07/1197,13,Adolescent,Male,Muslim,Pre-primary,Normal weight,Muganda,Both parents dead,low socio-economic status,No,severe stress,Was not a premature at birth,Yes,Yes,Stage 3,334,Normal CD4 range,,,,0.74344758,,,,,,,,,,,,,cases,0,0,0,0
CHAKA/03/08/1269,15,Adolescent,Female,Born Again,Secondary level,Normal weight,Non-Munganda but Ugandan,Both parents alive,low socio-economic status,No,moderate stress,Was not a premature at birth,Yes,Yes,Stage 2,,,,,,1.0917483,,,,,,,,,,,,,cases,0,0,1,1
CHAKA/05/06/1013,5.83436,Children,Female,Protestant,Pre-primary,Underweight,Non-Munganda but Ugandan,Both parents alive,low socio-economic status,No,moderate stress,Was not a premature at birth,Yes,Yes,Stage 2,,,,,,1.029607,,,,,,,,,,,,,cases,0,0,0,0
CHAKA/05/07/1199,7.583847,Children,Male,Catholic,Pre-primary,Underweight,Muganda,Both parents alive,high socioecnomic status,No,mild stress,Was not a premature at birth,Yes,Yes,Stage 2,749,Advanced immune compromised,0,Undetectable,,0.78869754,,,,,,,,,,,,,cases,0,0,0,0
